# Wavefront Obj file
# 
# verts: 5406 uv-s: 6212
mtllib Stool_lowpoly_texture.mtl

g chair
#pivot 0.000000 0.000000 0.000000

v 22.943123 74.378944 -5.448509
v 21.886705 74.419724 -8.642251
v 19.695801 73.447006 -11.396863
v 16.159826 72.949654 -12.738678
v 17.034924 73.018562 -13.487540
v 17.939856 73.433716 -14.183988
v 21.169624 75.484161 -12.080393
v 19.768192 79.705017 -15.003964
v 19.666063 78.288818 -15.092837
v 19.528234 76.866798 -15.155770
v 21.618601 79.742752 -11.789039
v 21.548758 78.320633 -11.914710
v 21.451357 76.891602 -11.999928
v 19.112801 72.932495 -7.288823
v 16.911564 72.939934 -9.472056
v 17.796885 72.954605 -10.146996
v 18.736671 73.043037 -10.787929
v 22.763594 75.467377 -8.729321
v 20.104469 73.020515 -7.890248
v 20.583193 74.281181 -11.839150
v 23.080059 76.894508 -8.623003
v 23.147892 78.353455 -8.406390
v 19.435541 83.829285 -14.421817
v 19.746374 82.504974 -14.730042
v 19.813154 81.113319 -14.892348
v 16.433422 84.847580 -12.171414
v 17.544386 84.855247 -12.986814
v 14.465172 84.797882 -14.525800
v 18.607666 84.709511 -13.776120
v 15.450785 84.841713 -15.488512
v 23.079754 82.597260 -8.188388
v 22.623924 83.895798 -8.005087
v 23.174215 79.795921 -8.336114
v 23.193121 81.204964 -8.261880
v 21.551516 82.509521 -11.561623
v 21.181152 83.794472 -11.322155
v 21.639578 81.143433 -11.694729
v 16.551567 84.810448 -8.866404
v 17.949104 84.820518 -9.578053
v 19.179087 84.834885 -10.227264
v 15.172112 84.903885 -11.280643
v 21.621651 84.748199 -7.657942
v 20.313154 84.654762 -10.836435
v 1.974576 5.630650 -3.577424
v 3.920160 5.634000 -2.122020
v 1.983842 5.635512 -2.133395
v 1.986804 5.638580 -0.675165
v 3.901900 5.630078 -3.561674
v 1.981579 5.641720 0.791145
v 1.970186 5.645270 2.257926
v 3.881578 5.643396 2.249935
v 1.955244 5.646896 3.729050
v 13.252497 5.644094 -5.662891
v 12.868410 5.642272 -7.158813
v 16.205898 5.661913 -6.481247
v 17.389513 5.672363 -6.880463
v 17.841764 5.675458 -4.963542
v 18.921762 5.693008 -5.222631
v 15.167807 5.655655 -4.380072
v 16.606436 5.665720 -4.678749
v 19.325829 5.720998 -7.566623
v 14.832539 5.653052 -6.061054
v 22.147371 6.583265 -6.013672
v 21.535814 5.985415 -5.867016
v 20.243013 5.732027 -3.225593
v 19.869778 5.725739 -5.453427
v 22.089529 7.459566 -6.016298
v 21.473215 8.012190 -5.873833
v 20.732710 5.795558 -5.664555
v 20.145613 5.799199 -7.859746
v 19.409878 5.694085 -0.923944
v 16.961184 5.670306 -0.873584
v 18.269066 5.681792 -0.901203
v 16.856943 5.668443 -2.797606
v 18.145584 5.680977 -2.955091
v 22.070456 7.989640 -0.991644
v 22.757948 7.474962 -1.005527
v 22.170107 5.955064 -0.983064
v 22.838886 6.563567 -0.996256
v 20.406919 5.726424 -0.942832
v 21.314405 5.783154 -0.960084
v 22.515251 7.451669 -3.541320
v 21.959398 5.989048 -3.454890
v 22.598476 6.573941 -3.550993
v 21.878729 7.987475 -3.478558
v 19.257065 5.698596 -3.096848
v 21.128073 5.799010 -3.345831
v 18.136404 72.936798 -6.698369
v 16.272152 72.920021 -5.739454
v 17.196251 72.928719 -6.157892
v 23.664423 75.495819 -5.349646
v 21.090479 73.049606 -4.965871
v 21.108791 73.473694 -8.351588
v 22.041550 73.596718 -5.350765
v 24.056412 78.380775 -4.582381
v 19.604856 72.938553 -0.243510
v 17.935968 72.928360 -3.291256
v 16.950771 72.921402 -3.005400
v 23.634712 74.217049 -0.200984
v 23.493587 74.355286 -2.659371
v 22.871458 73.531181 -0.294441
v 21.954357 73.117172 -0.166562
v 21.169392 73.001511 -0.263989
v 20.729952 72.965431 -1.731263
v 21.684469 73.104118 -2.407135
v 22.654572 73.555016 -2.585780
v 19.041679 72.938759 -3.616317
v 20.051695 72.951225 -4.444340
v 24.071491 79.842125 -4.478920
v 23.998526 76.830856 -4.689360
v 24.094944 75.313377 -2.075635
v 24.489643 78.325485 -0.364208
v 24.483742 79.900200 -0.446625
v 24.413315 76.597916 -0.409184
v 23.456684 83.948738 -4.362590
v 24.044674 81.267616 -4.469067
v 16.263731 84.635239 -3.062405
v 17.537762 84.812622 -6.225307
v 19.062414 84.810936 -6.745656
v 15.761125 84.781403 -5.682826
v 22.389656 84.747192 -4.172077
v 19.728556 84.803215 -3.673419
v 20.376020 84.847168 -7.213754
v 23.768021 84.037521 -0.488076
v 18.319756 84.736511 -0.363350
v 16.417351 84.656136 -0.307849
v 18.146677 84.735405 -3.376879
v 22.636242 84.792725 -0.498086
v 21.319622 84.827545 -0.464791
v 19.938049 84.784286 -0.425663
v 21.105005 84.835403 -3.940735
v 23.931776 82.652031 -4.435372
v 10.091925 5.667491 8.007030
v 9.796280 5.674325 9.469552
v 10.593682 5.683777 10.637396
v 9.647671 5.681224 10.791387
v 5.372972 5.665702 10.000278
v 6.947290 5.667684 9.769424
v 5.380309 5.677066 11.921778
v 8.406501 5.670069 9.504671
v 3.720417 5.654729 8.379889
v 5.425742 5.657032 8.229317
v 3.695303 5.664174 10.200315
v 1.889578 5.663332 10.324770
v 1.903241 5.653777 8.479957
v 24.272842 82.732628 -0.485221
v 24.437922 81.336449 -0.454669
v 3.296968 42.199200 4.299456
v 3.291075 43.551014 4.294075
v 2.569121 43.540947 4.760931
v 1.768723 43.531200 5.126323
v 1.770094 42.180336 5.130831
v 0.905797 43.525719 5.353384
v 3.303947 40.846611 4.309360
v 2.565679 42.187687 4.754834
v 1.767983 40.831955 5.129636
v 0.904372 40.828827 5.371759
v 0.907200 42.175228 5.371073
v 3.297303 38.151752 4.334217
v 2.565246 39.491364 4.775678
v 2.552314 38.145802 4.785569
v 3.297350 39.497688 4.315432
v 2.569317 40.838848 4.770487
v 1.760294 39.487431 5.138020
v 0.892484 38.141376 5.380607
v 0.898890 39.485336 5.364106
v 3.283709 36.806286 4.345241
v 1.750363 38.142952 5.148235
v 1.734382 36.796001 5.152801
v 0.887954 36.793118 5.411608
v 3.912485 34.118282 3.836086
v 3.270417 35.463486 4.367340
v 2.518614 34.109108 4.835338
v 2.528533 36.802258 4.777550
v 2.528770 35.455631 4.815368
v 1.729079 35.449039 5.172452
v 0.881889 35.441360 5.413640
v 10.502947 5.662512 6.670437
v 12.084772 5.670544 7.018679
v 8.599314 5.662603 7.979331
v 8.840012 5.656263 6.505538
v 10.891729 5.657866 5.284094
v 9.355700 5.646832 3.719561
v 9.117160 5.651102 5.126522
v 5.500043 5.650894 6.616672
v 7.183736 5.652319 6.532000
v 7.031987 5.658811 8.055779
v 3.760642 5.649238 6.718638
v 5.589257 5.646651 5.125731
v 5.671210 5.643975 3.680207
v 1.919410 5.648531 6.790962
v 3.802809 5.646939 5.181393
v 1.937787 5.647128 5.224429
v 4.967439 42.227329 2.364951
v 4.506282 42.219288 3.101792
v 4.492137 43.571209 3.089222
v 3.945984 42.208874 3.748255
v 4.981084 40.873684 2.372037
v 4.512352 40.864990 3.106499
v 3.952258 40.856514 3.756968
v 5.575665 42.242527 0.683211
v 5.554404 44.934471 0.648141
v 5.613309 39.529739 0.721364
v 5.595716 40.887180 0.699948
v 5.317508 43.585411 1.539992
v 5.340979 40.881401 1.557116
v 5.311123 42.235062 1.540965
v 3.932901 43.562889 3.728978
v 4.993034 36.816002 2.411737
v 4.987503 38.165688 2.387775
v 4.991327 39.518925 2.378238
v 4.515512 38.161961 3.122333
v 4.530073 39.512062 3.124576
v 3.952197 39.505013 3.758565
v 5.367384 36.816311 1.615330
v 4.522595 36.813488 3.148016
v 3.949943 36.811981 3.798867
v 3.953567 38.156143 3.777328
v 5.610372 38.172611 0.748389
v 5.372605 38.169983 1.590643
v 5.341788 39.524879 1.565909
v 5.614070 35.464642 0.818926
v 4.995081 35.466137 2.442012
v 4.980336 34.116024 2.478878
v 4.501781 34.117577 3.201466
v 4.518980 35.467911 3.178823
v 14.209481 5.676516 6.084899
v 5.709822 35.465717 -0.026014
v 5.615043 36.817211 0.780867
v 5.608835 34.111000 0.865440
v 5.371052 35.464840 1.652946
v 3.931433 35.465263 3.810233
v 3.874454 31.401390 3.902818
v 12.628582 5.666681 5.615248
v 3.846089 30.035948 3.934965
v 17.941565 5.689478 3.228672
v 19.062176 5.704748 3.452111
v 16.648848 5.679344 2.979427
v 18.211077 5.684445 1.166084
v 19.344885 5.703754 1.270202
v 15.366291 5.664489 0.961085
v 16.892578 5.675236 1.063658
v 22.080202 5.996268 1.520115
v 22.655348 7.475212 1.573181
v 3.706040 24.623192 4.043915
v 20.921108 5.801923 3.837246
v 20.040701 5.734859 3.656567
v 21.990942 8.001715 1.505320
v 22.749905 6.576443 1.577677
v 21.242352 5.789658 1.442305
v 20.344940 5.735670 1.360821
v 4.206054 23.330412 3.588773
v 19.503578 5.741993 5.901628
v 18.740543 5.748230 8.051139
v 15.611042 5.686673 6.614667
v 18.553766 5.712188 5.588732
v 16.211746 5.682643 4.850975
v 17.472496 5.695132 5.231925
v 21.149158 6.006315 6.434248
v 21.608316 7.466101 6.591650
v 21.768141 6.597378 6.631475
v 20.953480 7.928295 6.389922
v 21.731180 6.016698 4.000680
v 22.279516 7.481284 4.116923
v 22.371271 6.596898 4.132880
v 21.620646 7.993883 3.992280
v 20.357649 5.792460 6.180543
v 11.512486 5.649677 2.370981
v 11.249310 5.653751 3.862453
v 9.553185 5.642513 2.282696
v 9.682094 5.638168 0.805459
v 7.616995 5.638958 2.245459
v 7.495367 5.642918 3.675638
v 7.340303 5.646913 5.084942
v 5.742099 5.640423 2.242177
v 3.845054 5.645098 3.706456
v 7.704398 5.634043 0.796496
v 3.921327 5.636599 -0.668530
v 3.907567 5.639799 0.791564
v 5.793644 5.636698 0.792801
v 5.617702 42.242840 -1.097450
v 5.601786 43.592411 -1.129536
v 5.688752 40.889442 -0.181700
v 5.686117 42.244888 -0.209926
v 5.639936 40.889809 -1.060081
v 5.480968 39.531918 -1.871016
v 5.389321 43.588814 -1.990887
v 5.057477 44.934216 -2.834535
v 5.090019 42.233662 -2.776610
v 5.063218 43.585041 -2.804954
v 4.686799 42.228127 -3.549748
v 4.640377 44.933285 -3.599182
v 5.466722 40.885773 -1.926734
v 5.414207 42.239841 -1.957286
v 5.166617 39.526730 -2.699987
v 5.134544 40.881519 -2.738482
v 4.719607 40.874905 -3.518625
v 5.704295 39.532681 -0.147205
v 5.197529 38.174564 -2.653210
v 5.717487 38.174400 -0.111237
v 5.686838 38.177570 -0.969799
v 5.660713 39.532028 -1.018569
v 5.684395 36.822155 -0.923906
v 5.539601 36.825176 -1.781693
v 5.502265 38.176201 -1.824426
v 4.786272 38.168915 -3.454487
v 4.770688 39.522152 -3.491521
v 5.231458 36.821911 -2.618501
v 4.820581 35.467411 -3.389035
v 4.808267 36.817657 -3.421636
v 5.741505 34.113781 0.016599
v 5.705004 36.820072 -0.069665
v 5.748306 34.114662 -0.839170
v 5.701113 35.470627 -0.881572
v 5.581588 34.118923 -1.707989
v 5.561866 35.471317 -1.739610
v 5.293368 34.117920 -2.561816
v 5.252709 35.471642 -2.584160
v 4.276093 35.464111 -4.144700
v 9.746235 5.634995 -0.688598
v 9.755503 5.631889 -2.185634
v 11.763833 5.642255 -0.732494
v 7.756732 5.627846 -2.126527
v 11.660911 5.636785 -3.834254
v 7.725815 5.625591 -3.573424
v 7.753158 5.630970 -0.667605
v 5.820966 5.632717 -0.662651
v 5.824576 5.629558 -2.114845
v 5.798048 5.626605 -3.549503
v 4.151376 42.221001 -4.248005
v 4.177647 40.868137 -4.214981
v 3.499369 42.214840 -4.852189
v 2.739767 43.567192 -5.387552
v 1.903911 43.566605 -5.792769
v 1.906322 42.209408 -5.787106
v 0.986089 42.212097 -6.089920
v 3.565994 39.511127 -4.847375
v 2.788130 39.507874 -5.376033
v 3.523566 40.863209 -4.839372
v 2.750481 42.211758 -5.375218
v 0.980892 43.566303 -6.048484
v 0.988712 40.854561 -6.099691
v 4.247251 38.163673 -4.186216
v 4.213800 39.516514 -4.201752
v 4.271218 36.812386 -4.172380
v 3.589784 38.159641 -4.844654
v 2.765173 40.857784 -5.367249
v 1.922288 39.503963 -5.789724
v 2.825837 36.805939 -5.385511
v 2.802916 38.156319 -5.371127
v 1.943842 36.805645 -5.790996
v 1.939952 38.154358 -5.809298
v 0.997355 36.805145 -6.071034
v 0.990224 39.502991 -6.086435
v 1.912492 40.856976 -5.789435
v 1.006595 35.460136 -6.101807
v 0.994164 38.152660 -6.077861
v 4.305721 34.115623 -4.135792
v 3.597610 36.808811 -4.823079
v 3.630616 34.114811 -4.806887
v 3.618784 35.460201 -4.819307
v 2.862484 32.768131 -5.365370
v 1.960341 34.113888 -5.786880
v 1.950925 35.458199 -5.790644
v 1.011452 34.114376 -6.100545
v 17.941650 72.928513 2.858280
v 19.054413 72.937569 3.257513
v 18.278410 72.929489 -0.158165
v 17.180162 72.922447 -0.189730
v 16.221754 72.906204 -0.168354
v 16.012951 72.901482 2.461761
v 23.496014 74.364685 1.980901
v 22.956348 74.369934 4.911237
v 22.116327 73.543831 4.728496
v 21.109007 73.088928 4.507171
v 22.642746 73.559456 2.168944
v 20.731094 72.977776 1.420715
v 21.676859 73.118309 1.857002
v 18.181656 72.937347 6.152303
v 19.183413 72.964622 6.744414
v 17.234549 72.929878 5.722144
v 16.957106 72.920578 2.659730
v 16.300709 72.918884 5.327286
v 23.618055 75.557602 4.564405
v 20.056477 72.970238 3.905404
v 24.143978 74.999458 -0.370820
v 24.029850 75.329109 1.593444
v 24.077343 78.460007 3.752109
v 23.942505 76.872078 4.049027
v 9.571843 5.628213 -5.103366
v 9.688468 5.629960 -3.655789
v 7.636503 5.623353 -4.990341
v 11.460151 5.635470 -5.322690
v 9.362309 5.627137 -6.508402
v 11.190323 5.634390 -6.769456
v 5.663931 5.619947 -6.374659
v 5.747951 5.623258 -4.969442
v 3.867783 5.625591 -4.984801
v 7.516087 5.622094 -6.394738
v 7.341333 5.621343 -7.786073
v 3.821067 5.620765 -6.401228
v 1.956999 5.625353 -5.006582
v 1.906213 5.615082 -7.859686
v 1.933649 5.619734 -6.429772
v 9.118233 5.626814 -7.897129
v 8.820422 5.626542 -9.261215
v 10.426160 5.632527 -9.505932
v 7.157870 5.621753 -9.184478
v 5.565140 5.618149 -7.783672
v 5.444795 5.617267 -9.204088
v 23.346022 84.012939 3.419525
v 23.867023 82.762482 3.543079
v 5.326084 5.618745 -10.642964
v 6.961176 5.622562 -10.584127
v 3.760056 5.616187 -7.822647
v 3.693469 5.615061 -9.261229
v 1.874381 5.613925 -9.309149
v 1.840333 5.614577 -10.783203
v 3.621724 5.616126 -10.723116
v 18.066730 84.717247 2.695039
v 16.186350 84.671402 2.490431
v 22.267464 84.741119 3.258174
v 21.007938 84.813202 3.059329
v 19.640331 84.777374 2.888498
v 3.497600 5.622410 -13.692117
v 1.806779 5.617417 -12.279148
v 22.497601 84.092400 7.252665
v 23.157013 81.431572 7.532318
v 18.880894 84.826683 6.093069
v 17.364773 84.842194 5.667797
v 15.593770 84.841087 5.207493
v 21.420862 84.802605 6.872941
v 20.182079 84.828018 6.495227
v 24.043341 81.390030 3.600400
v 24.081621 79.948326 3.678442
v 5.452881 5.689533 13.857419
v 7.071419 5.690336 13.463138
v 7.303965 5.702801 15.183129
v 3.729929 5.689026 14.124539
v 5.607831 5.702627 15.672322
v 6.937120 5.678167 11.580276
v 3.691594 5.676065 12.152495
v 14.950289 5.706413 10.616096
v 12.912464 5.696970 11.229918
v 13.560963 5.680508 7.598060
v 14.846124 5.690880 8.270103
v 13.956256 5.694224 9.816091
v 12.798321 5.683517 8.993817
v 11.992810 5.687394 10.341150
v 8.911139 5.703314 14.513398
v 11.065893 5.689821 11.387083
v 9.943233 5.691008 12.263732
v 8.562362 5.690521 12.883135
v 10.393476 5.704394 13.596603
v 16.015635 7.942086 14.683173
v 15.210211 5.751419 13.741610
v 13.076360 5.729673 14.548977
v 10.940725 5.717912 14.859809
v 11.480651 5.741204 15.891431
v 13.668074 5.755646 15.345324
v 13.774874 5.709348 12.186569
v 14.532195 5.728685 13.019735
v 11.751067 5.700496 12.552793
v 12.427896 5.712713 13.604170
v 18.936745 7.908153 10.856000
v 19.225660 6.042217 10.975742
v 19.776752 6.645487 11.309495
v 19.592049 7.524097 11.218398
v 18.525116 5.804000 10.551157
v 15.823056 5.726277 11.343206
v 17.767710 5.751484 10.079183
v 16.585402 5.757078 11.979888
v 16.804356 5.698889 7.147032
v 17.839277 5.716284 7.626482
v 15.967064 5.706309 8.937572
v 16.924416 5.723001 9.546600
v 20.884912 6.621957 9.028337
v 20.300699 6.030628 8.765761
v 20.709915 7.477921 8.960787
v 19.549768 5.829866 8.425213
v 16.413565 6.034660 14.959745
v 16.829790 6.700232 15.373519
v 16.537018 7.500493 15.137020
v 15.828367 5.822990 14.377606
v 18.417419 6.671997 13.438303
v 17.591780 7.967577 12.879189
v 18.184887 7.534514 13.287998
v 17.927441 6.031463 13.052840
v 17.278713 5.810985 12.540308
v 1.886434 5.675327 12.287484
v 17.947901 72.952248 9.409863
v 15.531891 72.943604 11.233864
v 16.381762 72.950516 11.873836
v 18.916348 73.073616 9.982782
v 17.035048 72.934311 8.829674
v 21.310595 75.599007 11.173104
v 20.746174 74.342400 10.962530
v 19.899471 73.484825 10.525269
v 22.748268 75.548935 8.018992
v 22.128376 74.345116 7.914734
v 20.182169 73.059181 7.219232
v 21.207869 73.485779 7.682227
v 21.595501 78.528473 11.158700
v 21.531384 77.032524 11.205260
v 23.172888 78.499374 7.696140
v 23.191740 79.998550 7.596200
v 23.084145 77.005737 7.804492
v 19.072954 74.271217 13.821689
v 19.549500 75.556915 14.160846
v 16.119829 73.471397 15.645657
v 18.230164 73.409019 13.216195
v 17.305176 73.020775 12.571115
v 19.749556 78.512436 14.316113
v 19.706059 77.023857 14.266742
v 21.571665 81.428345 11.068643
v 20.997992 84.053085 10.729128
v 21.410393 82.789307 10.970178
v 21.612024 80.003853 11.122816
v 23.030888 82.826309 7.439273
v 18.885944 84.822639 9.655485
v 17.663219 84.823952 9.070156
v 14.792206 84.716972 10.873511
v 16.266750 84.831512 8.427529
v 20.020851 84.762802 10.236867
v 19.596113 82.824402 14.241096
v 19.749008 79.990883 14.330873
v 19.704552 81.425110 14.314706
v 19.168228 84.126022 13.934428
v 18.213137 84.813141 13.243793
v 16.042158 84.767097 11.722116
v 17.154751 84.802124 12.491597
v 3.955515 5.715774 17.620144
v 1.937529 5.701593 16.147787
v 3.817788 5.702323 15.980902
v 2.003721 5.717394 17.822763
v 5.830459 5.715279 17.249187
v 6.096204 5.735379 18.565201
v 4.134238 5.734426 19.006462
v 2.370639 8.168666 21.833277
v 2.400296 6.038707 22.389759
v 2.448742 7.732368 22.653021
v 2.467453 6.811827 22.974474
v 2.092477 5.737486 19.255241
v 2.297887 5.809414 21.473848
v 2.194332 5.761590 20.454096
v 4.723611 6.095024 21.983860
v 4.806917 7.689268 22.247171
v 4.864054 6.809083 22.553535
v 6.782310 8.052891 20.856022
v 6.939228 6.102397 21.371740
v 7.127287 6.799612 21.908337
v 7.037607 7.648069 21.598619
v 4.654543 8.122225 21.466528
v 6.382714 5.768061 19.650095
v 6.664196 5.861488 20.564205
v 4.331934 5.764174 20.159521
v 4.534241 5.816895 21.134993
v 8.397975 5.679946 11.234447
v 11.529361 5.674801 8.386236
v 10.965120 5.679198 9.578522
v 10.662920 7.920436 18.948078
v 10.212500 5.759754 17.950949
v 10.627378 5.840450 18.746704
v 7.977275 5.734184 17.907766
v 8.339604 5.771586 18.917051
v 9.327356 5.716754 15.879379
v 7.619674 5.716421 16.679207
v 9.772018 5.732002 17.017120
v 12.909946 7.457366 18.224173
v 12.924582 6.049000 18.168243
v 12.509829 7.915701 17.713341
v 13.180723 6.751184 18.543951
v 12.471522 5.834556 17.497955
v 14.297338 7.925897 16.299015
v 14.723225 6.055531 16.659321
v 14.768185 7.481247 16.781528
v 15.048899 6.735457 17.066141
v 14.210944 5.821864 16.037510
v 11.989458 5.778324 16.754637
v 11.028324 6.072074 19.454136
v 11.268721 6.765574 19.879393
v 11.040427 7.489285 19.528057
v 8.778353 7.969872 20.004404
v 9.040187 6.075325 20.542141
v 9.106756 7.580442 20.690418
v 9.277600 6.778768 21.036924
v 8.697873 5.838103 19.774055
v 3.904174 32.762585 3.873420
v 3.261680 34.114124 4.394041
v 3.250597 32.761471 4.431149
v 2.483411 31.401712 4.879647
v 2.503641 32.757057 4.850120
v 1.705021 32.753437 5.169565
v 1.692202 31.402901 5.201607
v 0.875695 34.093430 5.394385
v 1.723584 34.099628 5.185789
v 0.860073 31.404758 5.397497
v 3.111295 72.938522 18.660358
v 2.719732 72.916405 16.732212
v 2.906603 72.927353 17.687773
v 6.128681 72.934906 17.954441
v 6.523332 72.932709 18.913513
v 5.373849 72.920372 16.101326
v 5.738272 72.928116 17.015860
v 8.922843 72.940079 16.793020
v 3.961298 74.098396 22.883936
v 4.043796 75.381981 23.592621
v 3.771219 73.275497 21.858423
v 3.331326 72.938118 19.662106
v 6.964257 72.971481 19.941841
v 3.556806 72.937981 20.718851
v 3.998424 78.409828 23.956558
v 4.039379 76.876236 23.883120
v 10.077264 72.999428 18.617487
v 8.408926 72.928146 15.912269
v 9.512504 72.930527 17.711113
v 14.581777 75.506683 19.076384
v 12.894608 73.039024 16.947321
v 14.242510 74.273941 18.577778
v 12.128973 72.939606 16.056620
v 13.601563 73.389603 17.766262
v 4.952307 32.761955 2.509260
v 4.487527 32.763592 3.243928
v 4.469690 31.403152 3.282514
v 5.598056 32.758587 0.909870
v 5.585932 31.403852 0.966423
v 5.338808 31.404781 1.792479
v 5.331476 32.759640 1.733499
v 5.359643 34.113117 1.688449
v 14.626481 78.459282 19.439552
v 14.548982 79.941216 19.470526
v 14.692547 76.969215 19.337635
v 7.917672 75.420975 22.605619
v 11.186923 74.208527 20.451694
v 11.465619 75.483513 21.067320
v 7.729088 74.171036 21.957123
v 10.694489 73.395851 19.623438
v 7.388471 73.339363 20.960878
v 7.848104 78.420219 22.997557
v 7.923774 76.904350 22.887178
v 11.418420 78.440109 21.406687
v 11.325308 79.927971 21.450695
v 11.481992 76.935295 21.313871
v 16.810287 74.302635 16.278208
v 17.235552 75.578362 16.715139
v 17.333334 78.490372 16.972866
v 17.340315 77.004509 16.904470
v 14.751850 5.672421 4.455233
v 13.411309 5.658507 2.524852
v 13.072190 5.662515 4.114779
v 15.136246 5.668747 2.741790
v 13.612830 5.654607 0.883731
v 11.685489 5.645622 0.831615
v 2.880691 84.625626 17.287905
v 3.115065 84.649284 19.030005
v 6.152461 84.776253 18.419926
v 5.681483 84.754997 16.781076
v 3.750593 84.099777 23.067568
v 3.912935 81.404686 23.906349
v 7.433053 84.094963 22.226236
v 7.624059 82.823685 22.826269
v 3.869149 82.827003 23.673744
v 3.566936 84.714806 21.849026
v 6.609197 84.750191 19.805916
v 7.024311 84.746315 21.095036
v 3.341602 84.679085 20.515102
v 5.749415 32.756859 0.068199
v 5.735312 31.404673 -0.759379
v 5.746291 32.760918 -0.802905
v 5.610913 32.760548 -1.676983
v 5.299042 32.764954 -2.539124
v 4.874722 32.764729 -3.362239
v 4.352860 31.413980 -4.125967
v 4.860380 34.118538 -3.384429
v 13.960916 84.008255 18.890293
v 14.338392 82.782936 19.385023
v 14.487097 81.382118 19.498035
v 9.681333 84.809433 18.637035
v 10.319909 84.780441 19.797009
v 8.347218 84.808624 15.910422
v 9.038028 84.809685 17.362169
v 13.285937 84.768547 18.042250
v 15.944059 84.769661 15.837455
v 11.682382 84.816086 15.895679
v 12.515622 84.829918 16.989759
v 7.781447 79.928169 23.033222
v 7.723061 81.398079 23.003487
v 11.129351 82.775597 21.276995
v 10.827065 84.035103 20.798643
v 11.244550 81.380165 21.439631
v 16.738453 84.062035 16.626369
v 17.105988 82.772797 16.947050
v 17.284323 79.962105 17.016571
v 17.217098 81.390617 17.015322
v 15.436206 5.661015 -0.834599
v 13.689598 5.651190 -0.783637
v 15.367241 5.658256 -2.621692
v 13.656196 5.648499 -2.450248
v 11.748343 5.639267 -2.291417
v 13.504061 5.645939 -4.079375
v 4.335638 32.767334 -4.141151
v 3.657767 32.766655 -4.806558
v 3.681606 31.416847 -4.815192
v 2.892774 31.419603 -5.385606
v 2.823607 35.459229 -5.354528
v 1.976906 32.769573 -5.799222
v 2.844695 34.113102 -5.360596
v 1.988745 31.423962 -5.806530
v 1.026434 31.428188 -6.126712
v 1.017670 32.771614 -6.102333
v 3.692987 28.719872 -4.759247
v 3.673312 30.066006 -4.771021
v 2.894176 28.727041 -5.328417
v 2.943059 27.389004 -5.348663
v 2.882754 30.071173 -5.346967
v 1.997403 30.077690 -5.804251
v 2.006945 28.733118 -5.794343
v 1.030640 30.082260 -6.123129
v 1.035961 28.738001 -6.114976
v 3.783461 26.057915 -4.699521
v 3.747884 27.382427 -4.761426
v 2.993386 26.066938 -5.326168
v 2.038945 27.395252 -5.813979
v 2.073173 26.069206 -5.796821
v 3.884122 24.760056 -4.645872
v 3.062995 24.767118 -5.279147
v 2.129406 24.773294 -5.780490
v 1.052232 27.397709 -6.136986
v 1.073310 26.071600 -6.142624
v 1.101462 24.769951 -6.133488
v 3.977523 23.497166 -4.533103
v 3.225050 22.312328 -5.109632
v 3.150673 23.511013 -5.211943
v 2.183698 23.515169 -5.727266
v 4.064242 22.300423 -4.372408
v 3.295776 21.197115 -4.990618
v 2.338433 20.187010 -5.577735
v 2.274056 21.214323 -5.602171
v 2.237484 22.324877 -5.663576
v 1.147846 22.329884 -6.007552
v 1.176641 21.225822 -6.025474
v 1.128429 23.518148 -6.082392
v 3.713194 19.188124 -5.042769
v 3.377514 20.177851 -4.909164
v 2.454063 19.276918 -5.767292
v 2.818001 18.610840 -6.439493
v 1.190856 20.219721 -6.009964
v 1.258028 19.324837 -6.202181
v 1.345986 18.703369 -6.809216
v 2.813467 18.096315 -7.296070
v 1.418461 18.185326 -7.583922
v 3.952310 79.926765 23.966320
v 10.817176 5.632874 -8.154875
v 10.014910 5.632945 -10.796070
v 8.541523 5.627629 -10.621614
v 6.797812 5.625152 -11.991355
v 8.117977 5.632179 -13.238644
v 8.283679 5.629275 -11.943789
v 3.553248 5.618708 -12.204288
v 5.214641 5.621401 -12.095203
v 5.136827 5.624960 -13.548145
v 6.653868 5.632660 -14.725908
v 6.678694 5.628467 -13.376740
v 1.756899 5.626118 -15.265803
v 3.470107 5.627328 -15.156223
v 1.776936 5.621294 -13.781796
v 20.134115 6.022661 -10.182930
v 20.619751 7.439322 -10.402586
v 20.067532 7.969545 -10.145121
v 20.649677 6.613139 -10.412761
v 20.907358 6.010462 -8.125291
v 20.853621 8.005850 -8.125656
v 21.472942 6.597787 -8.330276
v 21.434868 7.453756 -8.317747
v 16.207840 5.689515 -12.198426
v 18.638287 5.728181 -9.493005
v 19.421608 5.799829 -9.853471
v 17.851627 5.718730 -11.202839
v 18.588043 5.800548 -11.621607
v 14.377988 5.650634 -7.644701
v 15.675550 5.659366 -8.155128
v 16.794643 5.669878 -8.642273
v 17.775541 5.693347 -9.093929
v 16.101675 5.673568 -10.229729
v 17.026569 5.689771 -10.738017
v 18.414122 5.692874 -7.239721
v 16.683475 5.821671 -14.570526
v 17.189390 7.969726 -14.978395
v 17.259520 6.067680 -15.030976
v 17.605131 7.416672 -15.316842
v 17.646736 6.648062 -15.345845
v 18.706106 6.644360 -13.873278
v 18.663202 7.405893 -13.842259
v 16.040085 5.724257 -14.059409
v 16.977713 5.740328 -12.708339
v 17.670502 5.838232 -13.171684
v 19.171831 7.932317 -11.931273
v 19.249596 6.049223 -11.990810
v 19.677601 7.420225 -12.228021
v 19.710917 6.630590 -12.251376
v 18.195446 7.913662 -13.519049
v 18.287558 6.070633 -13.591990
v 13.813496 5.649002 -9.104432
v 13.198419 5.647824 -10.449096
v 11.886268 5.639917 -9.907546
v 11.369532 5.639637 -11.169147
v 12.412529 5.641035 -8.578401
v 15.038896 5.658413 -9.671890
v 11.967928 5.653644 -14.420478
v 12.655117 5.664586 -15.112001
v 11.536714 5.661101 -16.054752
v 14.358205 5.676942 -14.696248
v 15.008819 5.731873 -15.289680
v 10.863803 5.640008 -12.316084
v 12.553518 5.646980 -11.680922
v 11.906857 5.646698 -12.807833
v 12.817544 5.654901 -13.414125
v 13.625188 5.666146 -14.058514
v 14.512238 5.665161 -12.909018
v 14.337443 5.656612 -11.045218
v 15.329402 5.668344 -11.635621
v 13.594861 5.654986 -12.285262
v 15.315856 5.682220 -13.501989
v 8.065195 5.635723 -14.449567
v 10.083452 5.641441 -14.032491
v 8.193131 5.640700 -15.589538
v 9.466268 5.642918 -15.117640
v 10.995018 5.651300 -15.294250
v 9.662882 5.634406 -12.047153
v 9.380418 5.636441 -13.184856
v 9.275013 5.639091 -14.206108
v 11.230625 5.646711 -13.786209
v 10.425328 5.640928 -13.330400
v 10.482574 5.645115 -14.572618
v 16.362959 84.661835 -16.411713
v 17.337809 81.082176 -17.640440
v 17.325071 82.466522 -17.500841
v 17.063292 83.772972 -17.140995
v 13.670644 84.684685 -18.776995
v 12.068649 84.800415 -16.610437
v 12.873104 84.848328 -17.720379
v 8.622580 84.766083 -16.876137
v 9.267961 84.791183 -18.327541
v 14.533992 82.484634 -20.085394
v 14.273557 83.815567 -19.656015
v 9.907877 84.836746 -19.566702
v 10.498035 84.664619 -20.733679
v 14.531752 81.073311 -20.230984
v 11.148392 81.051033 -22.218792
v 10.986269 83.796684 -21.674715
v 11.147491 82.460548 -22.104582
v 5.810619 84.624153 -17.966669
v 5.409188 84.522858 -16.034010
v 7.951140 84.742516 -15.171074
v 2.713935 84.434021 -16.531525
v 6.661241 84.834312 -20.924788
v 7.092321 84.739777 -22.208569
v 6.250624 84.738579 -19.563700
v 3.336881 84.836571 -21.699423
v 3.531156 84.684654 -23.016640
v 2.920370 84.602203 -18.568285
v 3.124798 84.730637 -20.275743
v 7.451124 79.599686 -23.773355
v 7.504106 81.040550 -23.773882
v 7.418134 83.864716 -23.278679
v 7.543883 82.478653 -23.712460
v 17.143135 76.857834 -17.844543
v 17.214478 78.270851 -17.800959
v 17.272242 79.682678 -17.743132
v 15.866446 73.459435 -16.607023
v 18.744793 74.251152 -14.786825
v 16.589237 74.268791 -17.283474
v 17.024378 75.476906 -17.725588
v 19.283648 75.480438 -15.083096
v 14.433352 78.233620 -20.329857
v 13.580873 73.427536 -18.633921
v 14.185843 74.265572 -19.418119
v 14.500512 75.413078 -19.999891
v 14.198869 72.954895 -15.012737
v 12.788452 73.037285 -17.806387
v 15.038081 73.036926 -15.812727
v 9.299050 72.935600 -18.642427
v 8.570898 72.937798 -17.629410
v 10.300924 73.055260 -19.433519
v 10.015018 72.922539 -14.327006
v 10.562036 72.928482 -15.191895
v 7.659232 72.920135 -15.726923
v 8.099240 72.928108 -16.662563
v 11.191957 72.935860 -16.074083
v 14.496427 76.811600 -20.288984
v 14.481000 79.662315 -20.275421
v 11.227203 76.663887 -22.156576
v 11.100779 78.182205 -22.259848
v 11.090726 79.623688 -22.262093
v 11.608982 74.268478 -21.020737
v 9.134175 74.265572 -22.281963
v 8.938340 75.156990 -22.924791
v 11.640044 75.388649 -21.752865
v 8.806060 73.507751 -21.492191
v 11.145123 73.531830 -20.269508
v 5.742011 72.938637 -18.864534
v 5.382681 72.928017 -17.754791
v 5.145582 72.921684 -16.737011
v 2.549998 72.923706 -17.343386
v 2.675370 72.928360 -18.389269
v 2.452793 72.913177 -16.333408
v 5.089066 73.121407 -21.732616
v 4.881503 73.503258 -22.752995
v 6.897886 73.528397 -22.374420
v 5.073464 74.208839 -23.579113
v 7.152647 74.103806 -23.033123
v 7.237181 74.816910 -23.558859
v 2.881681 72.956238 -20.707541
v 6.127968 72.956169 -20.199169
v 8.033164 73.132462 -20.804266
v 6.602006 73.181503 -21.683205
v 2.578867 73.050095 -21.945728
v 2.533772 73.452232 -23.061152
v 2.770046 72.937950 -19.491060
v 16.049721 7.949584 -16.286839
v 16.439123 7.404482 -16.644310
v 16.476555 6.652783 -16.673096
v 13.073643 5.797920 -18.125338
v 11.560968 5.779688 -19.148235
v 13.525203 6.024013 -18.712215
v 13.443366 7.899759 -18.615007
v 11.911949 7.890547 -19.673315
v 11.961843 6.005950 -19.782423
v 12.242283 6.593927 -20.213688
v 13.824862 6.615217 -19.111193
v 13.794134 7.386306 -19.067469
v 13.285051 5.679722 -15.787905
v 13.874716 5.714587 -16.429905
v 12.077232 5.674297 -16.795341
v 12.587643 5.710485 -17.484858
v 15.604959 5.818956 -15.842461
v 14.411061 5.812137 -17.020786
v 16.128040 6.078865 -16.336714
v 14.894874 6.065365 -17.556442
v 15.175695 7.390830 -17.884295
v 14.799866 7.881928 -17.468449
v 14.323071 8.174469 -16.939905
v 15.214149 6.641108 -17.911428
v 9.137129 5.670853 -18.524755
v 9.508514 5.692454 -19.336435
v 10.689278 5.676239 -17.709291
v 11.133842 5.708712 -18.458260
v 9.820654 5.649162 -16.024069
v 10.246913 5.659344 -16.895866
v 12.212390 7.378434 -20.170090
v 8.572098 6.555424 -22.134235
v 8.560140 7.376276 -22.087955
v 9.876050 5.779091 -20.075865
v 8.350668 5.963272 -21.618851
v 8.344059 7.875710 -21.494535
v 10.229105 5.991522 -20.755846
v 10.190590 7.859309 -20.632462
v 10.467222 7.373767 -21.187313
v 10.478013 6.574854 -21.234640
v 5.423246 5.651399 -18.743034
v 7.151855 5.653909 -18.254459
v 7.435793 5.667642 -19.223145
v 5.146846 5.634957 -16.331263
v 5.106016 5.629734 -14.972477
v 5.255717 5.641740 -17.594057
v 6.730380 5.637810 -15.999667
v 6.904304 5.644435 -17.181541
v 8.445269 5.648686 -16.651766
v 8.769939 5.657674 -17.632841
v 1.776545 5.640496 -18.038687
v 1.823422 5.652607 -19.273829
v 3.638685 5.649333 -19.082195
v 3.776728 5.662721 -20.167562
v 1.756271 5.632272 -16.694141
v 3.478619 5.633106 -16.563992
v 3.536083 5.640062 -17.878010
v 6.364889 7.858817 -22.183670
v 4.286413 5.953027 -22.827721
v 4.318519 7.934110 -22.736816
v 4.423604 7.391881 -23.363396
v 4.419919 6.543581 -23.413702
v 6.365495 5.922742 -22.334930
v 6.541584 6.538213 -22.886404
v 6.544543 7.381282 -22.831659
v 5.639019 5.663169 -19.776630
v 6.120733 5.750702 -21.547974
v 7.744285 5.695791 -20.094076
v 5.873591 5.689546 -20.704996
v 8.052061 5.756997 -20.888618
v 1.893747 5.674859 -20.395121
v 1.976351 5.700765 -21.400787
v 2.069747 5.753966 -22.314571
v 4.114975 5.739992 -22.024704
v 2.163057 5.894065 -23.177544
v 2.188943 8.062331 -23.131586
v 2.233162 6.528522 -23.800869
v 2.242426 7.436468 -23.767107
v 3.943677 5.697131 -21.142900
v 3.702623 79.595322 -24.628201
v 3.741000 81.040688 -24.599752
v 3.695835 83.786209 -24.038038
v 3.744769 82.446434 -24.461306
v 7.342878 76.383934 -23.680977
v 7.415213 78.057541 -23.766642
v 3.639632 78.131004 -24.628502
v 5.713943 75.138336 -23.942064
v 3.507774 76.611641 -24.575380
v 2.659828 74.207237 -23.942377
v 2.938413 75.327606 -24.474348
v 11.603369 8.604735 16.528555
v 12.058752 8.280475 17.144386
v 13.807017 8.287823 15.775591
v 9.118924 9.337193 16.299006
v 9.022346 10.184622 16.102133
v 9.474765 8.888697 16.931160
v 8.110129 8.586114 18.543251
v 11.139686 8.925211 15.901140
v 9.865000 8.580089 17.630266
v 8.438192 8.285275 19.290905
v 10.276423 8.270404 18.311777
v 4.483958 8.395139 20.634691
v 6.533155 8.341154 20.071823
v 2.215127 8.723039 20.109631
v 2.295451 8.441300 20.970304
v 7.496136 9.328068 17.097950
v 5.813795 9.360797 17.752687
v 7.778822 8.896800 17.787823
v 5.498157 11.805530 16.649467
v 5.664617 11.057788 17.192169
v 5.756716 10.195525 17.509850
v 3.907545 11.076268 17.652649
v 7.095530 11.802894 16.043045
v 7.420092 10.188521 16.900257
v 7.298990 11.044500 16.571974
v 4.022693 9.406347 18.241449
v 4.325532 8.672063 19.790531
v 4.161996 8.977189 18.966234
v 6.034842 8.917964 18.463350
v 6.276140 8.623785 19.266930
v 1.939866 11.834800 17.373655
v 3.790706 11.818445 17.094685
v 2.071316 9.452196 18.552212
v 2.141408 9.028121 19.274343
v 3.975901 10.230111 17.991787
v 2.004674 11.093719 17.935812
v 2.047101 10.266781 18.313421
v 12.953561 84.772484 12.963471
v 14.038771 84.802483 13.997636
v 15.010969 84.823509 14.945330
v 9.098257 84.661606 11.657507
v 11.813006 84.725639 11.805325
v 9.881232 84.732849 13.212959
v 10.797011 84.796967 14.627831
v 13.377289 84.686615 9.977105
v 8.630121 84.648201 8.297081
v 9.909167 84.661324 9.782210
v 10.337681 84.697403 8.474394
v 11.890468 84.711403 9.099611
v 8.579234 84.622574 10.081049
v 10.692928 84.680817 10.679832
v 4.872710 84.520966 12.783751
v 7.102482 84.612053 12.345010
v 5.240674 84.645340 14.884651
v 7.672873 84.725487 14.212521
v 2.483779 84.408325 13.013907
v 2.655119 84.523376 15.258060
v 4.557492 84.488579 8.362673
v 6.664937 84.573433 8.309663
v 4.643802 84.458199 10.576325
v 6.756578 84.555573 10.366012
v 2.318771 84.410095 8.397154
v 2.366443 84.363617 10.699534
v 12.229062 72.918236 11.931563
v 12.940832 72.928421 12.641402
v 13.666023 72.937721 13.359006
v 11.481997 72.938400 15.246691
v 14.467607 72.939423 14.127612
v 15.261682 73.028526 14.851352
v 9.631164 72.897934 12.885149
v 10.212383 72.919739 13.642683
v 10.820086 72.928947 14.426190
v 7.907826 72.919540 15.050994
v 11.836673 72.391197 8.409398
v 12.448469 72.799438 8.864515
v 15.283348 72.920059 7.775494
v 16.140877 72.929939 8.287029
v 14.456852 72.902206 7.307271
v 14.710700 72.929535 10.583879
v 13.163605 72.900009 9.396867
v 11.553190 72.896736 11.267735
v 13.924420 72.922409 9.980846
v 11.330007 71.799171 8.037689
v 8.636786 72.331635 11.594994
v 9.085413 72.787521 12.180601
v 10.397583 72.341225 10.128620
v 10.918928 72.775627 10.641007
v 6.653285 72.288857 12.807333
v 7.002446 72.766289 13.444405
v 4.487681 72.284721 13.668935
v 4.732697 72.763168 14.368715
v 5.046558 72.893913 15.209028
v 7.430935 72.890923 14.227672
v 2.253934 72.276527 14.181072
v 2.385288 72.753456 14.917651
v 2.537820 72.886032 15.805070
v 9.925523 71.617996 7.050538
v 8.705479 71.619202 8.472775
v 9.317864 71.585052 9.076485
v 9.935453 71.753685 9.676565
v 7.730896 71.579529 10.380762
v 8.255235 71.735886 11.079168
v 3.980162 71.589912 12.163248
v 6.329038 71.715141 12.210056
v 1.991146 71.606926 12.586681
v 4.267249 71.690208 13.021338
v 2.134053 71.693810 13.493702
v 4.371743 71.604782 8.337173
v 4.765142 71.605881 9.105132
v 6.191356 71.607491 8.307316
v 5.124376 71.610168 9.878036
v 6.712372 71.613457 8.996816
v 7.208200 71.621460 9.690911
v 5.524320 71.620003 10.644236
v 5.922488 71.593376 11.421676
v 1.241206 71.593285 7.518173
v 1.379576 71.600754 8.316125
v 2.705870 71.601715 8.043630
v 2.971476 71.604362 8.845994
v 3.190573 71.606201 9.663714
v 3.450628 71.608231 10.486140
v 1.853603 71.615112 11.704651
v 3.704110 71.615349 11.318779
v 8.343614 16.744072 8.818314
v 1.359938 16.779509 11.994585
v 2.692145 16.761282 11.801590
v 5.310854 17.136152 8.379266
v 4.349059 17.147713 8.899778
v 5.813402 17.029459 9.398138
v 7.685487 17.025806 7.914948
v 6.790520 17.015240 8.712426
v 7.364093 16.720980 9.672332
v 4.762141 17.030355 9.963364
v 5.171413 16.724693 11.002418
v 3.962790 16.745523 11.477184
v 6.308058 16.723484 10.406479
v 1.046481 17.429113 8.713989
v 2.065006 17.410255 8.568525
v 1.141650 17.143064 9.731953
v 3.045665 17.402573 8.311525
v 2.257724 17.147488 9.573939
v 3.328456 17.149599 9.302346
v 1.251739 17.042273 10.866982
v 2.471794 17.036812 10.696372
v 3.647054 17.032314 10.393751
v 16.991972 8.298945 12.458030
v 16.376245 8.622746 12.032618
v 20.065680 7.921154 8.696817
v 16.377367 9.376624 9.438210
v 16.030167 10.147411 9.237020
v 19.421516 8.288665 8.423272
v 18.743084 8.618392 8.136256
v 18.050137 8.956253 7.835835
v 16.997849 8.934035 9.786736
v 17.659704 8.593328 10.157568
v 15.756681 8.956471 11.598036
v 18.307112 8.265161 10.516958
v 13.549670 10.179070 12.545864
v 12.300321 9.373730 14.138911
v 13.803699 9.387528 12.760963
v 14.897074 8.612584 13.720598
v 14.325016 8.942918 13.219687
v 12.889329 11.796039 11.910448
v 13.290586 11.035901 12.306907
v 11.884996 11.048906 13.670391
v 12.119088 10.195783 13.947598
v 12.770339 8.930843 14.656653
v 13.284106 8.608259 15.223144
v 15.463268 8.295304 14.216019
v 11.528254 11.812860 13.230403
v 10.586968 10.196326 15.126299
v 10.741170 9.370820 15.332462
v 8.611032 11.805475 15.283656
v 8.862093 11.047777 15.786394
v 10.390587 11.045364 14.820195
v 9.793275 16.126690 8.518147
v 11.126236 15.480168 7.835770
v 11.673107 15.042028 8.361687
v 10.711229 15.013636 9.635812
v 10.209246 15.419763 9.062778
v 10.173589 13.854644 11.478832
v 8.838919 16.092936 9.553196
v 9.215188 15.397062 10.130146
v 9.670859 15.027555 10.763655
v 10.065164 14.576419 11.294929
v 8.131604 15.375940 11.041986
v 8.531267 15.024774 11.719511
v 15.724823 11.004852 9.050918
v 15.245120 11.768549 8.746492
v 14.883239 10.175182 10.986422
v 15.188562 9.398582 11.192822
v 14.137722 11.785928 10.411996
v 14.596594 11.024425 10.766230
v 7.649522 13.820082 13.275369
v 7.697959 13.122706 13.419814
v 7.945024 12.650557 13.945900
v 4.211792 16.093542 12.322819
v 5.716567 15.360344 12.453290
v 4.385111 15.375541 12.962677
v 6.003855 15.029409 13.199872
v 1.451201 16.141216 12.883807
v 1.514944 15.422076 13.539764
v 2.855504 16.108530 12.665887
v 2.992779 15.416601 13.337230
v 5.481498 16.071064 11.830717
v 7.805992 16.077339 10.446653
v 6.687117 16.071856 11.202395
v 13.569519 84.818153 4.758126
v 12.830780 84.843849 7.083899
v 14.648589 84.845291 7.737154
v 9.127772 84.720810 4.159610
v 8.853971 84.719116 6.299302
v 10.904629 84.803802 6.565192
v 11.708718 84.725937 2.091861
v 14.040724 84.711006 2.277237
v 11.379923 84.780151 4.393892
v 9.323429 84.675018 1.961300
v 6.866936 84.637634 4.044889
v 4.564198 84.561340 6.167135
v 6.747389 84.623192 6.192135
v 2.323139 84.544540 3.988357
v 2.310716 84.514473 6.168430
v 4.678463 84.538406 -0.300928
v 4.654318 84.538177 1.849095
v 6.969804 84.578362 1.885306
v 4.609666 84.582420 4.001217
v 2.337386 84.530716 1.834841
v 13.256794 71.781921 4.202363
v 13.846039 72.406464 4.405707
v 15.414681 72.893890 4.981216
v 14.573964 72.796768 4.669815
v 12.451607 71.780121 6.209861
v 13.006036 72.389435 6.507832
v 13.668925 72.804970 6.865845
v 14.367124 72.413284 2.160809
v 15.130319 72.805038 2.297395
v 7.816378 71.605171 5.547027
v 9.349259 71.606781 4.670784
v 10.114118 71.609116 5.057538
v 9.937255 71.607231 3.156630
v 10.768422 71.610916 3.418067
v 11.587007 71.619766 3.673250
v 10.901628 71.619423 5.432782
v 8.566468 71.604652 4.276737
v 9.234303 71.611710 6.552208
v 8.075950 71.612709 7.884442
v 11.673224 71.588722 5.822137
v 10.639979 71.595764 7.538936
v 12.151914 71.612846 -0.147963
v 13.031199 71.600937 -0.154001
v 12.014101 71.615036 1.800327
v 12.877631 71.587852 1.923213
v 13.737831 71.806114 2.054884
v 12.429021 71.587952 3.933176
v 7.938457 71.598091 -0.158891
v 7.821858 71.596481 1.116947
v 7.517598 71.597603 2.318949
v 9.599771 71.604080 -0.135241
v 9.468863 71.603981 1.409650
v 11.153859 71.610237 1.670686
v 10.311901 71.606216 1.545947
v 8.639250 71.601540 1.255677
v 8.312531 71.601135 2.610255
v 9.125574 71.603752 2.885854
v 7.800900 71.602448 3.870523
v 4.451355 71.539337 4.262314
v 4.187504 71.594322 5.536914
v 4.700132 71.601006 6.209311
v 5.736783 71.593376 3.999407
v 5.026920 71.593941 4.832913
v 5.623292 71.602165 5.428726
v 3.710631 71.544853 4.896870
v 7.106575 71.603737 5.025657
v 5.188665 71.603836 6.901041
v 5.710865 71.605438 7.605484
v 6.847734 71.605690 6.665072
v 6.241170 71.604019 6.048043
v 8.514259 71.605751 6.057524
v 7.477448 71.606598 7.278256
v 1.725819 69.395775 5.136677
v 0.885827 69.386604 5.384834
v 3.241665 69.421616 4.303398
v 2.506141 68.431839 4.759819
v 2.518981 69.408798 4.780365
v 2.524253 70.305054 4.787886
v 0.887629 70.274971 5.397476
v 1.731734 70.290703 5.144867
v 0.903562 71.063232 5.437823
v 1.970812 71.516495 5.786763
v 3.258193 70.320816 4.318349
v 3.301106 71.135818 4.370019
v 1.748609 71.090286 5.202491
v 2.565663 71.116272 4.849146
v 2.865989 71.539078 5.409265
v 3.259189 71.593193 6.099764
v 0.994986 71.490372 6.017593
v 1.132818 71.578239 6.749410
v 2.206090 71.585449 6.507085
v 2.486435 71.598679 7.261090
v 3.618940 71.600052 6.823662
v 4.025629 71.603172 7.572602
v 1.713095 65.084404 5.110401
v 0.876549 63.845600 5.333206
v 1.715651 66.266335 5.108962
v 3.225774 66.274750 4.300186
v 3.212560 65.086952 4.297152
v 2.499639 63.844017 4.779193
v 2.495520 65.089981 4.760110
v 2.495610 67.385803 4.742568
v 1.723546 68.421799 5.127741
v 0.878763 66.260025 5.342475
v 1.717474 67.375504 5.110525
v 0.879036 67.371399 5.341006
v 0.882671 68.412636 5.368225
v 3.864847 67.400139 3.714761
v 3.229800 68.444016 4.291955
v 3.219958 67.392624 4.284583
v 2.497110 66.268036 4.752183
v 5.480821 68.463203 0.681394
v 5.258619 68.463272 1.529647
v 5.263108 69.443604 1.522970
v 5.503527 69.438164 0.678775
v 5.515242 70.331535 0.676550
v 5.609992 71.133003 0.686782
v 5.284857 70.337006 1.522359
v 5.377372 71.139259 1.550981
v 6.255781 71.523163 0.816175
v 6.002520 71.530792 1.771495
v 4.903203 69.444313 2.318441
v 4.902746 68.465080 2.327936
v 4.931107 70.339310 2.324832
v 4.447179 69.440826 3.060590
v 3.890995 69.432953 3.729184
v 5.013902 71.148872 2.363168
v 5.612665 71.520538 2.682745
v 4.471527 70.337540 3.071320
v 4.548435 71.146072 3.120661
v 5.086997 71.548927 3.517362
v 3.913526 70.330360 3.743303
v 3.968813 71.146164 3.790740
v 7.022418 71.587227 0.952200
v 6.744843 71.587372 2.044857
v 6.311828 71.585800 3.063041
v 7.045623 71.598610 3.464018
v 6.410801 71.600479 4.508427
v 5.484486 63.829269 0.678972
v 5.230921 66.278450 1.528043
v 5.242630 65.084862 1.533356
v 5.572808 67.408005 -0.198069
v 5.569850 68.457947 -0.197985
v 5.470513 66.281265 0.680669
v 5.464803 67.406441 0.679349
v 5.472205 65.083969 0.678037
v 5.241863 67.408592 1.530956
v 4.879094 63.833862 2.339344
v 4.893227 66.278389 2.336671
v 4.885123 65.083847 2.335522
v 4.414847 65.085381 3.069624
v 4.404426 63.836826 3.071769
v 4.439713 66.276497 3.078609
v 4.898982 67.406036 2.333069
v 4.444957 67.404572 3.074970
v 4.447268 68.460999 3.068254
v 3.867611 66.275482 3.728535
v 3.881365 68.453796 3.725369
v 3.848455 63.840206 3.734865
v 3.860805 65.087456 3.733155
v 1.720314 61.230480 5.110957
v 0.887143 61.230537 5.353900
v 0.879918 62.558918 5.340650
v 3.858776 61.217724 3.762258
v 3.190600 61.224037 4.292463
v 3.211709 59.872761 4.312139
v 3.196479 62.549774 4.299067
v 2.482194 61.226124 4.744274
v 1.708292 62.554905 5.096828
v 0.878766 65.086266 5.350522
v 3.208676 63.845051 4.306349
v 1.710221 63.848518 5.104333
v 2.492692 62.555286 4.771332
v 1.759310 55.776161 5.088974
v 1.756467 57.148445 5.097571
v 0.907748 57.150036 5.339646
v 3.220944 57.140438 4.281799
v 3.216561 58.510017 4.306911
v 2.516805 58.514668 4.756673
v 2.547524 55.772324 4.750815
v 2.519633 57.145088 4.738297
v 1.737983 58.517937 5.084661
v 1.730544 59.879845 5.102493
v 0.901260 58.519295 5.328406
v 0.894440 59.881107 5.342594
v 3.857166 57.136520 3.734493
v 2.502395 59.878368 4.761434
v 5.458230 61.194717 0.672135
v 5.238294 61.198856 1.542132
v 5.476851 62.527195 0.675815
v 5.223702 62.531368 1.533832
v 5.230551 63.830818 1.530447
v 4.885717 61.205006 2.360019
v 4.409983 61.211239 3.095809
v 4.417501 59.859573 3.103178
v 4.873126 62.535969 2.344631
v 4.415746 62.541851 3.091455
v 3.841385 62.547199 3.738862
v 5.569736 57.127281 -0.279408
v 5.463333 58.488136 0.648503
v 5.224163 58.488983 1.524296
v 5.459553 57.127682 0.628896
v 5.223533 59.848206 1.536719
v 4.850494 57.130032 2.317098
v 4.880981 55.767494 2.308545
v 4.432195 55.767120 3.061829
v 4.394779 57.132607 3.062052
v 4.885208 59.852776 2.360166
v 4.886950 58.491924 2.353599
v 4.421718 58.497101 3.101180
v 3.855111 58.503506 3.748398
v 3.844175 59.866764 3.750690
v 0.905410 53.038761 5.336099
v 3.255352 54.397793 4.259821
v 3.251199 53.031208 4.230236
v 2.540710 51.669727 4.705550
v 2.546192 53.032501 4.716950
v 0.909959 55.778919 5.317645
v 1.762921 54.404457 5.084772
v 0.906638 54.408382 5.324251
v 3.243442 55.769238 4.282986
v 2.542710 54.400608 4.726653
v 1.765458 47.595646 5.115423
v 0.904704 48.947170 5.373574
v 3.282922 50.312847 4.248106
v 2.557700 48.955860 4.732038
v 2.560672 47.602787 4.741559
v 1.758017 48.951160 5.108155
v 1.756174 53.035805 5.084878
v 0.901750 50.308247 5.363632
v 0.900263 51.672241 5.338377
v 3.270337 51.670082 4.236094
v 2.553503 50.311504 4.726741
v 1.755812 50.309525 5.100251
v 1.750926 51.670647 5.080561
v 5.279073 53.038620 1.464428
v 4.932980 53.037117 2.280254
v 5.481743 55.767056 0.616993
v 5.490533 53.042545 0.590896
v 5.485321 54.403439 0.603223
v 5.213410 57.128864 1.502390
v 5.257832 54.404400 1.477541
v 5.224027 55.766808 1.485943
v 4.917232 51.674309 2.252032
v 3.903792 53.031887 3.671905
v 4.475700 53.033363 3.024984
v 4.473734 51.672527 3.000937
v 4.919299 54.401951 2.300127
v 4.455398 54.399948 3.042405
v 3.892485 54.397919 3.696443
v 3.885147 55.766994 3.725538
v 5.544926 50.324448 0.581780
v 5.539946 48.968708 0.587681
v 5.309175 48.968426 1.451222
v 5.507709 51.681137 0.582172
v 5.254239 51.679317 1.436503
v 5.290031 50.320976 1.441783
v 4.958584 48.966801 2.268844
v 4.943152 50.319630 2.253218
v 4.504147 48.965904 3.017872
v 4.485986 50.316074 3.000865
v 3.940698 48.963043 3.682118
v 3.930955 50.315041 3.667861
v 3.922409 51.670086 3.670199
v 1.771176 44.885777 5.128376
v 0.905821 44.878983 5.373720
v 1.764163 46.240864 5.119538
v 3.294298 44.905109 4.288911
v 2.566752 44.894447 4.763032
v 0.906733 46.234661 5.363463
v 0.903149 47.589886 5.362244
v 3.941508 47.614223 3.698088
v 3.292522 46.257511 4.283330
v 3.297338 47.609062 4.273621
v 3.291154 48.960571 4.258762
v 2.572433 46.249386 4.760578
v 5.530221 43.590046 0.659200
v 5.324309 44.931862 1.521511
v 5.644395 46.277920 -0.278642
v 5.519121 47.620239 0.595587
v 5.540061 46.277184 0.621666
v 5.305795 46.276062 1.494493
v 5.303169 47.619946 1.469105
v 4.970901 43.579086 2.356614
v 4.970991 44.928123 2.346026
v 4.494104 44.922264 3.070792
v 4.505350 46.270561 3.064253
v 3.920685 44.913883 3.714255
v 4.952570 47.619640 2.284870
v 4.960956 46.274208 2.313826
v 4.492731 47.617401 3.028675
v 3.940391 46.264862 3.711811
v 0.838281 28.681759 5.473099
v 1.639062 28.675453 5.235642
v 0.845666 30.049847 5.419446
v 3.807313 28.670725 3.956836
v 3.180192 30.035288 4.466491
v 3.142722 28.667547 4.483160
v 2.419003 28.670338 4.916736
v 2.442272 30.038597 4.882878
v 1.669651 30.044952 5.222086
v 3.217424 31.400360 4.445476
v 2.311777 23.290413 4.960666
v 0.807503 24.592216 5.450764
v 1.593989 24.597031 5.249566
v 3.649573 23.313871 4.122537
v 3.050329 24.611895 4.514616
v 2.339201 24.601404 4.916686
v 1.628272 27.303127 5.259821
v 1.604262 25.938616 5.240844
v 0.815685 25.938601 5.456345
v 0.821953 27.305122 5.460130
v 3.795600 27.309368 4.001750
v 3.116030 27.302929 4.498095
v 2.371093 25.942287 4.926007
v 3.082575 25.947432 4.498297
v 2.394041 27.300468 4.932972
v 5.745047 28.705870 0.220438
v 5.735567 30.053560 0.164104
v 5.546447 28.702097 1.073932
v 5.574325 30.052357 1.019620
v 5.280088 28.696516 1.897533
v 5.721724 31.405560 0.111793
v 4.909219 28.687927 2.668466
v 4.445942 30.040163 3.326857
v 4.407604 28.678381 3.357479
v 4.376328 27.321060 3.393031
v 5.295834 30.049509 1.837793
v 4.930623 30.045187 2.617623
v 4.953625 31.404919 2.569780
v 5.741530 26.024435 0.383077
v 5.715963 24.701904 0.509473
v 5.692800 23.418636 0.683560
v 5.559684 26.015102 1.247804
v 5.525918 24.691980 1.368145
v 5.242872 26.004982 2.048663
v 5.736365 27.360310 0.291004
v 5.555094 27.356419 1.151140
v 5.263423 27.346790 1.962740
v 5.209603 24.673723 2.162533
v 4.832596 25.988363 2.776380
v 4.778268 24.657330 2.864711
v 4.695042 23.350529 2.981220
v 4.289367 24.638620 3.497318
v 3.739632 25.958786 3.993339
v 4.336140 25.973013 3.433442
v 4.866692 27.334974 2.714251
v 11.954140 16.292343 4.531288
v 8.955011 17.195358 4.132419
v 8.408357 17.183012 5.204835
v 9.805886 17.043669 4.768959
v 10.665112 16.795023 5.432832
v 11.378740 16.232386 5.995395
v 9.206720 17.035494 5.953798
v 8.493237 17.019106 6.988556
v 10.005325 16.772799 6.695539
v 9.220293 16.745125 7.829211
v 11.654240 16.874823 0.937275
v 12.350139 16.357660 2.938741
v 8.807227 17.488178 -0.118087
v 8.001745 17.819050 0.831084
v 8.758429 17.470316 1.178997
v 9.618242 17.221924 1.595705
v 10.659946 17.078972 0.575115
v 10.552036 17.062901 2.036074
v 9.367411 17.210699 2.911702
v 8.548536 17.454298 2.416803
v 8.168560 17.428707 3.532503
v 11.517292 16.870092 2.521979
v 10.265186 17.053249 3.471316
v 11.181741 16.842731 4.018697
v 1.500521 20.824013 5.356369
v 0.763017 20.818422 5.528532
v 0.785840 22.006071 5.507729
v 3.447833 20.867796 4.341327
v 2.841780 20.847557 4.739182
v 2.254879 22.020060 5.003446
v 2.190264 20.834127 5.079954
v 1.537672 22.012306 5.303808
v 1.575945 23.281252 5.273314
v 0.797582 23.277460 5.458738
v 4.104484 22.069613 3.715221
v 3.546514 22.048777 4.212481
v 2.932613 22.034040 4.647378
v 3.008448 23.299431 4.573717
v 5.863180 17.709486 5.478856
v 6.405965 17.389994 6.188997
v 5.186848 17.700314 6.124400
v 6.465866 17.709818 4.757520
v 7.076743 17.397243 5.403866
v 5.485615 18.601730 3.729323
v 4.976268 18.592413 4.378724
v 4.000611 18.967926 4.343537
v 5.451400 18.251680 4.961966
v 4.841338 18.253187 5.572138
v 3.805146 18.583031 5.464386
v 4.413094 18.587215 4.966740
v 5.667150 17.386969 6.868238
v 4.455395 17.704901 6.672539
v 4.853484 17.384640 7.458183
v 6.203373 17.147276 7.746623
v 7.755502 17.157145 6.165097
v 7.020988 17.146698 7.003080
v 4.168004 18.273252 6.120784
v 1.459476 19.768723 5.413438
v 0.748049 19.765965 5.563239
v 1.498553 18.914524 5.714448
v 3.889547 19.835043 4.014045
v 3.356048 19.810085 4.475611
v 3.451722 18.952078 4.814763
v 2.773306 19.790236 4.863663
v 2.847480 18.928295 5.191729
v 2.138267 19.775723 5.174370
v 2.193115 18.918779 5.497540
v 3.131883 18.572201 5.878237
v 0.961957 17.684780 7.828228
v 1.899171 17.686071 7.693850
v 3.650244 17.687731 7.117294
v 2.796710 17.684721 7.459361
v 3.977626 17.394384 7.942373
v 0.765419 18.913357 5.843525
v 0.833968 18.575638 6.553641
v 1.641260 18.570269 6.424446
v 0.904444 18.282446 7.265906
v 1.791474 18.307449 7.151337
v 2.411723 18.572241 6.198600
v 3.433240 18.285500 6.564646
v 2.636080 18.294062 6.910510
v 5.769803 21.071186 0.329010
v 5.604907 21.041422 1.173286
v 5.392417 22.159351 1.731608
v 5.661867 22.184544 0.914210
v 5.456913 23.395617 1.525325
v 5.310602 21.001328 1.963841
v 4.930639 20.962931 2.683031
v 4.480636 20.923244 3.310957
v 4.591347 22.096188 3.137520
v 3.987382 20.891315 3.864532
v 5.038625 22.125471 2.484358
v 5.131565 23.375759 2.303300
v 5.757912 20.051323 0.615931
v 5.734855 19.134260 1.740704
v 5.559620 20.006704 1.435787
v 6.050226 19.228613 0.017006
v 7.382377 18.348778 0.547570
v 6.671240 18.702600 0.277816
v 5.955679 19.175144 0.906879
v 7.236142 18.319510 1.618584
v 6.554183 18.674177 1.258934
v 7.823081 17.811695 1.979351
v 7.475914 17.754240 3.016730
v 7.670657 17.414938 4.534026
v 7.015236 17.734915 3.936351
v 5.246910 19.963600 2.196840
v 5.398160 19.083069 2.504479
v 4.843869 19.916019 2.881618
v 4.996319 19.049288 3.197993
v 4.390683 19.870649 3.489157
v 4.506460 18.987820 3.797895
v 6.302400 18.638865 2.162930
v 6.944061 18.315321 2.604220
v 5.934952 18.620865 2.984331
v 6.542621 18.317184 3.496712
v 20.910471 8.333543 3.843959
v 20.273315 8.276455 6.186554
v 19.577036 8.609438 5.967405
v 17.765257 10.129039 5.362769
v 19.407669 8.895393 3.528917
v 17.406595 10.972528 5.214580
v 16.865734 11.730865 5.008661
v 17.003824 10.138471 7.362689
v 17.393850 9.384728 7.541768
v 18.858088 8.943049 5.735911
v 18.179678 9.379186 5.514036
v 16.160269 11.753068 6.933623
v 16.670719 10.985443 7.192785
v 21.266336 8.341743 1.437173
v 20.521715 8.635179 1.353331
v 20.169909 8.610429 3.690832
v 19.758841 8.943059 1.270906
v 19.037216 9.374496 1.189571
v 18.543119 10.097528 1.122548
v 17.593548 11.703835 0.936011
v 18.148788 10.933368 1.038043
v 18.699768 9.339746 3.372083
v 18.277555 10.107553 3.264386
v 17.358074 11.723774 2.983887
v 17.900579 10.952198 3.151319
v 13.187623 15.127352 5.340594
v 12.560644 15.634059 4.936595
v 13.829549 14.708206 5.693730
v 14.154194 13.992320 5.900632
v 13.369659 13.959653 7.535997
v 13.988005 12.716114 7.964514
v 13.521683 13.239718 7.662376
v 11.921571 15.553872 6.465666
v 10.647650 16.176081 7.341719
v 13.324121 15.809081 -0.044407
v 12.543303 16.395636 1.318119
v 13.266690 15.772194 1.628505
v 13.011530 15.705871 3.321394
v 13.670005 15.170468 3.650227
v 11.775423 84.746696 -2.576809
v 14.110702 84.650780 -2.778205
v 11.841510 84.708633 -0.249122
v 14.218679 84.635391 -0.265169
v 9.380446 84.725822 -2.469263
v 9.409571 84.675484 -0.260075
v 13.117124 84.883095 -7.437486
v 13.728931 84.778801 -5.192730
v 9.082211 84.837196 -6.786180
v 11.146829 84.907722 -6.977775
v 9.250512 84.795036 -4.661200
v 11.535431 84.809364 -4.826990
v 4.681486 84.561172 -2.458480
v 7.011399 84.641617 -2.447944
v 7.019393 84.596085 -0.279916
v 2.350405 84.530327 -2.474481
v 2.350144 84.523041 -4.665614
v 2.347285 84.524940 -0.314808
v 4.662449 84.557884 -6.865301
v 6.893480 84.688606 -6.806180
v 4.667108 84.576515 -4.639272
v 6.963885 84.679482 -4.615770
v 2.351320 84.494690 -6.920256
v 14.347419 72.448402 -2.491145
v 15.122545 72.813126 -2.635303
v 15.319662 72.806679 -0.170781
v 13.904011 71.803192 -0.164228
v 14.551072 72.406219 -0.167025
v 12.378933 71.906082 -6.558417
v 12.933467 72.501625 -6.850445
v 14.403785 72.910019 -7.728593
v 13.620866 72.842735 -7.251034
v 13.210581 71.872139 -4.530729
v 13.796276 72.493767 -4.735335
v 16.006517 72.901962 -2.814662
v 14.552352 72.814682 -5.013198
v 15.392270 72.899765 -5.348979
v 13.724658 71.834496 -2.384818
v 12.875296 71.583534 -2.243061
v 9.503256 71.604485 -1.676824
v 8.381111 71.602776 -2.911381
v 9.170376 71.604965 -3.200646
v 11.164657 71.609253 -1.959700
v 12.012693 71.616974 -2.095598
v 10.329375 71.606422 -1.820983
v 8.767039 71.601807 -0.128775
v 8.676788 71.602234 -1.559318
v 7.868663 71.598953 -1.405881
v 10.441375 71.605980 -0.130922
v 11.293379 71.608322 -0.132388
v 11.648760 71.585922 -6.183098
v 12.413192 71.595428 -4.267757
v 9.214615 71.612198 -6.927186
v 10.117960 71.613953 -5.402573
v 10.878290 71.628494 -5.788685
v 9.896580 71.614418 -7.438352
v 8.619234 71.605888 -4.605781
v 9.366899 71.608322 -5.010167
v 7.177365 71.603683 -5.383345
v 7.855622 71.606522 -5.906559
v 8.533875 71.608894 -6.419094
v 10.772787 71.613510 -3.729741
v 9.969957 71.606895 -3.461544
v 11.583836 71.618309 -3.999193
v 5.343031 69.424606 -1.951909
v 5.049115 70.307198 -2.787383
v 4.988601 67.384239 -2.793197
v 5.019459 69.414391 -2.787638
v 4.560453 68.428429 -3.571863
v 4.585869 69.404884 -3.573428
v 5.116710 71.110565 -2.812959
v 4.662783 71.100883 -3.595314
v 4.612936 70.294426 -3.577147
v 6.067723 71.533455 -2.162387
v 6.822635 71.590317 -2.388284
v 7.587136 71.599167 -2.664509
v 5.700917 71.532822 -3.084685
v 6.398314 71.587822 -3.446121
v 7.133752 71.598885 -3.809794
v 7.869164 71.602745 -4.220002
v 5.619918 70.323456 -0.199597
v 5.594999 69.434616 -0.196990
v 5.523352 67.401405 -1.087728
v 5.539873 69.428719 -1.083404
v 5.520237 68.456924 -1.083650
v 5.318783 68.447968 -1.953272
v 5.717551 71.119736 -0.192674
v 5.648534 71.123772 -1.092816
v 5.563348 70.321404 -1.080361
v 5.373603 70.314049 -1.954021
v 5.455344 71.118446 -1.967487
v 6.353311 71.532974 -0.186013
v 7.135611 71.588303 -0.154492
v 7.062367 71.588036 -1.303225
v 6.296554 71.524506 -1.173334
v 4.986060 65.058807 -2.803227
v 4.534005 65.048943 -3.579878
v 5.000518 68.441422 -2.789935
v 4.997709 66.256683 -2.802182
v 4.560319 67.374672 -3.582196
v 4.536867 66.243050 -3.573979
v 5.572736 65.083641 -0.205038
v 5.533675 63.823170 -1.105311
v 5.526311 65.078323 -1.097492
v 5.313933 63.816494 -1.975665
v 5.573762 66.278305 -0.201203
v 5.330403 65.071037 -1.972297
v 5.513391 66.276573 -1.089917
v 5.320191 66.266617 -1.964260
v 5.304617 67.397285 -1.954295
v 4.793408 71.598381 -6.659820
v 6.309170 71.603996 -6.438416
v 6.898083 71.605896 -7.048429
v 5.276842 71.603516 -7.330933
v 5.767304 71.605453 -8.025860
v 4.014751 68.419823 -4.284091
v 4.061606 70.281685 -4.290728
v 4.558732 71.531769 -4.725670
v 5.186040 71.530807 -3.952833
v 4.095386 71.085800 -4.312609
v 4.299900 71.586777 -6.010819
v 5.128291 71.589912 -5.268353
v 5.837438 71.591621 -4.397601
v 6.497276 71.600174 -4.889983
v 5.717025 71.600510 -5.833417
v 0.924814 68.398003 -6.030481
v 0.940526 70.226952 -6.075886
v 0.958998 70.993065 -6.106110
v 2.058223 71.478653 -6.371696
v 1.050489 71.475960 -6.614483
v 2.979777 71.488716 -5.963365
v 2.303506 71.565605 -7.063974
v 3.361062 71.575111 -6.623003
v 1.799380 68.401909 -5.771456
v 1.809434 69.365852 -5.782054
v 4.036198 69.392685 -4.286752
v 3.379024 69.383072 -4.901342
v 2.623458 68.406494 -5.406814
v 2.615557 67.353996 -5.408938
v 2.637125 69.374634 -5.412178
v 1.827462 70.239891 -5.806270
v 3.401109 70.268723 -4.910007
v 3.435340 71.063454 -4.938512
v 2.681841 71.043777 -5.453804
v 2.649652 70.253510 -5.416205
v 3.818729 71.521919 -5.408106
v 1.848863 71.013817 -5.850677
v 3.981192 63.791317 -4.291658
v 3.980652 65.040199 -4.284983
v 0.925301 65.024040 -6.040938
v 0.921139 66.222481 -6.022331
v 0.921779 67.349815 -6.024328
v 0.931443 69.359077 -6.049477
v 1.796391 65.027336 -5.771772
v 1.791897 66.224060 -5.770718
v 3.330881 65.035133 -4.887840
v 3.337013 63.784126 -4.899245
v 3.336713 66.228996 -4.892668
v 2.619256 63.777851 -5.407430
v 1.800847 67.352310 -5.786832
v 4.005371 67.362999 -4.288670
v 3.982399 66.235321 -4.276637
v 3.363953 68.411072 -4.901655
v 3.346672 67.358421 -4.894428
v 2.602074 65.030907 -5.393607
v 2.597656 66.226799 -5.383143
v 4.965125 59.847507 -2.854548
v 4.523447 61.186794 -3.607342
v 4.957616 62.514900 -2.814043
v 4.965255 61.191761 -2.838413
v 4.957957 63.808487 -2.799746
v 4.501152 62.508480 -3.582038
v 5.566900 59.845013 -0.242186
v 5.551291 61.192719 -0.228513
v 5.588068 62.524269 -0.216719
v 5.518879 61.192249 -1.132485
v 5.503860 59.845608 -1.150612
v 5.317981 61.192364 -2.012775
v 5.574674 63.826527 -0.210593
v 5.535350 62.522007 -1.118095
v 5.341306 62.519726 -1.999751
v 5.301772 55.761173 -2.062230
v 4.547808 55.757664 -3.596207
v 4.973156 57.126030 -2.868661
v 5.307292 57.127293 -2.061446
v 5.303383 59.847393 -2.030316
v 5.301004 58.490414 -2.048246
v 4.969051 58.490807 -2.865959
v 4.527429 58.486908 -3.611983
v 4.523682 59.843662 -3.615456
v 4.543030 57.123608 -3.608516
v 5.578388 58.487926 -0.261443
v 5.496122 57.126667 -1.187597
v 5.454145 59.845413 0.661019
v 5.507516 58.488918 -1.171440
v 3.974067 61.177742 -4.291440
v 4.517954 63.799217 -3.581626
v 0.943352 59.802925 -6.000135
v 0.937764 61.143787 -5.992560
v 0.929159 63.767742 -6.018546
v 0.934115 62.469719 -6.019507
v 1.822094 61.148293 -5.755419
v 3.366181 59.822430 -4.895982
v 3.337418 61.166527 -4.877191
v 2.623672 61.155624 -5.374270
v 1.814083 62.474117 -5.766538
v 1.807041 63.771980 -5.781478
v 3.967403 62.499737 -4.285184
v 3.336555 62.490162 -4.889721
v 2.614100 62.481380 -5.383433
v 4.007001 57.117649 -4.273394
v 0.949175 57.094830 -6.014892
v 0.948053 58.450817 -6.009538
v 1.843421 57.097080 -5.753792
v 1.838237 55.741001 -5.736149
v 1.845227 58.453987 -5.770824
v 3.381783 57.109951 -4.862511
v 3.355654 58.468807 -4.856074
v 2.656307 57.102463 -5.359143
v 2.640306 58.458923 -5.354540
v 3.991487 58.478844 -4.281143
v 3.997309 59.834648 -4.303381
v 2.648652 59.812080 -5.388268
v 1.825424 59.804970 -5.735465
v 5.314891 53.038105 -2.055155
v 4.574166 53.037380 -3.583110
v 5.311374 54.399231 -2.060937
v 4.990726 54.396080 -2.857124
v 4.976899 55.760693 -2.862187
v 4.545689 54.395924 -3.576794
v 5.586612 53.041275 -0.307800
v 5.587566 54.403881 -0.302012
v 5.569781 55.764782 -0.292814
v 5.526538 54.400288 -1.204200
v 5.496183 55.764038 -1.197116
v 5.347297 48.976025 -2.043980
v 5.341756 50.328247 -2.046998
v 5.054345 46.283527 -2.845662
v 5.030350 48.979771 -2.842058
v 4.594480 48.983860 -3.589020
v 4.578284 50.333042 -3.572195
v 5.332176 51.683109 -2.051739
v 4.983168 51.682270 -2.831020
v 5.016497 50.330776 -2.841192
v 5.003920 53.038120 -2.852806
v 4.573453 51.684288 -3.577030
v 5.630949 48.970539 -0.309782
v 5.557466 48.973072 -1.194068
v 5.558626 50.327400 -1.202079
v 5.611138 50.325260 -0.312274
v 5.597899 51.683670 -0.312029
v 5.517892 51.682529 -1.199839
v 5.519724 53.041245 -1.202106
v 0.949947 54.384724 -6.031637
v 0.946059 55.739288 -5.998283
v 1.844438 53.033970 -5.757012
v 0.949310 53.032051 -6.026955
v 4.034150 53.038563 -4.249810
v 3.404806 53.037563 -4.853282
v 3.399383 54.392681 -4.852404
v 2.664454 53.036995 -5.355683
v 1.841411 54.386925 -5.749175
v 4.020247 54.394127 -4.246212
v 4.024009 55.754658 -4.264135
v 3.390318 55.749950 -4.853548
v 2.660837 54.389252 -5.347834
v 2.656039 55.745125 -5.342873
v 4.053112 47.637959 -4.275195
v 4.045413 51.685349 -4.252983
v 0.958507 48.993320 -6.055001
v 0.951448 50.341152 -6.014612
v 1.839841 51.687046 -5.745033
v 1.861509 48.993629 -5.787003
v 4.030223 50.336720 -4.246204
v 4.057150 48.987804 -4.271792
v 3.409698 48.990936 -4.873404
v 3.413357 50.339371 -4.871984
v 2.691174 47.640697 -5.395184
v 2.674352 48.992439 -5.382706
v 1.844824 50.341145 -5.756951
v 0.948112 51.685013 -6.016928
v 3.395081 51.688026 -4.844663
v 2.674637 50.341785 -5.377078
v 2.655395 51.687328 -5.340886
v 4.636448 43.579983 -3.567160
v 5.352641 47.627445 -2.035969
v 5.379795 46.281227 -2.036333
v 5.021260 47.630810 -2.838953
v 4.611659 46.284786 -3.599526
v 4.592097 47.635056 -3.585553
v 5.629701 43.592781 -0.233737
v 5.591649 44.936260 -1.154190
v 5.637189 44.935963 -0.256627
v 5.380571 44.935898 -2.016485
v 5.621046 47.621883 -0.295453
v 5.586225 46.279858 -1.173563
v 5.562866 47.623985 -1.187563
v 4.119499 43.575481 -4.266489
v 4.099670 44.930573 -4.288856
v 4.079040 46.286770 -4.288569
v 0.979876 44.924969 -6.067548
v 0.970068 46.282711 -6.038444
v 0.964927 47.639072 -6.039854
v 1.891467 44.924786 -5.784361
v 3.469716 44.928642 -4.900462
v 3.475958 43.570339 -4.871111
v 2.720952 44.925846 -5.389673
v 3.417951 47.640430 -4.883146
v 3.439909 46.285786 -4.895163
v 2.708287 46.284943 -5.401902
v 1.880214 46.283325 -5.782240
v 1.868091 47.639927 -5.790063
v 5.333638 28.707882 -2.448469
v 5.601011 30.054863 -1.607905
v 4.913251 28.711359 -3.292910
v 4.918090 30.058525 -3.335788
v 5.314992 30.058174 -2.486576
v 5.302751 31.408424 -2.510715
v 4.891654 31.413055 -3.353090
v 5.781473 28.706129 -0.670648
v 5.757326 30.055887 -0.720093
v 5.634654 28.707750 -1.570938
v 5.596544 31.408476 -1.644916
v 5.418389 26.036369 -2.319446
v 5.359728 27.367472 -2.397489
v 5.024244 26.041792 -3.188737
v 4.968386 27.370081 -3.259177
v 4.459762 26.049656 -3.976190
v 5.782012 24.713484 -0.384871
v 5.796137 26.028296 -0.514750
v 5.701867 24.719091 -1.290321
v 5.753470 27.363346 -0.604228
v 5.672671 26.032845 -1.423224
v 5.627663 27.364491 -1.505560
v 4.389038 28.714060 -4.087714
v 4.373886 30.062387 -4.117487
v 4.561418 24.747028 -3.897040
v 4.415877 27.374847 -4.048977
v 12.123608 16.408613 -3.284682
v 12.557729 16.432570 -0.319345
v 12.406155 16.428360 -1.854150
v 9.392699 17.240707 -2.515856
v 8.480046 17.454105 -2.711467
v 9.105073 17.207626 -3.760336
v 8.155467 17.413902 -3.947013
v 11.449711 16.893196 -2.080458
v 10.400790 17.078943 -2.288666
v 10.102324 17.065451 -3.585944
v 11.167193 16.886580 -3.425308
v 9.693023 17.242779 0.197937
v 8.021687 17.844091 -0.383827
v 9.607533 17.252085 -1.178681
v 8.696629 17.483500 -1.430972
v 11.632672 16.906662 -0.594973
v 10.598326 17.086391 -0.905912
v 9.901589 16.754416 -6.619383
v 9.433621 16.725080 -7.377849
v 8.934283 16.986773 -6.635376
v 9.093554 16.646412 -8.020396
v 8.598289 16.909166 -7.341596
v 9.767642 16.226112 -8.173811
v 10.768625 16.289320 -6.665702
v 10.278967 16.257910 -7.491520
v 8.747820 17.177877 -4.905531
v 9.745330 17.044443 -4.748971
v 9.349204 17.020470 -5.770319
v 11.743875 16.372169 -4.561581
v 10.788706 16.844685 -4.645679
v 11.285807 16.328959 -5.692745
v 10.353203 16.810663 -5.714180
v 5.593976 22.245941 -1.745314
v 5.336134 21.153116 -2.381089
v 5.262702 22.262691 -2.653534
v 4.850264 21.174366 -3.315906
v 4.747347 22.282444 -3.539762
v 5.547276 23.453873 -2.002625
v 5.479833 24.726946 -2.193558
v 5.184206 23.467514 -2.892844
v 5.092199 24.735701 -3.065386
v 4.665602 23.482786 -3.749779
v 5.810555 20.088831 -0.253479
v 5.783892 21.102448 -0.548595
v 5.641316 21.126749 -1.453891
v 5.789837 22.210608 0.046256
v 5.767453 22.226480 -0.844380
v 5.799789 23.430573 -0.198811
v 5.745874 23.444431 -1.099203
v 7.631166 17.835732 -2.884516
v 7.346238 17.719131 -4.119343
v 5.325271 19.308306 -2.995030
v 4.972117 20.182474 -3.099182
v 4.295527 20.173651 -4.049976
v 6.411893 18.736008 -1.867934
v 6.887653 18.295166 -3.006243
v 6.002247 18.747042 -3.033504
v 7.897038 17.847393 -1.630273
v 5.709393 20.127228 -1.163327
v 5.751194 19.308723 -1.941904
v 5.439234 20.158506 -2.119072
v 7.379344 18.378923 -0.598262
v 6.613774 18.712759 -0.762792
v 5.992239 19.274748 -0.936398
v 7.185867 18.359680 -1.783896
v 4.148591 21.191708 -4.196746
v 5.935117 17.902700 -5.496492
v 4.349276 17.891882 -6.912027
v 8.410510 17.137243 -5.915882
v 6.707050 17.396938 -6.364607
v 7.523021 17.257572 -6.107326
v 6.297408 17.154528 -7.968669
v 6.423858 17.278990 -7.221210
v 5.476938 17.386282 -7.543505
v 5.570786 17.705221 -6.615406
v 8.076262 17.101637 -6.745822
v 7.288429 17.179798 -6.967153
v 8.290193 16.865377 -7.952260
v 7.782475 17.049541 -7.443738
v 6.182600 17.077026 -8.681318
v 7.548062 16.864063 -8.706520
v 8.205261 16.737906 -8.562778
v 6.939494 17.048206 -8.316908
v 7.628963 16.975321 -8.083853
v 7.066597 17.118685 -7.665719
v 7.879418 17.332752 -5.100829
v 6.891403 17.591942 -5.292932
v 4.626176 19.302296 -4.063344
v 5.450077 18.649851 -4.278073
v 4.394415 18.507586 -5.672999
v 6.367919 18.215349 -4.258790
v 20.443550 8.665536 -3.319003
v 21.180300 8.361418 -3.394234
v 21.348312 8.338175 -0.998209
v 20.604887 8.642450 -0.994707
v 19.843695 8.964550 -0.998976
v 18.349787 10.060452 -3.081999
v 19.676413 8.975143 -3.223336
v 18.918072 9.368838 -3.138047
v 17.370359 11.675599 -3.063164
v 17.938923 10.901001 -3.077250
v 19.108156 9.392362 -0.996624
v 18.567036 10.085041 -1.013105
v 17.594387 11.687434 -1.107641
v 18.163464 10.924451 -1.051895
v 20.776985 8.365202 -5.721559
v 19.291945 8.959118 -5.361872
v 20.046619 8.652554 -5.541290
v 17.371206 9.982185 -6.834616
v 19.455122 8.592081 -7.617161
v 17.974579 9.305127 -7.054784
v 16.391338 11.635575 -6.563544
v 16.939058 10.836864 -6.711331
v 17.952579 10.034225 -5.044654
v 18.537426 9.355757 -5.170983
v 16.948893 11.648484 -4.891886
v 17.518034 10.876663 -4.975975
v 13.706346 15.257815 -3.075943
v 12.949466 15.818150 -3.155172
v 13.206552 15.825487 -1.663253
v 13.811604 13.357226 -7.317161
v 13.507605 14.129163 -7.251016
v 13.614238 14.824419 -5.926733
v 14.095908 14.120945 -6.000543
v 12.852333 15.242812 -5.791009
v 13.039691 14.833243 -7.142478
v 12.301447 15.238751 -6.920616
v 12.565764 15.790711 -4.509405
v 13.331799 15.251591 -4.506010
v 12.095270 15.764426 -5.712687
v 11.572653 15.748764 -6.767588
v 11.005279 15.731869 -7.666315
v 13.779008 84.953888 -10.336430
v 12.251243 84.949760 -9.474702
v 14.920659 84.791122 -8.124694
v 8.983315 84.693771 -10.651304
v 10.296215 84.753258 -10.251852
v 11.167996 84.670235 -11.104578
v 8.909886 84.787582 -8.841128
v 10.722175 84.909286 -8.865928
v 13.406713 84.742287 -13.453651
v 12.247223 84.653641 -12.279886
v 10.309966 84.723297 -13.887226
v 11.182007 84.775673 -15.348286
v 9.477122 84.684624 -12.313892
v 4.810165 84.548569 -11.508450
v 7.003876 84.669945 -11.157651
v 6.901741 84.657539 -8.981549
v 2.376958 84.459450 -9.271529
v 4.678736 84.533325 -9.170300
v 7.414642 84.706772 -13.210480
v 5.031260 84.547516 -13.859262
v 2.555515 84.433823 -14.181686
v 2.428745 84.438461 -11.728836
v 12.370839 72.836517 -9.306404
v 11.427728 72.903305 -11.844264
v 14.552505 72.928963 -11.269485
v 13.802727 72.921684 -10.568204
v 11.730843 72.536316 -8.801526
v 13.065314 72.905632 -9.909854
v 15.210575 72.923637 -8.264007
v 16.046005 72.928879 -8.856822
v 8.160900 71.974007 -11.505547
v 10.252451 72.562721 -10.533603
v 10.802768 72.831497 -11.152004
v 11.246364 71.928993 -8.423103
v 13.432953 72.942734 -14.195383
v 12.730603 72.929680 -13.390121
v 11.901891 72.944962 -16.943098
v 12.059494 72.920265 -12.600911
v 15.333062 72.936096 -12.003554
v 8.499446 72.587753 -12.023618
v 8.975750 72.857048 -12.711171
v 9.472853 72.908165 -13.500465
v 4.432477 72.580917 -14.055182
v 4.664465 72.855324 -14.861127
v 4.889781 72.910286 -15.778974
v 6.892521 72.844231 -13.973584
v 7.283032 72.901161 -14.817921
v 4.264597 71.961136 -13.447165
v 6.284306 71.973282 -12.641997
v 6.554808 72.580971 -13.202944
v 2.147020 71.958336 -13.922110
v 2.235896 72.598335 -14.536238
v 2.337223 72.864372 -15.390581
v 9.270972 71.582977 -9.521120
v 7.704278 71.584908 -10.858479
v 8.667250 71.617828 -8.898722
v 10.593956 71.592590 -7.947401
v 9.823570 71.953377 -10.095679
v 4.831204 71.608780 -9.570900
v 5.185129 71.615852 -10.348545
v 5.560656 71.629936 -11.121799
v 3.523691 71.614716 -10.988926
v 3.767307 71.626999 -11.820343
v 7.206208 71.624886 -10.143483
v 4.108898 71.602112 -8.051085
v 3.728812 71.594215 -7.319852
v 4.461682 71.604599 -8.806871
v 6.239594 71.608574 -8.732523
v 6.725494 71.612297 -9.432806
v 7.489254 71.607536 -7.666633
v 8.072626 71.613121 -8.288165
v 1.425503 71.600578 -8.867133
v 1.657242 71.606590 -10.516017
v 1.772698 71.608978 -11.365633
v 3.274782 71.607193 -10.172168
v 1.180922 71.571747 -7.325826
v 1.299083 71.591835 -8.081331
v 2.565566 71.590683 -7.798640
v 2.799722 71.598915 -8.567325
v 3.047505 71.604507 -9.358656
v 4.026775 71.592972 -12.663452
v 5.938257 71.598030 -11.911304
v 1.900976 71.613525 -12.222607
v 2.028876 71.587280 -13.103060
v 8.761788 16.575109 -8.538939
v 9.362565 16.157221 -8.765407
v 8.919000 16.143511 -9.235698
v 9.379284 15.677447 -9.672659
v 8.449990 16.149372 -9.650401
v 4.098758 16.992714 -10.285316
v 5.285578 16.724997 -10.707532
v 4.130609 16.725643 -11.144300
v 5.345629 16.235506 -11.484443
v 6.237065 16.696760 -10.250843
v 6.338558 16.225170 -11.001921
v 4.179366 17.528536 -7.822526
v 5.257582 17.106359 -9.063866
v 4.088540 17.139086 -9.460379
v 5.230893 16.994640 -9.883115
v 5.303902 17.206284 -8.308128
v 6.927510 16.912485 -9.043365
v 8.646383 16.435986 -8.959772
v 6.181337 16.969158 -9.421679
v 7.673485 16.633823 -9.426542
v 8.191639 16.578352 -9.106571
v 7.010776 16.680712 -9.783535
v 1.408471 17.197399 -9.979753
v 1.422373 17.063644 -10.854589
v 1.444772 16.789101 -11.722038
v 2.801512 17.041643 -10.641323
v 2.843119 16.766598 -11.498557
v 4.188513 16.254261 -11.918606
v 1.409262 17.735920 -8.339511
v 1.409807 17.403984 -9.142653
v 2.842227 17.645454 -8.149697
v 4.146901 17.271080 -8.657493
v 2.797179 17.349934 -8.945971
v 2.792534 17.176785 -9.775690
v 1.469870 16.285620 -12.474769
v 2.881604 16.270884 -12.258431
v 20.164495 8.315489 -7.876379
v 16.517038 9.233130 -10.273482
v 17.228321 8.838126 -10.720510
v 16.357292 8.831421 -12.158318
v 19.409401 8.257430 -9.827774
v 17.919115 8.539039 -11.161784
v 16.663521 9.917109 -8.444764
v 17.288477 9.259941 -8.747036
v 18.716005 8.897203 -7.330488
v 18.019022 8.857100 -9.123706
v 18.732372 8.545328 -9.486002
v 16.252783 10.800354 -8.269247
v 16.632584 8.278798 -14.521447
v 17.017046 8.536550 -12.658112
v 17.628550 8.235103 -13.109563
v 15.406049 8.816804 -13.454549
v 18.562305 8.250646 -11.564846
v 9.180027 15.220368 -10.747897
v 7.840394 16.201389 -10.056314
v 10.385252 14.854196 -10.672762
v 8.121377 15.692305 -10.702415
v 8.444590 15.222564 -11.326540
v 9.618056 14.816780 -11.319476
v 7.620409 15.227859 -11.885109
v 9.903676 14.132714 -11.685628
v 8.773279 15.691472 -10.187214
v 11.708064 15.231330 -7.901461
v 10.461606 15.707986 -8.433727
v 11.095858 15.227896 -8.745047
v 9.906417 15.699929 -9.088821
v 10.487500 15.227256 -9.486493
v 11.750740 14.834128 -9.116890
v 11.066910 14.824405 -9.920246
v 15.897130 9.879213 -9.887840
v 15.674021 9.217981 -11.638978
v 15.065469 9.848715 -11.188643
v 14.165423 11.558379 -10.575014
v 13.308128 11.529504 -11.647821
v 14.651659 10.729036 -10.897812
v 15.720551 11.609257 -8.055471
v 14.971395 11.585570 -9.387436
v 15.481009 10.762309 -9.655602
v 12.168814 9.748264 -14.414809
v 13.262455 8.757955 -15.716481
v 12.685654 9.120497 -15.033685
v 16.042139 8.539600 -14.011496
v 14.377474 8.777606 -14.633109
v 14.972219 8.499584 -15.236406
v 15.532194 8.236960 -15.785499
v 13.195594 9.762531 -13.423282
v 13.751035 9.139443 -13.994003
v 14.162684 9.806076 -12.356428
v 14.747580 9.177008 -12.870421
v 13.761719 10.688811 -12.016925
v 12.404885 11.504739 -12.628306
v 12.820694 10.655131 -13.041601
v 11.053675 9.741462 -15.324622
v 11.521010 9.128763 -15.991460
v 9.248354 11.460200 -15.087350
v 9.537448 10.607364 -15.625666
v 8.003498 11.466594 -15.772669
v 11.813230 10.627357 -13.977982
v 10.383153 11.460594 -14.331610
v 10.722301 10.610667 -14.835052
v 11.433916 11.482649 -13.519936
v 7.162151 16.208118 -10.527091
v 7.362024 15.697453 -11.211927
v 6.482479 15.708174 -11.725098
v 7.177572 13.368788 -13.862178
v 7.083917 14.158216 -13.572263
v 5.452123 15.721704 -12.212029
v 5.601538 15.245083 -12.912602
v 4.267531 15.743780 -12.642097
v 4.376307 15.268068 -13.350764
v 6.680215 15.234370 -12.422857
v 6.939079 14.867599 -13.139955
v 5.796218 14.853134 -13.633806
v 1.643495 13.455873 -15.482941
v 3.184178 14.215417 -14.930547
v 3.216392 13.433548 -15.245819
v 3.300162 12.797908 -15.834004
v 1.591916 14.923681 -14.655369
v 1.500358 15.768384 -13.182223
v 1.537849 15.292439 -13.890000
v 2.936308 15.749173 -12.971455
v 3.015509 15.275548 -13.677361
v 11.528399 8.180982 -19.049999
v 12.045093 8.750147 -16.720606
v 13.010835 8.177996 -18.033772
v 12.543707 8.454194 -17.405226
v 13.816115 8.453379 -16.358624
v 9.182990 8.763101 -18.480921
v 7.543457 8.789643 -19.222584
v 7.825716 8.483103 -20.041786
v 11.125496 8.457726 -18.376915
v 9.545600 8.463453 -19.259922
v 9.821713 9.740302 -16.150558
v 8.464672 9.747290 -16.900688
v 10.229741 9.123427 -16.864508
v 8.806064 9.142317 -17.659555
v 10.687304 8.756268 -17.640970
v 8.235455 10.613054 -16.340195
v 8.089283 8.198071 -20.798986
v 9.882976 8.182282 -19.977629
v 5.381576 9.823823 -18.146141
v 3.663545 9.860101 -18.566916
v 3.781855 9.260426 -19.398432
v 7.245861 9.169440 -18.365215
v 5.569937 9.220304 -18.958729
v 6.986182 9.776878 -17.572577
v 5.133767 11.498278 -16.894236
v 5.252814 10.650338 -17.503286
v 6.629785 11.474072 -16.374598
v 6.807476 10.627610 -16.973768
v 1.856252 9.865368 -18.807049
v 1.914219 9.288794 -19.660791
v 3.580568 10.671103 -17.902435
v 1.780802 11.524647 -17.514952
v 1.815450 10.686779 -18.148668
v 3.504343 11.516993 -17.282160
v 4.058106 8.569715 -21.174871
v 4.188391 8.278813 -21.987106
v 5.781017 8.826663 -19.841032
v 5.987596 8.508441 -20.685398
v 6.183134 8.201517 -21.466541
v 2.122286 8.384384 -22.328880
v 3.920781 8.879737 -20.302870
v 1.983324 8.930408 -20.587349
v 2.052123 8.642471 -21.480400
v 6.050203 18.327850 4.284667
v 3.640314 12.398050 16.408920
v 1.863913 12.407505 16.670319
v 4.615498 15.007003 13.711523
v 4.809283 14.554541 14.359870
v 3.140157 15.017216 14.089705
v 3.282369 14.562617 14.757036
v 1.596301 15.021262 14.308121
v 1.665085 14.573491 14.996835
v 10.092230 11.811316 14.344971
v 8.313296 12.425368 14.666164
v 6.330174 13.109644 14.108474
v 6.291745 13.809720 13.961428
v 6.547392 12.645535 14.648941
v 6.830044 12.370704 15.386354
v 4.891521 13.096508 14.646567
v 4.851260 13.804389 14.513559
v 3.351801 13.098725 15.054509
v 5.058316 12.625596 15.209002
v 5.302396 12.404726 15.983744
v 3.477331 12.631582 15.621483
v 3.321149 13.810662 14.931924
v 1.693747 13.818153 15.191786
v 1.715161 13.107368 15.310476
v 1.776896 12.627649 15.870002
v 8.866438 14.557817 12.271359
v 6.959508 15.357327 11.815117
v 7.311991 15.024079 12.526073
v 7.595872 14.552981 13.110697
v 6.243057 14.547309 13.800666
v 10.593255 12.664762 12.062243
v 11.098292 12.413120 12.684247
v 8.939416 13.833295 12.446118
v 8.999972 13.139235 12.596846
v 9.303512 12.672853 13.087324
v 9.727186 12.424834 13.770144
v 11.165029 14.581079 10.131247
v 13.600481 12.402154 9.985790
v 12.393022 12.404648 11.424664
v 11.439272 13.184469 10.473925
v 11.324368 13.876476 10.331770
v 11.834993 12.693858 10.871186
v 10.257369 13.163225 11.624916
v 12.200573 14.631041 8.818043
v 14.653095 12.386229 8.375951
v 12.395792 13.909281 9.012153
v 12.973899 12.707841 9.499557
v 12.538030 13.210477 9.149565
v 12.516653 15.088230 6.913068
v 13.113764 14.680804 7.340773
v 14.333844 13.261341 6.029710
v 15.535664 12.365788 6.629755
v 14.838473 12.731853 6.281523
v 14.362464 14.741911 3.961626
v 16.218054 12.352526 4.750081
v 14.966349 13.285056 4.273507
v 14.743615 14.029023 4.151424
v 15.491116 12.737540 4.494779
v 14.681435 14.768251 2.158606
v 15.929905 12.735722 2.596149
v 16.685202 12.348642 2.809452
v 15.369797 13.296905 2.446370
v 15.127793 14.057911 2.324498
v 14.031451 15.226736 0.173331
v 15.275934 14.077353 0.480388
v 14.788588 14.776567 0.350705
v 13.952176 15.205195 1.917146
v 16.906445 12.322168 0.803072
v 16.150047 12.751403 0.690946
v 15.571898 13.316309 0.574427
v 14.726081 14.806313 -1.403801
v 15.229803 14.094761 -1.322761
v 16.903664 12.319258 -1.155504
v 15.546819 13.331141 -1.251052
v 13.949636 15.250233 -1.504850
v 14.511271 14.837320 -3.057516
v 15.007651 14.115870 -3.027310
v 16.139347 12.752552 -1.205654
v 16.696856 12.325629 -3.043544
v 15.926437 12.766692 -3.003158
v 15.325156 13.340595 -2.983964
v 14.609069 14.114094 -4.584079
v 14.104076 14.816566 -4.567643
v 16.287836 12.315194 -4.794826
v 14.933026 13.347205 -4.585090
v 15.537410 12.769403 -4.664922
v 14.424224 13.354213 -6.022876
v 15.751637 12.312736 -6.385789
v 15.008348 12.772476 -6.179034
v 14.386761 12.767380 -7.519958
v 15.094572 12.295403 -7.812263
v 12.403278 14.825206 -8.189638
v 12.847701 14.131056 -8.360194
v 12.158514 14.130570 -9.324528
v 14.379711 12.285294 -9.077966
v 13.152163 13.359889 -8.451629
v 13.692554 12.762815 -8.721929
v 12.957171 12.751468 -9.782296
v 12.438200 13.357500 -9.462305
v 11.435250 14.128119 -10.184166
v 9.848927 15.220157 -10.142541
v 10.691175 14.131295 -10.965046
v 13.610291 12.278294 -10.215940
v 12.184171 12.751413 -10.743565
v 12.795161 12.261572 -11.236511
v 11.701942 13.356469 -10.363746
v 10.923285 13.355434 -11.180200
v 11.366652 12.742500 -11.609755
v 10.098722 13.351514 -11.928073
v 8.830875 14.850735 -11.970971
v 9.054358 14.137541 -12.355606
v 7.939196 14.852965 -12.572600
v 11.910645 12.214629 -12.143433
v 10.494153 12.731789 -12.398936
v 11.001650 12.224089 -13.004037
v 9.210485 13.351107 -12.618357
v 9.551800 12.717525 -13.121906
v 8.119668 14.144521 -12.982309
v 8.243044 13.357277 -13.263182
v 10.002612 12.207275 -13.774816
v 8.533461 12.720994 -13.796806
v 4.532233 14.880286 -14.084577
v 4.621801 14.192194 -14.567870
v 3.115326 14.896978 -14.429553
v 1.624189 14.236162 -15.164488
v 8.915504 12.192164 -14.478765
v 7.415617 12.731915 -14.418231
v 5.994027 13.388087 -14.408639
v 6.177900 12.751760 -14.981328
v 7.735968 12.213997 -15.143324
v 6.430101 12.224245 -15.725111
v 5.923963 14.171236 -14.104727
v 4.673794 13.409912 -14.878801
v 4.809486 12.772517 -15.461571
v 4.993232 12.270229 -16.244167
v 3.423112 12.288540 -16.624348
v 1.685642 12.817772 -16.067007
v 1.737785 12.297789 -16.855078
v 1.899654 5.688582 14.271100
v 0.867747 32.748627 5.387945
v 1.479488 71.603424 9.138247
v 1.605360 71.605804 9.979307
v 1.719915 71.608490 10.835883
v 1.535708 71.603622 -9.683128
v -22.950693 74.383980 -5.451551
v -21.884232 74.418709 -8.643671
v -19.696199 73.441208 -11.398879
v -16.159927 72.948921 -12.738907
v -17.034285 73.018745 -13.487633
v -17.941013 73.432281 -14.185880
v -21.169502 75.487984 -12.081453
v -19.768021 79.705193 -15.004375
v -19.665524 78.290253 -15.094966
v -19.529024 76.867554 -15.159608
v -21.618605 79.741966 -11.788865
v -21.548880 78.320152 -11.915175
v -21.451077 76.895737 -12.000968
v -19.113674 72.932564 -7.289246
v -16.911716 72.940804 -9.472172
v -17.797235 72.952927 -10.147280
v -18.737774 73.042206 -10.789100
v -22.763895 75.474602 -8.739285
v -20.107037 73.015205 -7.891200
v -20.570269 74.279846 -11.833226
v -23.078257 76.893486 -8.626390
v -23.147810 78.353203 -8.405858
v -19.437195 83.828491 -14.421091
v -19.747065 82.503296 -14.729840
v -19.813570 81.113518 -14.891768
v -16.433310 84.848251 -12.171944
v -17.545294 84.857140 -12.986891
v -14.464971 84.802322 -14.526259
v -18.609810 84.710083 -13.775401
v -15.450915 84.844803 -15.488775
v -23.079113 82.598778 -8.187076
v -22.621138 83.898071 -8.002326
v -23.174320 79.794975 -8.335983
v -23.193302 81.204483 -8.261588
v -21.551399 82.510536 -11.560692
v -21.182177 83.794380 -11.323009
v -21.639729 81.143112 -11.694196
v -16.551216 84.808624 -8.866848
v -17.949095 84.818939 -9.578363
v -19.179243 84.835327 -10.227746
v -15.171280 84.903496 -11.282213
v -21.621340 84.747337 -7.656502
v -20.312737 84.654602 -10.836742
v -1.974576 5.630670 -3.577424
v -3.920160 5.633989 -2.122020
v -1.983842 5.635527 -2.133395
v -1.986804 5.638584 -0.675165
v -3.901900 5.630080 -3.561674
v -1.981579 5.641718 0.791145
v -1.970186 5.645269 2.257926
v -3.881578 5.643385 2.249935
v -1.955244 5.646877 3.729050
v -13.252497 5.644094 -5.662891
v -12.868409 5.642269 -7.158813
v -16.205898 5.661980 -6.481246
v -17.389505 5.672579 -6.880461
v -17.841759 5.675613 -4.963545
v -18.921751 5.692687 -5.222638
v -15.167807 5.655636 -4.380073
v -16.606436 5.665695 -4.678750
v -19.325823 5.721148 -7.566647
v -14.832536 5.653054 -6.061054
v -22.150578 6.589686 -6.014875
v -21.537674 5.985957 -5.867868
v -20.242990 5.732467 -3.225645
v -19.869713 5.726386 -5.453475
v -22.089054 7.460489 -6.016277
v -21.475763 8.013467 -5.874566
v -20.733166 5.795722 -5.664921
v -20.145813 5.800577 -7.859885
v -19.409882 5.694245 -0.923975
v -16.961180 5.670434 -0.873586
v -18.269077 5.681544 -0.901211
v -16.856949 5.668374 -2.797606
v -18.145580 5.681165 -2.955091
v -22.069832 7.989310 -0.991180
v -22.757296 7.475728 -1.004567
v -22.168486 5.955630 -0.983726
v -22.840130 6.566117 -0.996646
v -20.406878 5.726770 -0.942939
v -21.314577 5.781686 -0.960523
v -22.513107 7.454546 -3.540903
v -21.960890 5.989489 -3.455558
v -22.600241 6.577391 -3.551090
v -21.880243 7.988242 -3.478972
v -19.257069 5.698404 -3.096864
v -21.128166 5.798950 -3.346003
v -18.136530 72.936951 -6.698418
v -16.272188 72.920135 -5.739460
v -17.196301 72.928947 -6.157913
v -23.657969 75.493019 -5.354023
v -21.091496 73.048256 -4.965114
v -21.105968 73.474205 -8.349010
v -22.039869 73.598763 -5.350299
v -24.056473 78.380402 -4.583118
v -19.604559 72.937965 -0.243474
v -17.935968 72.928337 -3.291247
v -16.950800 72.921234 -3.005406
v -23.639423 74.223793 -0.197822
v -23.497742 74.349770 -2.660592
v -22.868357 73.529121 -0.295462
v -21.957392 73.117035 -0.166491
v -21.167824 73.001541 -0.263788
v -20.729942 72.964653 -1.731052
v -21.679966 73.109184 -2.406590
v -22.661146 73.554253 -2.585852
v -19.041792 72.937798 -3.616336
v -20.051651 72.951080 -4.444200
v -24.071606 79.842567 -4.478220
v -23.994122 76.828651 -4.689558
v -24.097872 75.318993 -2.073566
v -24.489456 78.327934 -0.362383
v -24.483637 79.901039 -0.446173
v -24.415016 76.592766 -0.416025
v -23.453176 83.949852 -4.361546
v -24.044813 81.267616 -4.468961
v -16.263485 84.636635 -3.062321
v -17.537628 84.811295 -6.225575
v -19.062660 84.808838 -6.745706
v -15.761026 84.781456 -5.682599
v -22.390678 84.749191 -4.171391
v -19.728912 84.799881 -3.673427
v -20.376577 84.849854 -7.213290
v -23.767799 84.038078 -0.485918
v -18.319721 84.739433 -0.363429
v -16.417503 84.654907 -0.307823
v -18.146671 84.734169 -3.377054
v -22.639694 84.793121 -0.495668
v -21.320459 84.828148 -0.464029
v -19.938395 84.784950 -0.425559
v -21.106173 84.839432 -3.940712
v -23.932137 82.652878 -4.435213
v -10.091923 5.667462 8.007029
v -9.796280 5.674347 9.469552
v -10.593682 5.683786 10.637396
v -9.647671 5.681254 10.791387
v -5.372972 5.665701 10.000278
v -6.947290 5.667704 9.769424
v -5.380310 5.677064 11.921778
v -8.406501 5.670087 9.504671
v -3.720417 5.654747 8.379889
v -5.425742 5.657053 8.229317
v -3.695303 5.664183 10.200315
v -1.889578 5.663333 10.324771
v -1.903242 5.653775 8.479957
v -24.272871 82.732651 -0.484416
v -24.437792 81.337952 -0.453565
v -3.296980 42.199104 4.299472
v -3.291142 43.551041 4.294078
v -2.569282 43.540939 4.760865
v -1.768694 43.531082 5.126341
v -1.770187 42.180485 5.130812
v -0.905817 43.525581 5.353416
v -3.303935 40.846626 4.309371
v -2.565734 42.187717 4.754815
v -1.768044 40.831970 5.129628
v -0.904561 40.828911 5.371793
v -0.907109 42.175327 5.371002
v -3.297138 38.151817 4.334197
v -2.565338 39.491367 4.775661
v -2.552588 38.145782 4.785526
v -3.297244 39.497726 4.315425
v -2.569246 40.838814 4.770478
v -1.760326 39.487301 5.137962
v -0.892326 38.141285 5.380590
v -0.899014 39.485203 5.364135
v -3.283731 36.806114 4.345264
v -1.750509 38.142841 5.148187
v -1.734474 36.796284 5.152740
v -0.888039 36.793514 5.411609
v -3.912499 34.118301 3.836088
v -3.270390 35.463554 4.367397
v -2.518584 34.109180 4.835409
v -2.528576 36.802280 4.777524
v -2.528593 35.455727 4.815447
v -1.729162 35.449127 5.172471
v -0.882470 35.441525 5.413453
v -10.502947 5.662510 6.670437
v -12.084772 5.670550 7.018679
v -8.599315 5.662612 7.979331
v -8.840012 5.656254 6.505538
v -10.891729 5.657873 5.284094
v -9.355700 5.646825 3.719561
v -9.117160 5.651103 5.126522
v -5.500044 5.650914 6.616672
v -7.183737 5.652324 6.532000
v -7.031986 5.658831 8.055779
v -3.760642 5.649236 6.718638
v -5.589257 5.646648 5.125731
v -5.671210 5.643974 3.680207
v -1.919410 5.648520 6.790962
v -3.802809 5.646937 5.181393
v -1.937787 5.647099 5.224429
v -4.967351 42.227444 2.364741
v -4.506277 42.219398 3.101855
v -4.492145 43.571136 3.089288
v -3.945866 42.208824 3.748356
v -4.981071 40.873642 2.371879
v -4.512407 40.865002 3.106634
v -3.952298 40.856602 3.756960
v -5.575372 42.242203 0.683491
v -5.554410 44.934570 0.648033
v -5.613664 39.529625 0.721132
v -5.595603 40.887230 0.699997
v -5.317457 43.585640 1.539717
v -5.340985 40.881401 1.557100
v -5.311066 42.235016 1.540861
v -3.932699 43.562885 3.729039
v -4.993020 36.816048 2.411801
v -4.987477 38.165642 2.387767
v -4.991301 39.519096 2.378035
v -4.515445 38.162010 3.122257
v -4.530096 39.512032 3.124552
v -3.952150 39.504955 3.758602
v -5.367421 36.816345 1.615366
v -4.522548 36.813560 3.148183
v -3.950095 36.811920 3.798826
v -3.953345 38.156315 3.777332
v -5.610596 38.172585 0.748238
v -5.372264 38.169952 1.590797
v -5.341621 39.524879 1.565874
v -5.614411 35.464832 0.818732
v -4.995091 35.466141 2.442033
v -4.980373 34.115948 2.478741
v -4.501767 34.117527 3.201482
v -4.518969 35.467808 3.178898
v -14.209481 5.676515 6.084899
v -5.709772 35.465790 -0.025948
v -5.614907 36.817314 0.780777
v -5.609088 34.110943 0.865310
v -5.371091 35.464954 1.652836
v -3.931575 35.465210 3.810166
v -3.874515 31.401403 3.902760
v -12.628582 5.666679 5.615248
v -3.846167 30.035870 3.934915
v -17.941566 5.689723 3.228671
v -19.062193 5.704688 3.452111
v -16.648851 5.679188 2.979428
v -18.211081 5.684311 1.166085
v -19.344898 5.703986 1.270195
v -15.366291 5.664471 0.961085
v -16.892576 5.675305 1.063658
v -22.077627 5.997794 1.519359
v -22.656677 7.474274 1.572694
v -3.705786 24.623140 4.043542
v -20.921230 5.801633 3.837273
v -20.040726 5.734867 3.656594
v -21.991282 8.000729 1.505333
v -22.749605 6.575827 1.576680
v -21.242228 5.788261 1.442172
v -20.345016 5.734876 1.360783
v -4.206335 23.330526 3.588637
v -19.503588 5.741507 5.901562
v -18.740620 5.747813 8.051215
v -15.611044 5.686599 6.614670
v -18.553778 5.712181 5.588724
v -16.211750 5.682553 4.850975
v -17.472494 5.695120 5.231923
v -21.150734 6.006374 6.434743
v -21.609123 7.466147 6.592607
v -21.769651 6.600798 6.632882
v -20.956886 7.930306 6.391259
v -21.731701 6.016479 4.000615
v -22.281296 7.479440 4.115613
v -22.372360 6.598110 4.131670
v -21.623714 7.994843 3.992635
v -20.357515 5.793855 6.180348
v -11.512486 5.649675 2.370981
v -11.249310 5.653748 3.862453
v -9.553185 5.642509 2.282695
v -9.682094 5.638167 0.805459
v -7.616995 5.638944 2.245459
v -7.495367 5.642910 3.675638
v -7.340303 5.646904 5.084942
v -5.742099 5.640422 2.242177
v -3.845054 5.645091 3.706456
v -7.704397 5.634038 0.796496
v -3.921327 5.636586 -0.668529
v -3.907567 5.639794 0.791564
v -5.793645 5.636697 0.792801
v -5.617739 42.243084 -1.097813
v -5.601720 43.592247 -1.129772
v -5.688872 40.889511 -0.181954
v -5.686134 42.245014 -0.209888
v -5.639904 40.889725 -1.060237
v -5.480823 39.531898 -1.871131
v -5.389307 43.588848 -1.990908
v -5.057479 44.934128 -2.834625
v -5.090168 42.233631 -2.776642
v -5.063267 43.585117 -2.805050
v -4.686903 42.228088 -3.549460
v -4.640402 44.933273 -3.599165
v -5.466710 40.885761 -1.926672
v -5.414074 42.239918 -1.957167
v -5.166610 39.526642 -2.699874
v -5.134581 40.881660 -2.738433
v -4.719757 40.875042 -3.518452
v -5.704314 39.532700 -0.147451
v -5.197603 38.174519 -2.653072
v -5.717528 38.174328 -0.111535
v -5.686677 38.177727 -0.969965
v -5.660820 39.532104 -1.018584
v -5.684174 36.822083 -0.923921
v -5.539859 36.825039 -1.781469
v -5.502419 38.176273 -1.824301
v -4.786067 38.168800 -3.454557
v -4.770677 39.522160 -3.491528
v -5.231582 36.821880 -2.618300
v -4.820647 35.467461 -3.388994
v -4.808199 36.817642 -3.421693
v -5.741434 34.113663 0.016898
v -5.704998 36.820114 -0.069865
v -5.748349 34.114799 -0.838995
v -5.701391 35.470585 -0.881437
v -5.581659 34.118958 -1.707954
v -5.561568 35.471249 -1.739605
v -5.293286 34.117847 -2.561806
v -5.252866 35.471687 -2.584132
v -4.276114 35.464088 -4.144671
v -9.746235 5.634996 -0.688598
v -9.755503 5.631887 -2.185635
v -11.763833 5.642263 -0.732494
v -7.756733 5.627849 -2.126527
v -11.660911 5.636783 -3.834255
v -7.725817 5.625597 -3.573424
v -7.753158 5.630975 -0.667605
v -5.820966 5.632708 -0.662651
v -5.824577 5.629556 -2.114845
v -5.798048 5.626606 -3.549504
v -4.151285 42.221085 -4.247949
v -4.177431 40.868229 -4.214836
v -3.499477 42.214912 -4.852176
v -2.739969 43.567142 -5.387654
v -1.903975 43.566883 -5.792714
v -1.906303 42.209225 -5.786981
v -0.986656 42.211720 -6.089930
v -3.566408 39.511158 -4.847364
v -2.788148 39.507999 -5.375976
v -3.524006 40.863201 -4.839414
v -2.750512 42.211700 -5.375185
v -0.981193 43.566544 -6.048482
v -0.988671 40.854183 -6.099705
v -4.247633 38.163616 -4.186243
v -4.213965 39.516514 -4.201671
v -4.271239 36.812454 -4.172314
v -3.589632 38.159718 -4.844620
v -2.765260 40.857681 -5.367225
v -1.922401 39.503967 -5.789710
v -2.825933 36.805973 -5.385470
v -2.803054 38.156361 -5.371137
v -1.943745 36.805874 -5.790871
v -1.940011 38.154404 -5.809287
v -0.997887 36.805325 -6.071130
v -0.989711 39.502888 -6.086458
v -1.912510 40.856728 -5.789446
v -1.007169 35.459839 -6.101854
v -0.994017 38.152943 -6.077832
v -4.305922 34.115799 -4.135700
v -3.597687 36.808842 -4.823059
v -3.630531 34.114857 -4.806835
v -3.618940 35.460232 -4.819197
v -2.862656 32.768204 -5.365369
v -1.960429 34.113808 -5.786862
v -1.951002 35.457909 -5.790646
v -1.011541 34.114204 -6.100510
v -17.941628 72.928528 2.858281
v -19.054428 72.938370 3.257475
v -18.278419 72.929565 -0.158170
v -17.180182 72.922409 -0.189736
v -16.221842 72.906593 -0.168400
v -16.012989 72.900978 2.461800
v -23.498220 74.358635 1.981188
v -22.959156 74.372841 4.911547
v -22.115660 73.543625 4.728361
v -21.110909 73.088928 4.507136
v -22.647448 73.562965 2.170263
v -20.731936 72.978233 1.420878
v -21.675043 73.120094 1.857154
v -18.181601 72.937752 6.152264
v -19.183458 72.963684 6.744115
v -17.234528 72.930038 5.722132
v -16.957108 72.920883 2.659736
v -16.300713 72.918686 5.327297
v -23.616158 75.553719 4.559535
v -20.055920 72.971428 3.905290
v -24.136742 74.989830 -0.372058
v -24.032145 75.329109 1.595677
v -24.077528 78.460381 3.750243
v -23.944130 76.874084 4.047485
v -9.571844 5.628205 -5.103365
v -9.688469 5.629967 -3.655789
v -7.636503 5.623369 -4.990341
v -11.460154 5.635437 -5.322690
v -9.362309 5.627119 -6.508402
v -11.190323 5.634399 -6.769456
v -5.663931 5.619951 -6.374659
v -5.747950 5.623257 -4.969441
v -3.867783 5.625596 -4.984801
v -7.516087 5.622095 -6.394738
v -7.341333 5.621341 -7.786073
v -3.821067 5.620783 -6.401228
v -1.956999 5.625370 -5.006583
v -1.906213 5.615084 -7.859685
v -1.933649 5.619743 -6.429772
v -9.118236 5.626812 -7.897129
v -8.820422 5.626552 -9.261215
v -10.426160 5.632515 -9.505932
v -7.157871 5.621742 -9.184478
v -5.565140 5.618141 -7.783671
v -5.444795 5.617262 -9.204086
v -23.347134 84.012604 3.420966
v -23.865965 82.764206 3.544419
v -5.326084 5.618744 -10.642963
v -6.961176 5.622558 -10.584127
v -3.760056 5.616203 -7.822647
v -3.693469 5.615062 -9.261226
v -1.874381 5.613930 -9.309149
v -1.840333 5.614580 -10.783203
v -3.621724 5.616129 -10.723116
v -18.066832 84.719116 2.694905
v -16.186653 84.667435 2.490954
v -22.268431 84.742485 3.258803
v -21.009169 84.816353 3.059657
v -19.640512 84.779282 2.888467
v -3.497600 5.622407 -13.692119
v -1.806779 5.617414 -12.279148
v -22.493614 84.095848 7.254859
v -23.156404 81.431602 7.531838
v -18.881205 84.828506 6.093046
v -17.364763 84.841759 5.667590
v -15.593556 84.836258 5.207810
v -21.421005 84.803314 6.875209
v -20.181795 84.831451 6.495687
v -24.043259 81.390335 3.601162
v -24.081629 79.949326 3.679056
v -5.452881 5.689542 13.857419
v -7.071419 5.690358 13.463138
v -7.303967 5.702875 15.183131
v -3.729928 5.689045 14.124539
v -5.607829 5.702664 15.672322
v -6.937120 5.678167 11.580276
v -3.691593 5.676068 12.152493
v -14.950288 5.706218 10.616088
v -12.912466 5.696963 11.229918
v -13.560963 5.680494 7.598060
v -14.846124 5.690919 8.270103
v -13.956256 5.694292 9.816091
v -12.798321 5.683508 8.993814
v -11.992811 5.687357 10.341150
v -8.911139 5.703252 14.513400
v -11.065893 5.689789 11.387083
v -9.943234 5.690946 12.263732
v -8.562364 5.690652 12.883132
v -10.393477 5.704309 13.596604
v -16.017094 7.941050 14.684894
v -15.210472 5.750919 13.741796
v -13.076385 5.729243 14.548989
v -10.940725 5.717894 14.859808
v -11.480669 5.740899 15.891459
v -13.668079 5.757133 15.345370
v -13.774874 5.709494 12.186564
v -14.532205 5.728653 13.019729
v -11.751065 5.700600 12.552789
v -12.427902 5.712572 13.604172
v -18.936695 7.906839 10.856342
v -19.228724 6.042678 10.976801
v -19.779243 6.649592 11.308704
v -19.592634 7.522683 11.219588
v -18.526621 5.802291 10.551910
v -15.823081 5.726699 11.343209
v -17.767931 5.752604 10.079254
v -16.585646 5.755912 11.979964
v -16.804356 5.699017 7.147032
v -17.839287 5.716256 7.626500
v -15.967072 5.706204 8.937577
v -16.924429 5.723232 9.546597
v -20.886196 6.625312 9.028437
v -20.301285 6.032192 8.765575
v -20.707285 7.478638 8.959579
v -19.550304 5.828603 8.425311
v -16.416376 6.035462 14.961701
v -16.829227 6.698999 15.374381
v -16.542919 7.496321 15.143665
v -15.829315 5.823123 14.378225
v -18.419537 6.675313 13.437887
v -17.592016 7.964086 12.879549
v -18.193159 7.529656 13.293619
v -17.933113 6.031089 13.055947
v -17.279631 5.813650 12.540573
v -1.886434 5.675330 12.287485
v -17.947876 72.952110 9.409843
v -15.531947 72.944641 11.233815
v -16.381994 72.950005 11.873762
v -18.916492 73.072647 9.982643
v -17.035015 72.935432 8.829661
v -21.311159 75.599060 11.171223
v -20.749510 74.342796 10.963018
v -19.900562 73.485504 10.524814
v -22.748259 75.550598 8.015233
v -22.129456 74.346153 7.911392
v -20.180944 73.061592 7.218029
v -21.209991 73.486679 7.680899
v -21.595913 78.528229 11.157855
v -21.531792 77.031593 11.204337
v -23.172920 78.499458 7.695742
v -23.192152 79.999031 7.595798
v -23.084068 77.005516 7.800189
v -19.075079 74.272316 13.820320
v -19.549387 75.556564 14.160898
v -16.120241 73.473633 15.644710
v -18.229992 73.408951 13.214523
v -17.306826 73.019096 12.570242
v -19.750292 78.512428 14.314830
v -19.706602 77.023972 14.265945
v -21.572252 81.428169 11.068979
v -20.994331 84.053802 10.726572
v -21.410231 82.790359 10.970153
v -21.612354 80.003891 11.122511
v -23.031231 82.825027 7.440569
v -18.885830 84.822090 9.655193
v -17.663198 84.821236 9.069936
v -14.792439 84.715721 10.873329
v -16.267044 84.833015 8.427367
v -20.018480 84.762367 10.235652
v -19.595554 82.826599 14.240560
v -19.749542 79.990341 14.329689
v -19.704720 81.424713 14.313271
v -19.164177 84.126541 13.936345
v -18.210360 84.813225 13.245705
v -16.042202 84.765747 11.721972
v -17.153894 84.801903 12.492049
v -3.955511 5.715939 17.620144
v -1.937530 5.701541 16.147787
v -3.817789 5.702245 15.980899
v -2.003730 5.717426 17.822744
v -5.830457 5.715259 17.249191
v -6.096189 5.735687 18.565260
v -4.134241 5.734889 19.006493
v -2.369804 8.168519 21.832144
v -2.402781 6.037282 22.394163
v -2.447574 7.731537 22.653021
v -2.467968 6.808819 22.973751
v -2.092535 5.737761 19.255301
v -2.299004 5.810855 21.474949
v -2.194605 5.760963 20.454378
v -4.725116 6.094432 21.989056
v -4.806760 7.691835 22.243099
v -4.865642 6.809974 22.553787
v -6.780398 8.050558 20.851374
v -6.939657 6.102916 21.370323
v -7.129400 6.800292 21.907801
v -7.036020 7.651293 21.592905
v -4.653739 8.121379 21.463869
v -6.382685 5.767980 19.650354
v -6.664565 5.858344 20.565250
v -4.332037 5.765816 20.160002
v -4.534665 5.815722 21.136992
v -8.397976 5.679949 11.234447
v -11.529364 5.674776 8.386237
v -10.965122 5.679150 9.578522
v -10.661967 7.922034 18.946787
v -10.212465 5.759051 17.951044
v -10.626980 5.839500 18.746592
v -7.977292 5.734032 17.907814
v -8.339650 5.771081 18.917030
v -9.327365 5.717085 15.879388
v -7.619678 5.716086 16.679224
v -9.772045 5.731805 17.017141
v -12.909569 7.457338 18.224962
v -12.924067 6.048880 18.170349
v -12.509693 7.915143 17.712893
v -13.178185 6.749849 18.546448
v -12.471365 5.835494 17.498056
v -14.297901 7.924500 16.299780
v -14.724612 6.054729 16.661913
v -14.771761 7.478265 16.786659
v -15.047453 6.729893 17.066528
v -14.211594 5.821122 16.038618
v -11.989487 5.777674 16.754702
v -11.026239 6.072565 19.452637
v -11.266926 6.769686 19.881077
v -11.035360 7.490881 19.522106
v -8.776090 7.970171 20.001226
v -9.039804 6.075381 20.540230
v -9.100365 7.584032 20.680515
v -9.277386 6.779511 21.037024
v -8.697875 5.837902 19.773523
v -3.904221 32.762714 3.873419
v -3.261538 34.114223 4.394115
v -3.250715 32.761364 4.431068
v -2.483653 31.401703 4.879643
v -2.503612 32.756855 4.850003
v -1.705137 32.753334 5.169615
v -1.692112 31.402719 5.201397
v -0.876126 34.093246 5.394453
v -1.723774 34.099525 5.185743
v -0.860240 31.404585 5.397555
v -3.111371 72.938637 18.660269
v -2.719732 72.916313 16.732204
v -2.906611 72.927139 17.687750
v -6.128707 72.934486 17.954416
v -6.523267 72.937622 18.913307
v -5.373846 72.920418 16.101334
v -5.738252 72.928322 17.015816
v -8.922762 72.939903 16.792976
v -3.964139 74.097221 22.882565
v -4.044912 75.381241 23.592216
v -3.776167 73.273697 21.860941
v -3.331918 72.938873 19.662264
v -6.965796 72.971481 19.943205
v -3.558703 72.937965 20.718950
v -3.997227 78.409706 23.957182
v -4.038634 76.877182 23.883524
v -10.077172 72.995804 18.619049
v -8.408922 72.928230 15.912259
v -9.512756 72.933029 17.711123
v -14.583727 75.508881 19.077751
v -12.895779 73.038910 16.946785
v -14.245403 74.274765 18.577295
v -12.128690 72.940025 16.056705
v -13.601584 73.387672 17.767431
v -4.952343 32.762009 2.509309
v -4.487579 32.763847 3.243986
v -4.469670 31.403112 3.282520
v -5.598114 32.758404 0.909823
v -5.585904 31.404085 0.966358
v -5.338894 31.404924 1.792320
v -5.331469 32.759567 1.733402
v -5.359870 34.113129 1.688313
v -14.626575 78.459778 19.439293
v -14.549333 79.941490 19.470451
v -14.694559 76.969940 19.337576
v -7.918489 75.422890 22.606363
v -11.187515 74.209053 20.454227
v -11.467062 75.486481 21.068018
v -7.732815 74.171577 21.959915
v -10.696252 73.397018 19.622736
v -7.389467 73.337936 20.962976
v -7.848127 78.420578 22.997631
v -7.924051 76.905457 22.887428
v -11.418337 78.440033 21.406706
v -11.325062 79.928665 21.450974
v -11.481696 76.936317 21.313835
v -16.808405 74.302452 16.277222
v -17.236263 75.578888 16.714504
v -17.333794 78.490570 16.972471
v -17.340500 77.005966 16.903912
v -14.751850 5.672422 4.455233
v -13.411308 5.658511 2.524852
v -13.072190 5.662528 4.114778
v -15.136246 5.668772 2.741790
v -13.612828 5.654595 0.883731
v -11.685489 5.645627 0.831615
v -2.880646 84.626175 17.287823
v -3.114983 84.652336 19.029905
v -6.152527 84.775719 18.419838
v -5.681433 84.755249 16.781059
v -3.744821 84.100082 23.067482
v -3.911490 81.404259 23.906816
v -7.427863 84.095116 22.221252
v -7.622108 82.825684 22.826077
v -3.866685 82.823685 23.676048
v -3.563812 84.713966 21.850271
v -6.609156 84.752434 19.806879
v -7.022141 84.750084 21.095074
v -3.340940 84.675247 20.514988
v -5.749420 32.756752 0.068295
v -5.735544 31.404640 -0.759125
v -5.746195 32.760902 -0.802841
v -5.611191 32.760590 -1.676805
v -5.298912 32.765045 -2.539151
v -4.874763 32.764729 -3.362151
v -4.352984 31.413754 -4.125779
v -4.860410 34.118717 -3.384387
v -13.963264 84.006416 18.894852
v -14.335675 82.783829 19.385660
v -14.486884 81.383453 19.498384
v -9.681457 84.814568 18.637005
v -10.321589 84.782127 19.798357
v -8.347284 84.805603 15.910310
v -9.038270 84.807487 17.362354
v -13.285175 84.766197 18.039192
v -15.944939 84.767921 15.838650
v -11.682383 84.817436 15.895515
v -12.516083 84.831566 16.989843
v -7.781435 79.928566 23.033266
v -7.722552 81.398094 23.003723
v -11.129189 82.775742 21.277534
v -10.824879 84.038559 20.791370
v -11.243920 81.380760 21.439320
v -16.744896 84.060127 16.631483
v -17.106222 82.772552 16.945732
v -17.284466 79.961716 17.015921
v -17.217821 81.391647 17.014931
v -15.436206 5.660998 -0.834599
v -13.689598 5.651184 -0.783637
v -15.367241 5.658277 -2.621692
v -13.656196 5.648492 -2.450247
v -11.748343 5.639275 -2.291417
v -13.504060 5.645933 -4.079374
v -4.335751 32.767311 -4.141022
v -3.657781 32.766708 -4.806593
v -3.681282 31.416475 -4.815270
v -2.892690 31.419830 -5.385639
v -2.823624 35.459202 -5.354482
v -1.976930 32.769646 -5.799177
v -2.844863 34.113083 -5.360556
v -1.988909 31.424109 -5.806501
v -1.026734 31.428110 -6.126701
v -1.017832 32.771770 -6.102318
v -3.693125 28.720022 -4.759154
v -3.673229 30.066116 -4.770968
v -2.894313 28.727106 -5.328331
v -2.943463 27.389194 -5.348277
v -2.882549 30.071096 -5.346931
v -1.997728 30.077566 -5.804247
v -2.007096 28.733084 -5.794281
v -1.030823 30.082218 -6.123101
v -1.036171 28.738016 -6.114945
v -3.783674 26.057966 -4.699458
v -3.747988 27.382397 -4.761368
v -2.993742 26.066912 -5.325952
v -2.039104 27.395466 -5.813865
v -2.073584 26.069193 -5.796618
v -3.884326 24.760523 -4.645406
v -3.063492 24.767414 -5.278770
v -2.130089 24.773279 -5.780361
v -1.052765 27.397894 -6.136928
v -1.074015 26.071434 -6.142605
v -1.102187 24.769810 -6.133443
v -3.977778 23.497641 -4.532717
v -3.225762 22.312666 -5.109226
v -3.151536 23.511564 -5.211478
v -2.184727 23.515512 -5.727145
v -4.064662 22.300554 -4.372259
v -3.295894 21.196859 -4.990776
v -2.338052 20.187544 -5.578271
v -2.274862 21.213890 -5.602669
v -2.237988 22.325796 -5.662778
v -1.148877 22.330515 -6.007028
v -1.178026 21.224823 -6.026172
v -1.128844 23.518244 -6.082387
v -3.707644 19.184580 -5.042833
v -3.376667 20.176727 -4.909805
v -2.453463 19.279036 -5.769275
v -2.817469 18.610790 -6.439484
v -1.190804 20.219748 -6.009896
v -1.257732 19.326544 -6.203267
v -1.345311 18.703077 -6.809126
v -2.813172 18.096048 -7.296699
v -1.418144 18.185595 -7.584431
v -3.951062 79.926651 23.966705
v -10.817176 5.632885 -8.154873
v -10.014910 5.632949 -10.796070
v -8.541522 5.627617 -10.621614
v -6.797812 5.625153 -11.991353
v -8.117977 5.632177 -13.238644
v -8.283678 5.629275 -11.943789
v -3.553248 5.618712 -12.204288
v -5.214641 5.621401 -12.095203
v -5.136827 5.624961 -13.548145
v -6.653868 5.632652 -14.725908
v -6.678694 5.628467 -13.376740
v -1.756899 5.626122 -15.265803
v -3.470107 5.627338 -15.156223
v -1.776936 5.621292 -13.781796
v -20.136877 6.023091 -10.184239
v -20.617949 7.442661 -10.401506
v -20.065485 7.968557 -10.143547
v -20.652658 6.619548 -10.414339
v -20.910788 6.011156 -8.126834
v -20.855108 8.006411 -8.125799
v -21.476234 6.603529 -8.331886
v -21.433558 7.456668 -8.317869
v -16.207813 5.690015 -12.198385
v -18.638241 5.728259 -9.493024
v -19.421906 5.800860 -9.853688
v -17.851650 5.718644 -11.202872
v -18.588486 5.800487 -11.621606
v -14.377988 5.650683 -7.644701
v -15.675549 5.659452 -8.155128
v -16.794643 5.669627 -8.642273
v -17.775505 5.693841 -9.093919
v -16.101669 5.673388 -10.229728
v -17.026518 5.689950 -10.738024
v -18.414101 5.692562 -7.239725
v -16.683144 5.822876 -14.570323
v -17.190744 7.970941 -14.980175
v -17.260496 6.067833 -15.031833
v -17.603607 7.418381 -15.316945
v -17.647408 6.650400 -15.346581
v -18.707106 6.647132 -13.873505
v -18.660950 7.409297 -13.839851
v -16.040089 5.723711 -14.059447
v -16.977695 5.740574 -12.708337
v -17.670805 5.837494 -13.171873
v -19.170086 7.932479 -11.930153
v -19.251257 6.050453 -11.991160
v -19.674894 7.424518 -12.226322
v -19.712692 6.634706 -12.252169
v -18.196199 7.915045 -13.519567
v -18.287796 6.071199 -13.592330
v -13.813494 5.649002 -9.104432
v -13.198421 5.647801 -10.449096
v -11.886268 5.639922 -9.907546
v -11.369532 5.639639 -11.169147
v -12.412529 5.641025 -8.578401
v -15.038892 5.658494 -9.671890
v -11.967929 5.653636 -14.420482
v -12.655133 5.664623 -15.112009
v -11.536717 5.661214 -16.054760
v -14.358244 5.676802 -14.696238
v -15.008823 5.731958 -15.289635
v -10.863802 5.640015 -12.316084
v -12.553518 5.646985 -11.680922
v -11.906859 5.646689 -12.807833
v -12.817544 5.654922 -13.414125
v -13.625196 5.666059 -14.058513
v -14.512238 5.664906 -12.909018
v -14.337442 5.656522 -11.045216
v -15.329395 5.668523 -11.635613
v -13.594863 5.654965 -12.285264
v -15.315819 5.682585 -13.501987
v -8.065195 5.635725 -14.449567
v -10.083450 5.641438 -14.032491
v -8.193130 5.640699 -15.589540
v -9.466268 5.642960 -15.117639
v -10.995019 5.651303 -15.294254
v -9.662882 5.634399 -12.047153
v -9.380417 5.636435 -13.184856
v -9.275012 5.639096 -14.206109
v -11.230624 5.646694 -13.786213
v -10.425329 5.640912 -13.330401
v -10.482573 5.645139 -14.572618
v -16.361925 84.659286 -16.411139
v -17.337702 81.081909 -17.640327
v -17.325417 82.463768 -17.500980
v -17.062449 83.771370 -17.140631
v -13.672088 84.685410 -18.776430
v -12.068582 84.799034 -16.610571
v -12.873866 84.848434 -17.720787
v -8.622113 84.766426 -16.876101
v -9.267875 84.796028 -18.327848
v -14.536116 82.483116 -20.085648
v -14.278819 83.813545 -19.658821
v -9.907965 84.836525 -19.567270
v -10.500561 84.665283 -20.737978
v -14.531539 81.072746 -20.230671
v -11.148152 81.051353 -22.218927
v -10.988447 83.795486 -21.677738
v -11.147712 82.458939 -22.105028
v -5.810449 84.627052 -17.966824
v -5.409929 84.514168 -16.034922
v -7.951392 84.735138 -15.171041
v -2.713824 84.432236 -16.532097
v -6.663089 84.836021 -20.925934
v -7.096359 84.740372 -22.208120
v -6.250728 84.740448 -19.563835
v -3.337445 84.842422 -21.699823
v -3.532767 84.683372 -23.013435
v -2.920170 84.605110 -18.568192
v -3.124981 84.731453 -20.276123
v -7.449728 79.599312 -23.774357
v -7.502560 81.040085 -23.775644
v -7.420651 83.864151 -23.277866
v -7.542367 82.481522 -23.713316
v -17.142416 76.857452 -17.844980
v -17.213728 78.272087 -17.801308
v -17.272051 79.683662 -17.743477
v -15.864921 73.461197 -16.606474
v -18.742514 74.247879 -14.786628
v -16.590467 74.268822 -17.285820
v -17.022310 75.475327 -17.725805
v -19.284836 75.482056 -15.085664
v -14.433328 78.234222 -20.330627
v -13.580384 73.428383 -18.635424
v -14.183684 74.266472 -19.420963
v -14.494631 75.411285 -19.998388
v -14.198754 72.955627 -15.012620
v -12.787528 73.039047 -17.806969
v -15.038478 73.036079 -15.813158
v -9.298785 72.938087 -18.642206
v -8.570831 72.937294 -17.629177
v -10.301593 73.055534 -19.433451
v -10.015036 72.922401 -14.327009
v -10.562006 72.928490 -15.191854
v -7.659232 72.920204 -15.726902
v -8.099222 72.928284 -16.662525
v -11.191854 72.934883 -16.073984
v -14.491201 76.813545 -20.290144
v -14.480559 79.663750 -20.275526
v -11.227873 76.667793 -22.162901
v -11.099342 78.183762 -22.261145
v -11.090651 79.624115 -22.262199
v -11.608798 74.268105 -21.022984
v -9.135153 74.261833 -22.284620
v -8.940829 75.158371 -22.926201
v -11.631629 75.386360 -21.750696
v -8.807146 73.510002 -21.493076
v -11.145466 73.531136 -20.271523
v -5.742053 72.939262 -18.864630
v -5.382690 72.928238 -17.754772
v -5.145586 72.921921 -16.737001
v -2.549993 72.923714 -17.343391
v -2.675367 72.928406 -18.389277
v -2.452781 72.913605 -16.333399
v -5.088992 73.122818 -21.731544
v -4.881297 73.503838 -22.749771
v -6.897270 73.526863 -22.374620
v -5.071282 74.205910 -23.574348
v -7.153841 74.109879 -23.031805
v -7.233038 74.810402 -23.556835
v -2.881452 72.952919 -20.707935
v -6.128386 72.956528 -20.198870
v -8.034450 73.129440 -20.807131
v -6.603694 73.181404 -21.681929
v -2.577934 73.050400 -21.943626
v -2.531799 73.451797 -23.058960
v -2.770045 72.938606 -19.491064
v -16.048697 7.948706 -16.286417
v -16.439178 7.404151 -16.645346
v -16.476925 6.653445 -16.673546
v -13.073349 5.797908 -18.125059
v -11.560864 5.779387 -19.148195
v -13.523939 6.024002 -18.710644
v -13.444235 7.900038 -18.615721
v -11.911006 7.888608 -19.671762
v -11.961177 6.004967 -19.781263
v -12.241645 6.590581 -20.212374
v -13.824219 6.611605 -19.109892
v -13.794981 7.384276 -19.068218
v -13.285086 5.679080 -15.787917
v -13.874751 5.715248 -16.429834
v -12.077275 5.674142 -16.795387
v -12.587726 5.709465 -17.484938
v -15.605030 5.819239 -15.842326
v -14.411563 5.810634 -17.020823
v -16.128735 6.078932 -16.336910
v -14.894094 6.065231 -17.554810
v -15.177678 7.388544 -17.885315
v -14.799853 7.881371 -17.467821
v -14.322909 8.173800 -16.939518
v -15.214230 6.640028 -17.910759
v -9.137143 5.670849 -18.524784
v -9.508538 5.692278 -19.336395
v -10.689296 5.675670 -17.709326
v -11.133798 5.709318 -18.458269
v -9.820654 5.649106 -16.024071
v -10.246922 5.659322 -16.895876
v -12.213886 7.374142 -20.172815
v -8.571267 6.552316 -22.132980
v -8.561174 7.372985 -22.090376
v -9.875861 5.778691 -20.075563
v -8.349086 5.963566 -21.615530
v -8.343898 7.874748 -21.493910
v -10.228017 5.990963 -20.754309
v -10.190621 7.857869 -20.632029
v -10.469143 7.370451 -21.189837
v -10.476856 6.570618 -21.232906
v -5.423240 5.651379 -18.743038
v -7.151858 5.653860 -18.254469
v -7.435784 5.667824 -19.223145
v -5.146845 5.634950 -16.331263
v -5.106016 5.629733 -14.972477
v -5.255717 5.641734 -17.594059
v -6.730378 5.637781 -15.999667
v -6.904303 5.644495 -17.181543
v -8.445269 5.648664 -16.651766
v -8.769942 5.657642 -17.632849
v -1.776546 5.640541 -18.038687
v -1.823420 5.652802 -19.273834
v -3.638689 5.649476 -19.082195
v -3.776742 5.662436 -20.167601
v -1.756271 5.632282 -16.694141
v -3.478619 5.633116 -16.563992
v -3.536082 5.640076 -17.878010
v -6.365873 7.858847 -22.184574
v -4.285673 5.952992 -22.824951
v -4.319887 7.937747 -22.742132
v -4.423424 7.392303 -23.362101
v -4.419199 6.542182 -23.412642
v -6.364657 5.921801 -22.334093
v -6.541877 6.535051 -22.884764
v -6.546689 7.381129 -22.830431
v -5.639015 5.663393 -19.776646
v -6.120277 5.751868 -21.547319
v -7.744255 5.694835 -20.094128
v -5.873548 5.688716 -20.704990
v -8.051735 5.756494 -20.888056
v -1.893723 5.674321 -20.395100
v -1.976184 5.701526 -21.400631
v -2.068880 5.751173 -22.314013
v -4.114990 5.739552 -22.024040
v -2.160207 5.896027 -23.173105
v -2.189759 8.063080 -23.135813
v -2.231131 6.529766 -23.801676
v -2.241388 7.438599 -23.765669
v -3.943682 5.696706 -21.142763
v -3.702487 79.594559 -24.628143
v -3.741379 81.040230 -24.598549
v -3.696330 83.791222 -24.031168
v -3.745496 82.450447 -24.459517
v -7.340543 76.383423 -23.692856
v -7.414929 78.058937 -23.767134
v -3.637051 78.131363 -24.629498
v -5.716906 75.146149 -23.948195
v -3.505001 76.612091 -24.577991
v -2.657754 74.208649 -23.943090
v -2.931130 75.329048 -24.476768
v -11.603262 8.604595 16.528294
v -12.058731 8.280210 17.144053
v -13.806984 8.287490 15.775552
v -9.118093 9.341275 16.298162
v -9.021525 10.185614 16.101030
v -9.474354 8.889080 16.930773
v -8.110097 8.586472 18.543364
v -11.139388 8.926080 15.900677
v -9.865029 8.580789 17.630327
v -8.437999 8.286935 19.290842
v -10.276370 8.271194 18.311701
v -4.483758 8.396060 20.634359
v -6.532826 8.342010 20.071465
v -2.215090 8.723022 20.109509
v -2.295187 8.441401 20.970150
v -7.495821 9.327614 17.098196
v -5.814236 9.359165 17.752569
v -7.778779 8.897290 17.787745
v -5.498343 11.806141 16.649881
v -5.665032 11.057598 17.192318
v -5.757285 10.194818 17.511049
v -3.907748 11.075984 17.654322
v -7.095010 11.802855 16.043209
v -7.420570 10.188582 16.900957
v -7.298504 11.044655 16.571720
v -4.023024 9.404973 18.241220
v -4.325559 8.672446 19.790716
v -4.162084 8.976579 18.965963
v -6.035094 8.917861 18.463751
v -6.276140 8.624254 19.267099
v -1.938908 11.834368 17.373522
v -3.790442 11.817936 17.094559
v -2.071215 9.452917 18.552469
v -2.141530 9.028129 19.274410
v -3.975804 10.229773 17.990721
v -2.003864 11.092875 17.936605
v -2.046668 10.266543 18.312565
v -12.953598 84.769028 12.963418
v -14.038766 84.803215 13.997531
v -15.010615 84.820435 14.944930
v -9.098180 84.662605 11.657432
v -11.812943 84.723030 11.805401
v -9.881207 84.731087 13.212952
v -10.797031 84.793434 14.627789
v -13.377093 84.687134 9.977254
v -8.630087 84.648285 8.297153
v -9.909039 84.661751 9.782177
v -10.337525 84.697281 8.474532
v -11.890200 84.712151 9.099826
v -8.579178 84.623154 10.080975
v -10.692746 84.683182 10.679785
v -4.872665 84.521515 12.783657
v -7.102428 84.613297 12.344891
v -5.240550 84.646507 14.884582
v -7.672832 84.725433 14.212447
v -2.483606 84.408485 13.013862
v -2.655007 84.523453 15.258023
v -4.557480 84.488403 8.362602
v -6.664958 84.573456 8.309643
v -4.643808 84.458153 10.576232
v -6.756584 84.556084 10.365911
v -2.318616 84.410316 8.397100
v -2.366235 84.363831 10.699486
v -12.229083 72.918152 11.931591
v -12.940825 72.928719 12.641394
v -13.666042 72.937592 13.359079
v -11.482007 72.938805 15.246633
v -14.467683 72.937653 14.127445
v -15.259991 73.031166 14.850904
v -9.631216 72.897575 12.885336
v -10.212408 72.920082 13.642715
v -10.820089 72.928719 14.426209
v -7.907825 72.919708 15.051003
v -11.837326 72.389366 8.410261
v -12.448550 72.799400 8.864882
v -15.283355 72.920135 7.775504
v -16.140884 72.929474 8.287040
v -14.456891 72.902695 7.307305
v -14.710730 72.929436 10.583892
v -13.163595 72.900803 9.396960
v -11.553310 72.897034 11.267822
v -13.924439 72.922508 9.980868
v -11.329527 71.799370 8.037700
v -8.638112 72.330322 11.597081
v -9.085555 72.789513 12.180964
v -10.398996 72.339966 10.129879
v -10.919013 72.777962 10.641129
v -6.654269 72.288605 12.808382
v -7.002679 72.766914 13.444701
v -4.488098 72.285324 13.669332
v -4.732782 72.763184 14.368881
v -5.046531 72.894417 15.209023
v -7.431020 72.891541 14.227753
v -2.254308 72.277138 14.180325
v -2.385343 72.753296 14.917550
v -2.537816 72.885086 15.805104
v -9.925364 71.617935 7.050499
v -8.705439 71.620285 8.472750
v -9.317976 71.586128 9.076317
v -9.937632 71.752266 9.678670
v -7.730770 71.582222 10.380701
v -8.256393 71.735176 11.080959
v -3.980594 71.592522 12.163342
v -6.331358 71.714172 12.213104
v -1.991664 71.607834 12.586368
v -4.268659 71.688339 13.023732
v -2.135847 71.694633 13.492919
v -4.371743 71.604836 8.337173
v -4.765138 71.606018 9.105122
v -6.191349 71.607597 8.307306
v -5.124352 71.609993 9.877954
v -6.712340 71.613205 8.996770
v -7.208075 71.621353 9.690660
v -5.524295 71.619423 10.644090
v -5.922619 71.596451 11.421288
v -1.241232 71.593208 7.518178
v -1.379579 71.600883 8.316122
v -2.705865 71.601830 8.043633
v -2.971476 71.604347 8.845994
v -3.190571 71.606316 9.663707
v -3.450622 71.608322 10.486091
v -1.853703 71.614326 11.704544
v -3.704143 71.614883 11.318576
v -8.343548 16.743994 8.817872
v -1.358715 16.779585 11.994390
v -2.691904 16.761263 11.801414
v -5.310738 17.136269 8.378997
v -4.349124 17.147717 8.899590
v -5.813196 17.029169 9.397815
v -7.684892 17.025557 7.914467
v -6.790267 17.014791 8.712095
v -7.364106 16.721428 9.672441
v -4.762346 17.030720 9.963315
v -5.171610 16.724493 11.001931
v -3.962350 16.745089 11.476291
v -6.308084 16.723652 10.406260
v -1.046666 17.429657 8.714096
v -2.064795 17.410736 8.568474
v -1.141422 17.143177 9.731711
v -3.045511 17.402895 8.311102
v -2.257690 17.147655 9.573661
v -3.328406 17.149740 9.302097
v -1.251134 17.042187 10.866921
v -2.471651 17.037041 10.696218
v -3.647095 17.032684 10.393816
v -16.991905 8.298657 12.458241
v -16.376287 8.622972 12.032716
v -20.068035 7.923958 8.697526
v -16.377232 9.378222 9.438025
v -16.028997 10.147818 9.236224
v -19.421513 8.287724 8.423120
v -18.743507 8.619013 8.136351
v -18.050077 8.956464 7.835789
v -16.998079 8.935118 9.786846
v -17.659872 8.593676 10.157663
v -15.756731 8.957446 11.598054
v -18.307892 8.266459 10.517461
v -13.547621 10.180207 12.543882
v -12.299453 9.377496 14.138325
v -13.803819 9.391735 12.760908
v -14.896876 8.612627 13.720472
v -14.324796 8.943671 13.219387
v -12.888490 11.796344 11.910025
v -13.290391 11.036409 12.306761
v -11.884911 11.049512 13.670737
v -12.117104 10.197406 13.945423
v -12.769953 8.931871 14.656355
v -13.283876 8.608028 15.222845
v -15.462900 8.293829 14.215745
v -11.527668 11.813469 13.230708
v -10.586249 10.198153 15.125639
v -10.740656 9.374010 15.332068
v -8.610568 11.805305 15.283042
v -8.861851 11.048394 15.785844
v -10.390140 11.045910 14.820155
v -9.794304 16.128326 8.519063
v -11.127662 15.484498 7.836906
v -11.670597 15.039080 8.360078
v -10.708429 15.010356 9.633481
v -10.209475 15.422712 9.063111
v -10.173892 13.854630 11.478980
v -8.839460 16.093992 9.553329
v -9.215446 15.399858 10.130102
v -9.668509 15.025868 10.761164
v -10.064486 14.577289 11.293718
v -8.131918 15.378969 11.042174
v -8.529763 15.024179 11.717312
v -15.724150 11.005394 9.050380
v -15.244831 11.769179 8.746525
v -14.881657 10.176025 10.985356
v -15.188430 9.400706 11.192596
v -14.137133 11.786493 10.411781
v -14.596156 11.024991 10.766450
v -7.649622 13.820665 13.275246
v -7.698002 13.123142 13.419533
v -7.945281 12.650514 13.946033
v -4.212245 16.093744 12.324039
v -5.717078 15.359387 12.453318
v -4.384561 15.371387 12.961653
v -6.004401 15.030833 13.200756
v -1.450487 16.140413 12.882517
v -1.514658 15.423329 13.540396
v -2.855174 16.107960 12.665196
v -2.992634 15.414886 13.336985
v -5.481480 16.070854 11.830375
v -7.805257 16.077269 10.445950
v -6.687168 16.072027 11.202088
v -13.569383 84.817116 4.758428
v -12.830629 84.843216 7.084119
v -14.648700 84.848457 7.737314
v -9.127800 84.721115 4.159644
v -8.853987 84.718254 6.299504
v -10.904525 84.803162 6.565562
v -11.708800 84.726883 2.091921
v -14.040869 84.707336 2.277529
v -11.379918 84.780083 4.394074
v -9.323478 84.674797 1.961313
v -6.866926 84.637772 4.044899
v -4.564188 84.561417 6.167114
v -6.747394 84.623116 6.192174
v -2.323136 84.544716 3.988373
v -2.310683 84.514778 6.168415
v -4.678484 84.538376 -0.300866
v -4.654345 84.538177 1.849213
v -6.969795 84.578346 1.885356
v -4.609660 84.582321 4.001264
v -2.337392 84.530838 1.834886
v -13.257834 71.781326 4.202239
v -13.846971 72.405273 4.405994
v -15.414704 72.893982 4.981266
v -14.573871 72.798248 4.669924
v -12.449399 71.781403 6.208325
v -13.007050 72.387238 6.508235
v -13.669006 72.805511 6.865860
v -14.366429 72.415001 2.160681
v -15.130519 72.804459 2.297515
v -7.816378 71.605202 5.547028
v -9.349257 71.606575 4.670780
v -10.114079 71.609344 5.057513
v -9.937251 71.607262 3.156627
v -10.768424 71.610687 3.418043
v -11.586962 71.620003 3.673153
v -10.901443 71.618713 5.432608
v -8.566469 71.604713 4.276737
v -9.234261 71.612053 6.552191
v -8.075933 71.612610 7.884421
v -11.672768 71.588821 5.821655
v -10.639306 71.596497 7.538904
v -12.151693 71.612564 -0.148054
v -13.030856 71.602203 -0.154547
v -12.014225 71.615997 1.800281
v -12.878124 71.587196 1.923164
v -13.739757 71.805534 2.054836
v -12.428910 71.588882 3.932743
v -7.938399 71.598007 -0.158890
v -7.821850 71.596497 1.116952
v -7.517570 71.597725 2.318965
v -9.599771 71.604080 -0.135241
v -9.468863 71.603951 1.409650
v -11.153865 71.610138 1.670682
v -10.311908 71.606232 1.545949
v -8.639243 71.601517 1.255678
v -8.312528 71.601120 2.610253
v -9.125575 71.603722 2.885854
v -7.800902 71.602478 3.870527
v -4.451270 71.539490 4.263021
v -4.187503 71.594254 5.537159
v -4.700119 71.600922 6.209317
v -5.736891 71.593285 3.999639
v -5.026950 71.594032 4.833047
v -5.623314 71.602165 5.428772
v -3.710132 71.545326 4.896923
v -7.106582 71.603691 5.025659
v -5.188667 71.603874 6.901048
v -5.710865 71.605453 7.605484
v -6.847735 71.605621 6.665072
v -6.241168 71.603996 6.048047
v -8.514257 71.605560 6.057529
v -7.477448 71.606712 7.278252
v -1.725593 69.395775 5.136597
v -0.885918 69.386604 5.384882
v -3.241908 69.421753 4.303620
v -2.506298 68.431915 4.759854
v -2.519053 69.408684 4.780354
v -2.523973 70.304810 4.787842
v -0.887305 70.275253 5.397660
v -1.731583 70.289993 5.145344
v -0.903833 71.062759 5.437160
v -1.969927 71.515251 5.785717
v -3.257966 70.320236 4.318135
v -3.300673 71.134521 4.370461
v -1.747830 71.089653 5.203084
v -2.564692 71.113342 4.848439
v -2.865712 71.539001 5.409648
v -3.258947 71.593353 6.099553
v -0.995323 71.490166 6.017662
v -1.132825 71.578491 6.749182
v -2.206014 71.586090 6.507211
v -2.486385 71.598763 7.261034
v -3.618932 71.600174 6.823703
v -4.025627 71.603134 7.572597
v -1.713326 65.084526 5.110686
v -0.876411 63.845474 5.333055
v -1.715818 66.266304 5.108907
v -3.225778 66.274673 4.300097
v -3.212497 65.086945 4.297003
v -2.499470 63.843906 4.779227
v -2.495369 65.090034 4.760388
v -2.495679 67.385818 4.742636
v -1.723462 68.421883 5.127807
v -0.878701 66.260017 5.342423
v -1.717516 67.375511 5.110530
v -0.879176 67.371315 5.340923
v -0.882853 68.412659 5.368275
v -3.864677 67.400017 3.714566
v -3.229756 68.444008 4.291874
v -3.219906 67.392578 4.284675
v -2.496882 66.267944 4.752061
v -5.481151 68.463371 0.681285
v -5.258706 68.463326 1.529651
v -5.262582 69.443512 1.522948
v -5.503312 69.438095 0.678753
v -5.515160 70.332085 0.676944
v -5.609509 71.133682 0.687619
v -5.285141 70.337181 1.522686
v -5.377508 71.140884 1.551973
v -6.255950 71.522659 0.816758
v -6.002231 71.530365 1.771814
v -4.903022 69.444260 2.318495
v -4.902576 68.465057 2.328038
v -4.931037 70.339516 2.325482
v -4.447233 69.440948 3.060850
v -3.891269 69.433113 3.729317
v -5.013544 71.149361 2.364760
v -5.612679 71.521103 2.683764
v -4.471740 70.337769 3.071549
v -4.548375 71.146606 3.121239
v -5.087529 71.549751 3.517915
v -3.913569 70.330605 3.743676
v -3.968301 71.146660 3.791046
v -7.022182 71.587273 0.952255
v -6.744818 71.587341 2.045007
v -6.311869 71.585640 3.063235
v -7.045630 71.598541 3.464052
v -6.410832 71.600433 4.508465
v -5.484493 63.829239 0.679037
v -5.230924 66.278503 1.528078
v -5.242671 65.084869 1.533385
v -5.572510 67.407921 -0.198000
v -5.570016 68.458015 -0.197917
v -5.470293 66.281204 0.680705
v -5.464752 67.406433 0.679346
v -5.472371 65.084030 0.678221
v -5.241988 67.408722 1.530833
v -4.879026 63.833763 2.339290
v -4.893535 66.278572 2.336792
v -4.884933 65.083733 2.335428
v -4.414992 65.085403 3.069508
v -4.404420 63.836807 3.071836
v -4.439942 66.276527 3.078359
v -4.899014 67.406082 2.333194
v -4.444711 67.404419 3.074835
v -4.447173 68.460968 3.068448
v -3.867562 66.275475 3.728624
v -3.881425 68.453766 3.725209
v -3.848643 63.840382 3.734950
v -3.860806 65.087509 3.733206
v -1.720195 61.230789 5.111018
v -0.886913 61.230656 5.353889
v -0.879684 62.558994 5.340652
v -3.858786 61.217533 3.762160
v -3.190584 61.223949 4.292443
v -3.211656 59.872883 4.312461
v -3.196701 62.549873 4.298927
v -2.482242 61.226200 4.744135
v -1.708199 62.554893 5.096720
v -0.878910 65.086380 5.350648
v -3.208896 63.845207 4.306372
v -1.710246 63.848324 5.104044
v -2.493020 62.555195 4.770811
v -1.759204 55.775963 5.088969
v -1.756205 57.148689 5.097342
v -0.907916 57.150173 5.339824
v -3.220830 57.140461 4.281615
v -3.216437 58.509983 4.306699
v -2.516741 58.514481 4.756588
v -2.547372 55.772163 4.750857
v -2.519553 57.145168 4.738374
v -1.737806 58.517906 5.084425
v -1.730705 59.879837 5.102781
v -0.901194 58.519333 5.328326
v -0.894271 59.881081 5.342464
v -3.857219 57.136623 3.734709
v -2.502200 59.878288 4.761575
v -5.458279 61.194893 0.672049
v -5.238345 61.198982 1.542252
v -5.476713 62.526924 0.675591
v -5.223609 62.531250 1.533884
v -5.230515 63.830711 1.530363
v -4.885650 61.204880 2.360212
v -4.410004 61.211163 3.095877
v -4.417452 59.859436 3.103317
v -4.873243 62.535976 2.344778
v -4.415692 62.541805 3.091452
v -3.841346 62.547161 3.738907
v -5.569771 57.127232 -0.279540
v -5.463323 58.488117 0.648701
v -5.224201 58.489086 1.524286
v -5.459537 57.127583 0.629060
v -5.223344 59.848312 1.536564
v -4.850463 57.130024 2.316991
v -4.881030 55.767643 2.308755
v -4.432184 55.767269 3.061965
v -4.394764 57.132675 3.062016
v -4.885216 59.852837 2.360196
v -4.886942 58.492069 2.353216
v -4.421803 58.496925 3.101010
v -3.855090 58.503380 3.748648
v -3.844119 59.866718 3.750588
v -0.905214 53.038807 5.336106
v -3.255422 54.397774 4.259771
v -3.251131 53.031208 4.230250
v -2.540710 51.669727 4.705565
v -2.546261 53.032681 4.716902
v -0.910063 55.778751 5.317740
v -1.762806 54.404449 5.084693
v -0.906462 54.408363 5.324209
v -3.243477 55.769249 4.283041
v -2.542741 54.400581 4.726674
v -1.765458 47.595612 5.115418
v -0.904874 48.947338 5.373550
v -3.282815 50.312958 4.248156
v -2.557699 48.955883 4.732046
v -2.560561 47.602768 4.741555
v -1.757968 48.951286 5.108122
v -1.756173 53.035889 5.084896
v -0.901670 50.308338 5.363637
v -0.900152 51.672279 5.338384
v -3.270152 51.669998 4.236230
v -2.553483 50.311558 4.726754
v -1.755812 50.309570 5.100259
v -1.750947 51.670704 5.080545
v -5.279008 53.038857 1.464230
v -4.933036 53.037025 2.280071
v -5.481759 55.767052 0.616854
v -5.490622 53.042694 0.591011
v -5.485212 54.403450 0.602993
v -5.213393 57.128761 1.502356
v -5.257985 54.404526 1.477741
v -5.223978 55.766800 1.485972
v -4.917208 51.674385 2.251956
v -3.903707 53.031719 3.671958
v -4.475714 53.033100 3.024998
v -4.473743 51.672661 3.000831
v -4.919254 54.401905 2.300220
v -4.455348 54.399807 3.042481
v -3.892565 54.397888 3.696345
v -3.885127 55.767075 3.725201
v -5.544982 50.324524 0.581588
v -5.540092 48.968792 0.587333
v -5.308997 48.968472 1.451367
v -5.507782 51.681011 0.582506
v -5.254217 51.679302 1.436508
v -5.289916 50.320927 1.441939
v -4.958530 48.966843 2.268925
v -4.943152 50.319561 2.253260
v -4.504190 48.965889 3.017836
v -4.486003 50.316082 3.000848
v -3.940723 48.963001 3.682094
v -3.931033 50.315128 3.667842
v -3.922311 51.670174 3.670243
v -1.771074 44.885853 5.128322
v -0.906051 44.879128 5.373713
v -1.764167 46.240795 5.119555
v -3.294310 44.905228 4.288887
v -2.566811 44.894508 4.763001
v -0.906928 46.234604 5.363468
v -0.903419 47.589825 5.362311
v -3.941637 47.614346 3.697979
v -3.292578 46.257488 4.283288
v -3.297428 47.609039 4.273582
v -3.291123 48.960564 4.258760
v -2.572335 46.249340 4.760600
v -5.530286 43.590084 0.659218
v -5.324361 44.931801 1.521647
v -5.644486 46.277832 -0.278853
v -5.519106 47.620255 0.595484
v -5.540108 46.277054 0.621754
v -5.305743 46.276031 1.494548
v -5.303140 47.620064 1.469147
v -4.970885 43.579048 2.356488
v -4.971039 44.927902 2.346271
v -4.494011 44.922089 3.070626
v -4.505374 46.270653 3.064265
v -3.920722 44.913857 3.714226
v -4.952536 47.619671 2.284964
v -4.961005 46.274326 2.314078
v -4.492741 47.617489 3.028692
v -3.940582 46.264801 3.711596
v -0.838384 28.682281 5.473279
v -1.639136 28.675640 5.235593
v -0.845560 30.049826 5.419293
v -3.807466 28.670713 3.956870
v -3.180439 30.035131 4.466336
v -3.142811 28.667583 4.482770
v -2.419035 28.670341 4.916935
v -2.442416 30.038553 4.882807
v -1.669938 30.044918 5.222082
v -3.217706 31.400404 4.445335
v -2.311948 23.290422 4.960644
v -0.807679 24.592264 5.450747
v -1.593927 24.597136 5.249457
v -3.649924 23.313992 4.122658
v -3.050454 24.611887 4.514722
v -2.339289 24.601437 4.916649
v -1.628265 27.302988 5.259960
v -1.604233 25.938637 5.240896
v -0.815729 25.938713 5.456248
v -0.822123 27.305059 5.460074
v -3.795739 27.309456 4.001591
v -3.116197 27.302885 4.498020
v -2.371263 25.942282 4.925843
v -3.082537 25.947523 4.498131
v -2.394041 27.300482 4.932937
v -5.745022 28.705519 0.220601
v -5.735578 30.053568 0.164429
v -5.546414 28.702034 1.074054
v -5.574308 30.052313 1.019468
v -5.280085 28.696703 1.897599
v -5.721676 31.405657 0.111891
v -4.909308 28.687962 2.668273
v -4.446014 30.040209 3.326756
v -4.407806 28.678272 3.357275
v -4.376377 27.321253 3.392844
v -5.295867 30.049582 1.837695
v -4.930525 30.045359 2.617740
v -4.953481 31.404840 2.569933
v -5.741636 26.024530 0.382851
v -5.715742 24.702229 0.509358
v -5.692589 23.418718 0.683543
v -5.559619 26.015141 1.247957
v -5.525936 24.692287 1.367898
v -5.242822 26.004965 2.048755
v -5.736388 27.360529 0.290890
v -5.554882 27.356544 1.151444
v -5.263385 27.346830 1.962810
v -5.209584 24.673828 2.162617
v -4.832799 25.988308 2.776222
v -4.778470 24.657316 2.864520
v -4.695132 23.350594 2.981045
v -4.289974 24.638563 3.497403
v -3.739919 25.958778 3.993500
v -4.336256 25.972885 3.433350
v -4.866824 27.335047 2.713964
v -11.954086 16.292963 4.531293
v -8.954719 17.195559 4.132189
v -8.408018 17.183260 5.204646
v -9.805068 17.042721 4.768495
v -10.664003 16.795036 5.432423
v -11.378082 16.232485 5.995274
v -9.205753 17.035141 5.953183
v -8.492476 17.018671 6.988076
v -10.004120 16.772282 6.694743
v -9.218808 16.744595 7.828172
v -11.653573 16.874178 0.937553
v -12.350910 16.358231 2.939052
v -8.806941 17.487570 -0.118017
v -8.001423 17.818506 0.831014
v -8.758305 17.470150 1.178955
v -9.618011 17.222021 1.595677
v -10.659260 17.078863 0.575111
v -10.551389 17.062555 2.036116
v -9.367164 17.210590 2.911637
v -8.548261 17.454166 2.416701
v -8.168120 17.428915 3.532154
v -11.514565 16.868973 2.522028
v -10.264141 17.052223 3.471090
v -11.181198 16.842541 4.018611
v -1.500638 20.824114 5.356287
v -0.763453 20.818592 5.528858
v -0.786067 22.006382 5.507430
v -3.448249 20.867826 4.341596
v -2.842120 20.847635 4.739369
v -2.255069 22.020134 5.003500
v -2.190202 20.834335 5.079378
v -1.537841 22.012527 5.303444
v -1.576239 23.281149 5.273444
v -0.797753 23.277391 5.458801
v -4.104797 22.069613 3.715271
v -3.546775 22.048841 4.212527
v -2.932781 22.034113 4.647398
v -3.008409 23.299480 4.573523
v -5.864675 17.708384 5.479300
v -6.406247 17.390030 6.188958
v -5.186666 17.700487 6.123224
v -6.465443 17.709660 4.758870
v -7.076772 17.397123 5.404310
v -5.485781 18.600365 3.729090
v -4.975883 18.590065 4.378274
v -4.001216 18.967262 4.342719
v -5.452553 18.251530 4.962906
v -4.840967 18.253227 5.571207
v -3.805021 18.583738 5.463678
v -4.413013 18.587343 4.966076
v -5.667208 17.386793 6.867976
v -4.454375 17.705835 6.670974
v -4.853179 17.385216 7.457758
v -6.203303 17.147436 7.746329
v -7.755154 17.157402 6.164865
v -7.020906 17.146706 7.002967
v -4.165806 18.274206 6.118049
v -1.459382 19.769192 5.413481
v -0.747750 19.766165 5.563589
v -1.498697 18.915001 5.714438
v -3.890649 19.836010 4.014873
v -3.356374 19.810232 4.475162
v -3.452458 18.953032 4.813969
v -2.773595 19.790520 4.863214
v -2.848018 18.929384 5.191489
v -2.139007 19.776043 5.174765
v -2.193791 18.919649 5.496670
v -3.131465 18.572781 5.877132
v -0.962360 17.684536 7.828314
v -1.898348 17.686359 7.693840
v -3.648940 17.688946 7.114796
v -2.795965 17.685459 7.457634
v -3.977401 17.394794 7.941784
v -0.764517 18.914318 5.843586
v -0.833889 18.574806 6.553614
v -1.641171 18.569702 6.424166
v -0.904690 18.281738 7.267321
v -1.791057 18.307293 7.151945
v -2.411779 18.572701 6.198047
v -3.431824 18.286554 6.561913
v -2.635202 18.294878 6.908653
v -5.769830 21.071541 0.329041
v -5.605172 21.041695 1.173278
v -5.392469 22.159452 1.731463
v -5.661657 22.184729 0.914195
v -5.457047 23.395760 1.525156
v -5.310775 21.001638 1.963938
v -4.930470 20.963272 2.682646
v -4.480731 20.923607 3.311073
v -4.591441 22.096272 3.137380
v -3.987381 20.891623 3.864279
v -5.038719 22.125521 2.484015
v -5.131562 23.375902 2.303019
v -5.758244 20.052469 0.616127
v -5.734359 19.136286 1.740751
v -5.560098 20.007706 1.436131
v -6.051410 19.232227 0.016858
v -7.383042 18.349928 0.547425
v -6.669783 18.700150 0.277553
v -5.955682 19.177441 0.906853
v -7.233896 18.318979 1.618341
v -6.553185 18.674374 1.258711
v -7.822727 17.813148 1.979086
v -7.474444 17.756807 3.016098
v -7.670174 17.415092 4.533770
v -7.013953 17.735849 3.935847
v -5.247430 19.964682 2.197427
v -5.397169 19.084469 2.504447
v -4.844633 19.917431 2.882080
v -4.996474 19.051300 3.198108
v -4.390384 19.871843 3.489436
v -4.505937 18.990828 3.797756
v -6.301309 18.639692 2.162663
v -6.940267 18.315241 2.602492
v -5.934454 18.621391 2.984027
v -6.539845 18.317863 3.495648
v -20.911900 8.334377 3.844687
v -20.274336 8.276978 6.186850
v -19.577087 8.609071 5.967319
v -17.765495 10.129680 5.363012
v -19.407221 8.894879 3.528799
v -17.405823 10.973051 5.214757
v -16.865179 11.731447 5.008770
v -17.003462 10.139040 7.362535
v -17.394285 9.386211 7.541724
v -18.856735 8.940628 5.735409
v -18.179443 9.379603 5.514005
v -16.159458 11.753459 6.933371
v -16.669958 10.986036 7.192559
v -21.266071 8.340878 1.437275
v -20.521505 8.634604 1.353379
v -20.169716 8.609662 3.691020
v -19.759821 8.945332 1.270954
v -19.038485 9.378137 1.189751
v -18.540457 10.097161 1.122376
v -17.592628 11.704227 0.936130
v -18.148586 10.933708 1.038137
v -18.699877 9.341818 3.372544
v -18.276131 10.107876 3.264191
v -17.358255 11.724166 2.983972
v -17.899580 10.952721 3.151074
v -13.185319 15.125775 5.339807
v -12.563198 15.637769 4.937591
v -13.827034 14.708459 5.692808
v -14.155205 13.991978 5.901243
v -13.371305 13.958541 7.536654
v -13.987428 12.717120 7.964292
v -13.521641 13.239727 7.662420
v -11.923697 15.558681 6.467002
v -10.647264 16.176762 7.341542
v -13.325214 15.810061 -0.044307
v -12.542961 16.395918 1.318676
v -13.268924 15.774072 1.629006
v -13.014103 15.708919 3.322079
v -13.668571 15.169031 3.649848
v -11.775292 84.745537 -2.576886
v -14.110587 84.652367 -2.777831
v -11.841640 84.709091 -0.249198
v -14.218936 84.632217 -0.265157
v -9.380453 84.725471 -2.469389
v -9.409594 84.675423 -0.260094
v -13.117034 84.882317 -7.436981
v -13.728975 84.783653 -5.192354
v -9.081821 84.837685 -6.785814
v -11.146900 84.907204 -6.977426
v -9.250447 84.794449 -4.661314
v -11.535388 84.809288 -4.826956
v -4.681501 84.561172 -2.458472
v -7.011385 84.641541 -2.447961
v -7.019371 84.595856 -0.279895
v -2.350436 84.530136 -2.474473
v -2.350182 84.522896 -4.665621
v -2.347307 84.524834 -0.314781
v -4.662416 84.558022 -6.865323
v -6.893325 84.689163 -6.806106
v -4.667108 84.576485 -4.639288
v -6.963839 84.679489 -4.615817
v -2.351362 84.494576 -6.920260
v -14.350552 72.444847 -2.491770
v -15.122689 72.816978 -2.635353
v -15.319969 72.807571 -0.170979
v -13.905565 71.803085 -0.165636
v -14.552181 72.405540 -0.167547
v -12.382355 71.904228 -6.560452
v -12.933938 72.502258 -6.850655
v -14.403886 72.910690 -7.728652
v -13.621145 72.842628 -7.251288
v -13.215127 71.870255 -4.532252
v -13.797086 72.493935 -4.735445
v -16.006680 72.902649 -2.814681
v -14.552830 72.815392 -5.013166
v -15.392377 72.900345 -5.348983
v -13.727329 71.833405 -2.385859
v -12.873822 71.586632 -2.243135
v -9.503257 71.604485 -1.676825
v -8.381109 71.602776 -2.911381
v -9.170376 71.604935 -3.200645
v -11.164526 71.609085 -1.959687
v -12.012136 71.616806 -2.095628
v -10.329354 71.606567 -1.820983
v -8.767040 71.601860 -0.128779
v -8.676785 71.602249 -1.559313
v -7.868673 71.598976 -1.405861
v -10.441369 71.605972 -0.130924
v -11.293322 71.608482 -0.132410
v -11.647471 71.588326 -6.182671
v -12.411902 71.598602 -4.267508
v -9.214492 71.611778 -6.927103
v -10.117844 71.614082 -5.402515
v -10.877754 71.628807 -5.788503
v -9.896168 71.615440 -7.438047
v -8.619235 71.605873 -4.605781
v -9.366884 71.608170 -5.010159
v -7.177361 71.603653 -5.383343
v -7.855621 71.606537 -5.906559
v -8.533867 71.608917 -6.419088
v -10.772643 71.613602 -3.729708
v -9.969942 71.607040 -3.461536
v -11.583303 71.617996 -3.999024
v -5.343124 69.424683 -1.951945
v -5.048849 70.307297 -2.786937
v -4.988147 67.384056 -2.792879
v -5.019444 69.414360 -2.787545
v -4.560548 68.428375 -3.571882
v -4.585803 69.404884 -3.573417
v -5.116627 71.109634 -2.811887
v -4.663200 71.101578 -3.595242
v -4.612582 70.294258 -3.576832
v -6.066869 71.532448 -2.161644
v -6.822673 71.590485 -2.388126
v -7.587102 71.599136 -2.664462
v -5.701182 71.532616 -3.084142
v -6.398140 71.587685 -3.445841
v -7.133740 71.598862 -3.809765
v -7.869164 71.602776 -4.219997
v -5.619594 70.323135 -0.199628
v -5.595121 69.434753 -0.197051
v -5.523634 67.401535 -1.087816
v -5.539991 69.428665 -1.083273
v -5.520105 68.456909 -1.083514
v -5.318618 68.447937 -1.953296
v -5.718167 71.120598 -0.192484
v -5.648059 71.121971 -1.091616
v -5.563111 70.321503 -1.079895
v -5.373326 70.313766 -1.953751
v -5.455719 71.119217 -1.966798
v -6.352447 71.532341 -0.186096
v -7.135680 71.588432 -0.154465
v -7.062109 71.587921 -1.303050
v -6.296976 71.524635 -1.172683
v -4.985927 65.058884 -2.803492
v -4.534003 65.049034 -3.580014
v -5.000713 68.441422 -2.790027
v -4.997873 66.256790 -2.802328
v -4.559928 67.374458 -3.582111
v -4.537057 66.243172 -3.574265
v -5.572613 65.083603 -0.205102
v -5.533840 63.823349 -1.105268
v -5.526172 65.078224 -1.097188
v -5.314260 63.816650 -1.975525
v -5.573987 66.278366 -0.201233
v -5.330387 65.070953 -1.972110
v -5.513366 66.276550 -1.089887
v -5.319932 66.266457 -1.963851
v -5.304988 67.397285 -1.954330
v -4.793405 71.598335 -6.659810
v -6.309165 71.603951 -6.438406
v -6.898082 71.605972 -7.048431
v -5.276844 71.603378 -7.330936
v -5.767305 71.605545 -8.025860
v -4.014459 68.419746 -4.283940
v -4.061552 70.282204 -4.290708
v -4.559042 71.531418 -4.725761
v -5.185493 71.530083 -3.952117
v -4.095134 71.086823 -4.312840
v -4.300063 71.586594 -6.010879
v -5.128150 71.589912 -5.268188
v -5.837418 71.591522 -4.397523
v -6.497231 71.600174 -4.889922
v -5.717022 71.600494 -5.833420
v -0.924428 68.398003 -6.030227
v -0.940770 70.226997 -6.075784
v -0.958725 70.993637 -6.106444
v -2.059044 71.477890 -6.371857
v -1.049824 71.474884 -6.614288
v -2.980759 71.489326 -5.963167
v -2.303603 71.565376 -7.063715
v -3.361338 71.574959 -6.623051
v -1.799515 68.402031 -5.771541
v -1.809502 69.365997 -5.782108
v -4.036242 69.392715 -4.286884
v -3.378992 69.383202 -4.901303
v -2.623590 68.406685 -5.407220
v -2.615175 67.353897 -5.408829
v -2.637337 69.374886 -5.412106
v -1.827536 70.240776 -5.805676
v -3.401259 70.269325 -4.910290
v -3.435830 71.065567 -4.938914
v -2.683424 71.046684 -5.453708
v -2.650192 70.254166 -5.415952
v -3.819120 71.522629 -5.408484
v -1.849701 71.016335 -5.849526
v -3.981110 63.791164 -4.291655
v -3.980790 65.040306 -4.285040
v -0.925164 65.023636 -6.040618
v -0.921392 66.222404 -6.022465
v -0.921813 67.350121 -6.024638
v -0.931274 69.359055 -6.049378
v -1.796331 65.027122 -5.771493
v -1.791802 66.223999 -5.770527
v -3.330919 65.035164 -4.887969
v -3.336933 63.784008 -4.899124
v -3.336750 66.229065 -4.892739
v -2.619194 63.777863 -5.407444
v -1.801073 67.352516 -5.787169
v -4.005499 67.363091 -4.288981
v -3.982240 66.235374 -4.276579
v -3.363827 68.411072 -4.901737
v -3.346559 67.358421 -4.894433
v -2.602166 65.030853 -5.393435
v -2.597686 66.226791 -5.383356
v -4.965069 59.847401 -2.854449
v -4.523526 61.186886 -3.607301
v -4.957906 62.515095 -2.814092
v -4.965199 61.191681 -2.838259
v -4.957692 63.808475 -2.799735
v -4.501161 62.508488 -3.582042
v -5.566916 59.845001 -0.241757
v -5.551289 61.192680 -0.228408
v -5.588051 62.524155 -0.216795
v -5.518836 61.192051 -1.132586
v -5.503873 59.845608 -1.150719
v -5.317869 61.192280 -2.013009
v -5.574745 63.826588 -0.210528
v -5.535329 62.522018 -1.118117
v -5.341443 62.519962 -1.999665
v -5.302038 55.761124 -2.062537
v -4.547660 55.757568 -3.596317
v -4.973195 57.126019 -2.868776
v -5.307240 57.127251 -2.061506
v -5.303340 59.847324 -2.030524
v -5.300960 58.490444 -2.048292
v -4.969087 58.490837 -2.866025
v -4.527420 58.486988 -3.611996
v -4.523679 59.843517 -3.615500
v -4.542973 57.123627 -3.608589
v -5.578378 58.487926 -0.261287
v -5.496171 57.126617 -1.187711
v -5.454119 59.845432 0.661117
v -5.507554 58.489014 -1.171589
v -3.974172 61.177883 -4.291579
v -4.517728 63.799038 -3.581659
v -0.943391 59.802681 -6.000078
v -0.937852 61.143894 -5.992698
v -0.929081 63.767937 -6.018671
v -0.934146 62.469536 -6.019466
v -1.821719 61.148361 -5.755152
v -3.366069 59.822517 -4.896077
v -3.337379 61.166599 -4.877265
v -2.623744 61.155693 -5.374372
v -1.814096 62.473980 -5.766508
v -1.807286 63.772251 -5.781772
v -3.967277 62.499607 -4.285215
v -3.336485 62.490101 -4.889799
v -2.614011 62.481361 -5.383474
v -4.006989 57.117638 -4.273390
v -0.949440 57.094727 -6.014933
v -0.948229 58.450939 -6.009482
v -1.843275 57.097008 -5.753576
v -1.838155 55.741062 -5.736104
v -1.845802 58.453724 -5.770995
v -3.382129 57.109894 -4.862485
v -3.355667 58.468838 -4.856078
v -2.656457 57.102520 -5.359169
v -2.640248 58.458881 -5.354455
v -3.991518 58.478939 -4.281310
v -3.997211 59.834408 -4.303338
v -2.648275 59.812805 -5.388239
v -1.825584 59.805061 -5.735728
v -5.314575 53.037998 -2.055056
v -4.574406 53.037426 -3.583050
v -5.311502 54.399361 -2.061139
v -4.990635 54.396217 -2.857136
v -4.976820 55.760651 -2.862145
v -4.545722 54.395988 -3.576801
v -5.586614 53.041275 -0.307873
v -5.587574 54.403751 -0.302100
v -5.569807 55.764919 -0.292959
v -5.526443 54.400349 -1.204154
v -5.495948 55.764061 -1.197054
v -5.347276 48.975983 -2.043959
v -5.342047 50.328312 -2.047251
v -5.054334 46.283642 -2.845671
v -5.030323 48.979671 -2.842022
v -4.594540 48.983860 -3.588972
v -4.578215 50.333145 -3.572096
v -5.332160 51.683186 -2.051771
v -4.983152 51.682201 -2.831064
v -5.016706 50.330887 -2.840975
v -5.003883 53.037964 -2.853289
v -4.573466 51.684101 -3.577038
v -5.630831 48.970680 -0.309617
v -5.557521 48.973183 -1.193990
v -5.558544 50.327400 -1.201900
v -5.611143 50.325359 -0.312292
v -5.597901 51.683712 -0.312229
v -5.517765 51.682552 -1.199843
v -5.519904 53.041237 -1.202347
v -0.950063 54.384464 -6.031660
v -0.946327 55.739307 -5.998310
v -1.844476 53.033993 -5.757020
v -0.949205 53.032063 -6.026917
v -4.034325 53.038620 -4.249815
v -3.404670 53.037479 -4.853314
v -3.399445 54.392551 -4.852402
v -2.664416 53.036945 -5.355698
v -1.841444 54.386745 -5.749179
v -4.020163 54.394039 -4.246162
v -4.023991 55.754707 -4.264146
v -3.390576 55.750038 -4.853536
v -2.660855 54.389168 -5.347830
v -2.656063 55.745224 -5.342810
v -4.053151 47.637955 -4.275140
v -4.045261 51.685486 -4.252989
v -0.958486 48.993080 -6.054964
v -0.951385 50.341248 -6.014624
v -1.839773 51.686928 -5.745014
v -1.861689 48.993324 -5.787024
v -4.030236 50.336689 -4.246187
v -4.057437 48.987980 -4.271684
v -3.409688 48.990971 -4.873525
v -3.413367 50.339046 -4.872035
v -2.691244 47.640629 -5.395106
v -2.674413 48.992317 -5.382730
v -1.844919 50.341320 -5.756983
v -0.947974 51.684902 -6.016928
v -3.395116 51.688114 -4.844710
v -2.674720 50.341946 -5.377055
v -2.655488 51.687340 -5.340925
v -4.636512 43.579952 -3.567061
v -5.352603 47.627480 -2.035848
v -5.379808 46.281216 -2.036353
v -5.021268 47.630844 -2.838946
v -4.611689 46.284882 -3.599448
v -4.592074 47.635044 -3.585510
v -5.629567 43.592724 -0.233723
v -5.591597 44.936268 -1.154055
v -5.637260 44.936081 -0.256819
v -5.380577 44.935860 -2.016494
v -5.621089 47.621841 -0.295441
v -5.586176 46.279846 -1.173457
v -5.562822 47.623981 -1.187457
v -4.119593 43.575401 -4.266369
v -4.099720 44.930626 -4.288724
v -4.079093 46.286831 -4.288562
v -0.980017 44.924599 -6.067503
v -0.970424 46.282814 -6.038764
v -0.964969 47.639210 -6.039833
v -1.891706 44.924648 -5.784649
v -3.469686 44.928841 -4.900507
v -3.475845 43.570286 -4.871106
v -2.720901 44.925976 -5.389654
v -3.417998 47.640358 -4.883087
v -3.439937 46.285828 -4.894995
v -2.708131 46.285061 -5.401926
v -1.880055 46.283508 -5.782047
v -1.868023 47.639999 -5.790012
v -5.333638 28.708254 -2.448325
v -5.601018 30.054947 -1.607854
v -4.913253 28.711426 -3.292884
v -4.918127 30.058529 -3.335845
v -5.315022 30.058069 -2.486585
v -5.302756 31.408369 -2.510728
v -4.891679 31.412960 -3.352870
v -5.781431 28.706038 -0.670828
v -5.757375 30.056019 -0.719827
v -5.634644 28.708117 -1.570904
v -5.596379 31.408398 -1.644993
v -5.418251 26.036705 -2.319144
v -5.359833 27.367487 -2.397280
v -5.024269 26.042282 -3.188805
v -4.968410 27.370119 -3.258728
v -4.459525 26.049944 -3.975905
v -5.782088 24.713655 -0.384975
v -5.796108 26.028507 -0.514803
v -5.701919 24.719185 -1.290293
v -5.753427 27.363491 -0.604360
v -5.672594 26.033178 -1.423182
v -5.627682 27.364584 -1.505603
v -4.388818 28.714096 -4.088023
v -4.374025 30.062775 -4.117211
v -4.561484 24.747213 -3.896457
v -4.415869 27.374744 -4.049448
v -12.122705 16.408274 -3.284042
v -12.557796 16.432528 -0.318969
v -12.404640 16.427582 -1.853323
v -9.392615 17.240852 -2.515694
v -8.479854 17.454723 -2.711182
v -9.104817 17.207605 -3.760101
v -8.154776 17.414118 -3.946616
v -11.449550 16.892887 -2.079807
v -10.400608 17.079308 -2.288439
v -10.102255 17.065079 -3.585643
v -11.166432 16.886517 -3.424555
v -9.692956 17.243116 0.197980
v -8.021500 17.845486 -0.383455
v -9.607383 17.252243 -1.178594
v -8.696327 17.483276 -1.430812
v -11.631771 16.906694 -0.594350
v -10.598138 17.085606 -0.905661
v -9.901151 16.754860 -6.618924
v -9.433115 16.725447 -7.376860
v -8.934370 16.988634 -6.635769
v -9.093779 16.650387 -8.019151
v -8.598861 16.912563 -7.341493
v -9.766869 16.226278 -8.173203
v -10.768158 16.289196 -6.665340
v -10.278759 16.258284 -7.490548
v -8.747543 17.177141 -4.905363
v -9.745214 17.044380 -4.748836
v -9.349010 17.019968 -5.770129
v -11.742804 16.371902 -4.560954
v -10.787950 16.844559 -4.645050
v -11.284709 16.328371 -5.692185
v -10.352364 16.810680 -5.713927
v -5.593888 22.246159 -1.745409
v -5.336152 21.153343 -2.381026
v -5.262516 22.263050 -2.653255
v -4.850277 21.174677 -3.315499
v -4.747499 22.282787 -3.539415
v -5.547316 23.454054 -2.002753
v -5.479736 24.727158 -2.193434
v -5.184166 23.467777 -2.892626
v -5.092439 24.735909 -3.065577
v -4.665695 23.483143 -3.749452
v -5.810610 20.089808 -0.253546
v -5.783739 21.102900 -0.548601
v -5.641102 21.127090 -1.453825
v -5.789713 22.210859 0.046165
v -5.767187 22.226734 -0.844330
v -5.799801 23.430635 -0.198788
v -5.745831 23.444578 -1.099237
v -7.630709 17.836868 -2.884554
v -7.345518 17.718515 -4.118851
v -5.324720 19.306486 -2.995054
v -4.972148 20.181732 -3.099141
v -4.295260 20.172802 -4.050658
v -6.411730 18.737259 -1.867946
v -6.885942 18.295174 -3.005676
v -6.001867 18.747221 -3.033774
v -7.896297 17.848377 -1.630040
v -5.709715 20.127995 -1.163365
v -5.750875 19.308226 -1.941563
v -5.439155 20.158482 -2.119046
v -7.377709 18.379044 -0.597628
v -6.613005 18.712559 -0.762752
v -5.992727 19.276285 -0.936253
v -7.182638 18.359312 -1.783435
v -4.148722 21.191631 -4.196453
v -5.938355 17.910822 -5.498724
v -4.347042 17.880787 -6.907176
v -8.410233 17.135550 -5.915646
v -6.708827 17.402351 -6.364977
v -7.522793 17.256641 -6.107189
v -6.297606 17.154831 -7.968747
v -6.424175 17.279396 -7.221104
v -5.475886 17.377590 -7.540408
v -5.570314 17.700512 -6.613050
v -8.075959 17.099541 -6.745514
v -7.288331 17.178429 -6.966835
v -8.290114 16.866364 -7.952375
v -7.782408 17.048595 -7.443637
v -6.182870 17.078279 -8.681643
v -7.547313 16.857906 -8.705705
v -8.205439 16.738142 -8.562611
v -6.939528 17.048231 -8.316911
v -7.629144 16.975573 -8.083704
v -7.066668 17.118879 -7.665728
v -7.878628 17.330843 -5.100320
v -6.889768 17.588629 -5.292487
v -4.624701 19.296942 -4.063537
v -5.449201 18.648052 -4.278001
v -4.393705 18.507084 -5.674143
v -6.363307 18.210442 -4.257751
v -20.443644 8.665424 -3.319039
v -21.181015 8.362047 -3.394555
v -21.349016 8.339055 -0.998139
v -20.605185 8.642937 -0.994767
v -19.844543 8.966414 -0.998994
v -18.349470 10.060453 -3.081997
v -19.676613 8.975710 -3.223359
v -18.917795 9.368879 -3.138162
v -17.369566 11.675876 -3.062990
v -17.938513 10.901378 -3.077102
v -19.108007 9.393192 -0.996668
v -18.565758 10.084661 -1.013031
v -17.593306 11.687438 -1.107193
v -18.163286 10.924843 -1.051705
v -20.776741 8.363843 -5.721451
v -19.291529 8.958488 -5.361719
v -20.046186 8.651785 -5.541138
v -17.370071 9.980824 -6.834123
v -19.454927 8.591722 -7.616971
v -17.975195 9.306911 -7.054987
v -16.391739 11.635592 -6.563607
v -16.939129 10.836718 -6.711207
v -17.951887 10.033836 -5.044363
v -18.537748 9.357246 -5.171156
v -16.948544 11.648483 -4.891461
v -17.517223 10.876636 -4.975309
v -13.706591 15.258087 -3.075828
v -12.948936 15.817880 -3.154803
v -13.206714 15.825572 -1.662950
v -13.811856 13.357000 -7.317292
v -13.507983 14.129328 -7.251151
v -13.615241 14.824571 -5.926959
v -14.096180 14.120465 -6.000515
v -12.852448 15.242215 -5.790987
v -13.040267 14.832602 -7.142338
v -12.301417 15.238621 -6.920477
v -12.565247 15.790386 -4.509093
v -13.332431 15.252873 -4.506140
v -12.095435 15.764906 -5.712748
v -11.572468 15.748375 -6.767254
v -11.005226 15.731875 -7.666101
v -13.778602 84.953766 -10.336467
v -12.251876 84.950119 -9.472335
v -14.920467 84.793434 -8.124228
v -8.983582 84.693916 -10.650661
v -10.297394 84.750885 -10.250225
v -11.170161 84.666740 -11.102040
v -8.909751 84.789162 -8.840312
v -10.722182 84.913002 -8.863540
v -13.405816 84.746407 -13.454537
v -12.247835 84.652565 -12.280582
v -10.310035 84.727768 -13.887052
v -11.181804 84.773003 -15.348660
v -9.477924 84.686516 -12.313332
v -4.810284 84.548553 -11.508536
v -7.004364 84.669945 -11.157689
v -6.901640 84.657433 -8.981456
v -2.377041 84.459091 -9.271516
v -4.678689 84.533379 -9.170302
v -7.415097 84.708122 -13.210490
v -5.031584 84.547516 -13.859661
v -2.555447 84.433342 -14.181919
v -2.428872 84.438362 -11.728976
v -12.371012 72.839760 -9.306512
v -11.427793 72.904022 -11.844302
v -14.552512 72.928802 -11.269505
v -13.802737 72.921738 -10.568221
v -11.732178 72.533150 -8.802526
v -13.065392 72.905518 -9.909895
v -15.210597 72.923775 -8.264017
v -16.046015 72.928917 -8.856834
v -8.161550 71.973793 -11.505774
v -10.253529 72.560822 -10.534304
v -10.802878 72.832512 -11.151912
v -11.247910 71.928215 -8.424406
v -13.432913 72.942665 -14.195340
v -12.730614 72.929726 -13.390119
v -11.901519 72.946762 -16.942722
v -12.059509 72.920319 -12.600911
v -15.333079 72.935913 -12.003584
v -8.499482 72.587372 -12.023200
v -8.976004 72.857018 -12.711204
v -9.472878 72.909218 -13.500391
v -4.432255 72.579285 -14.054901
v -4.664414 72.854591 -14.861056
v -4.889764 72.910072 -15.778928
v -6.892513 72.844109 -13.973307
v -7.283081 72.900894 -14.817917
v -4.263312 71.962448 -13.444794
v -6.283288 71.973808 -12.640624
v -6.554911 72.581161 -13.202538
v -2.146282 71.958336 -13.922233
v -2.235744 72.595940 -14.536736
v -2.337160 72.865150 -15.390508
v -9.269474 71.585976 -9.519603
v -7.703916 71.585037 -10.857949
v -8.666685 71.616806 -8.898215
v -10.592732 71.594109 -7.946543
v -9.824931 71.951538 -10.097011
v -4.831207 71.608940 -9.570907
v -5.185141 71.615685 -10.348567
v -5.560628 71.630058 -11.121919
v -3.523678 71.614594 -10.988954
v -3.767159 71.627289 -11.820379
v -7.206124 71.624481 -10.143340
v -4.108902 71.602142 -8.051085
v -3.728853 71.593903 -7.319820
v -4.461682 71.604439 -8.806871
v -6.239597 71.608528 -8.732521
v -6.725444 71.612679 -9.432760
v -7.489234 71.607536 -7.666615
v -8.072540 71.613457 -8.288078
v -1.425497 71.600510 -8.867133
v -1.657236 71.606384 -10.516018
v -1.772639 71.608879 -11.365627
v -3.274782 71.607056 -10.172167
v -1.180839 71.571602 -7.325885
v -1.299029 71.592003 -8.081285
v -2.565609 71.590622 -7.798636
v -2.799725 71.598885 -8.567311
v -3.047505 71.604401 -9.358657
v -4.026234 71.592506 -12.663539
v -5.938372 71.596916 -11.911761
v -1.900811 71.614494 -12.222660
v -2.027945 71.587090 -13.103094
v -8.763579 16.585310 -8.542972
v -9.361938 16.158033 -8.764671
v -8.918706 16.143534 -9.236312
v -9.379189 15.677441 -9.672704
v -8.450711 16.149014 -9.650934
v -4.098711 16.992529 -10.285307
v -5.285089 16.724478 -10.707177
v -4.131019 16.726013 -11.144817
v -5.345432 16.235306 -11.484264
v -6.237243 16.696266 -10.250863
v -6.338430 16.224958 -11.001622
v -4.179017 17.526257 -7.822238
v -5.257782 17.108160 -9.064061
v -4.088485 17.138620 -9.460388
v -5.231164 16.995277 -9.883340
v -5.303961 17.205723 -8.308290
v -6.927424 16.908400 -9.042815
v -8.645428 16.434578 -8.958976
v -6.181263 16.967159 -9.421614
v -7.674930 16.631472 -9.426107
v -8.188231 16.567213 -9.104564
v -7.011523 16.680986 -9.784101
v -1.408485 17.196777 -9.979750
v -1.422512 17.063801 -10.854897
v -1.444845 16.789213 -11.722356
v -2.801627 17.042240 -10.641979
v -2.843066 16.766787 -11.499237
v -4.188821 16.254620 -11.918759
v -1.408976 17.735256 -8.339375
v -1.409785 17.403887 -9.142728
v -2.842133 17.644407 -8.149486
v -4.146876 17.270454 -8.657522
v -2.797208 17.349102 -8.946057
v -2.792458 17.175243 -9.775581
v -1.469810 16.285374 -12.474483
v -2.881319 16.270128 -12.257882
v -20.163479 8.312880 -7.875743
v -16.517111 9.233650 -10.273682
v -17.228243 8.838109 -10.720517
v -16.357466 8.831996 -12.158492
v -19.409092 8.257352 -9.827382
v -17.919474 8.539873 -11.161967
v -16.663183 9.915822 -8.444603
v -17.288498 9.260764 -8.747186
v -18.715940 8.897481 -7.330436
v -18.019115 8.857661 -9.123796
v -18.732693 8.546365 -9.486115
v -16.252926 10.800325 -8.269340
v -16.633062 8.278502 -14.521638
v -17.017149 8.536640 -12.658242
v -17.629023 8.235909 -13.109870
v -15.406094 8.816975 -13.454591
v -18.562551 8.251625 -11.564997
v -9.180089 15.220329 -10.747907
v -7.840972 16.200953 -10.056890
v -10.385262 14.854236 -10.672248
v -8.121524 15.692050 -10.702466
v -8.444925 15.222300 -11.326811
v -9.618437 14.816578 -11.318972
v -7.620280 15.227975 -11.885110
v -9.904387 14.132428 -11.685390
v -8.773408 15.691236 -10.187386
v -11.708324 15.231335 -7.901459
v -10.461453 15.708015 -8.433406
v -11.095918 15.227857 -8.744941
v -9.906160 15.699884 -9.088725
v -10.487587 15.227077 -9.486671
v -11.751323 14.833698 -9.116718
v -11.067760 14.824233 -9.920790
v -15.896983 9.879068 -9.887899
v -15.673823 9.217796 -11.639009
v -15.065281 9.848559 -11.188810
v -14.165348 11.558553 -10.574772
v -13.308102 11.529675 -11.647855
v -14.651384 10.729300 -10.897464
v -15.720498 11.609108 -8.055182
v -14.971325 11.585650 -9.387179
v -15.480662 10.762506 -9.655368
v -12.168667 9.749086 -14.414775
v -13.262364 8.758022 -15.716397
v -12.685530 9.121420 -15.033678
v -16.042042 8.538708 -14.011129
v -14.377522 8.778306 -14.633202
v -14.972179 8.499338 -15.236167
v -15.531767 8.236106 -15.784811
v -13.195423 9.762894 -13.423184
v -13.750810 9.139814 -13.994081
v -14.162459 9.805864 -12.356490
v -14.747347 9.176740 -12.870555
v -13.761553 10.688954 -12.016768
v -12.405153 11.504837 -12.627911
v -12.820485 10.655365 -13.041325
v -11.053393 9.741991 -15.324736
v -11.520860 9.129279 -15.991481
v -9.248779 11.460504 -15.087322
v -9.537478 10.607539 -15.625465
v -8.003478 11.466688 -15.772234
v -11.812867 10.627668 -13.977595
v -10.383157 11.460746 -14.331466
v -10.722243 10.610929 -14.834907
v -11.433692 11.482753 -13.519707
v -7.162547 16.208035 -10.527000
v -7.362087 15.697447 -11.211894
v -6.482476 15.708627 -11.725135
v -7.177471 13.368883 -13.862116
v -7.083674 14.158230 -13.572155
v -5.452084 15.721812 -12.211898
v -5.601367 15.245379 -12.912034
v -4.267502 15.743629 -12.641844
v -4.376244 15.267813 -13.350666
v -6.680070 15.235185 -12.422544
v -6.938063 14.868509 -13.137911
v -5.795840 14.853604 -13.632381
v -1.643531 13.455975 -15.482842
v -3.184428 14.215507 -14.930696
v -3.216408 13.433816 -15.245939
v -3.300143 12.798186 -15.834168
v -1.592658 14.923872 -14.655829
v -1.500349 15.768398 -13.182219
v -1.538028 15.292237 -13.890150
v -2.936250 15.748857 -12.971287
v -3.015516 15.274940 -13.677089
v -11.528741 8.182571 -19.050379
v -12.044963 8.749790 -16.720444
v -13.011086 8.178346 -18.033812
v -12.543770 8.454391 -17.405205
v -13.816056 8.453222 -16.358450
v -9.182933 8.762959 -18.480824
v -7.543454 8.789918 -19.222591
v -7.825800 8.483411 -20.041824
v -11.125568 8.457870 -18.376923
v -9.545611 8.463521 -19.259892
v -9.821507 9.740422 -16.150385
v -8.464543 9.747843 -16.900568
v -10.229638 9.123932 -16.864552
v -8.805943 9.143003 -17.659569
v -10.687276 8.756479 -17.640993
v -8.235246 10.613275 -16.339798
v -8.089385 8.197843 -20.798815
v -9.883065 8.182772 -19.977741
v -5.381629 9.824886 -18.146420
v -3.663437 9.859751 -18.566704
v -3.781866 9.260193 -19.398323
v -7.245797 9.169981 -18.365158
v -5.569921 9.220448 -18.958580
v -6.986141 9.778111 -17.572441
v -5.133670 11.498207 -16.893774
v -5.252622 10.650479 -17.502680
v -6.629969 11.474416 -16.374529
v -6.807365 10.627932 -16.973150
v -1.856128 9.864565 -18.806746
v -1.914153 9.288945 -19.660904
v -3.580619 10.671325 -17.902599
v -1.780863 11.524818 -17.514679
v -1.815426 10.686807 -18.148914
v -3.504297 11.517054 -17.281822
v -4.058111 8.568665 -21.174791
v -4.188797 8.278975 -21.988642
v -5.780992 8.826497 -19.840931
v -5.987584 8.508246 -20.685431
v -6.183326 8.201880 -21.466984
v -2.123233 8.384822 -22.330305
v -3.920834 8.879750 -20.302916
v -1.983497 8.930539 -20.587477
v -2.052597 8.642130 -21.480587
v -6.052114 18.326612 4.286221
v -3.640111 12.398707 16.409075
v -1.863153 12.407112 16.670017
v -4.616133 15.009908 13.714280
v -4.808662 14.555770 14.357906
v -3.140575 15.018721 14.091281
v -3.282012 14.562867 14.757036
v -1.595721 15.021115 14.308320
v -1.663593 14.573085 14.996948
v -10.092303 11.811406 14.345023
v -8.314202 12.424846 14.667892
v -6.330064 13.110744 14.107892
v -6.291996 13.810534 13.961180
v -6.547454 12.645636 14.649074
v -6.829757 12.370885 15.386369
v -4.891712 13.097404 14.646184
v -4.851286 13.805664 14.513145
v -3.351795 13.099032 15.053911
v -5.058182 12.626154 15.207734
v -5.301996 12.404346 15.982674
v -3.477413 12.631810 15.621204
v -3.321013 13.811399 14.931190
v -1.693247 13.818146 15.191670
v -1.714932 13.107774 15.310598
v -1.776647 12.628057 15.869951
v -8.866302 14.558623 12.270300
v -6.959620 15.359500 11.815114
v -7.311042 15.023150 12.524689
v -7.595626 14.554124 13.109691
v -6.243004 14.548683 13.798522
v -10.592358 12.665501 12.061622
v -11.096795 12.413761 12.683680
v -8.939681 13.833817 12.445968
v -8.999964 13.140753 12.596259
v -9.303648 12.673039 13.086989
v -9.726357 12.425010 13.769265
v -11.165193 14.581206 10.131840
v -13.599194 12.402554 9.985136
v -12.391747 12.405179 11.423615
v -11.439419 13.185225 10.473823
v -11.324912 13.876363 10.332369
v -11.834488 12.694799 10.870675
v -10.256920 13.164300 11.624545
v -12.201460 14.630909 8.818373
v -14.651167 12.386461 8.374956
v -12.396582 13.908483 9.012544
v -12.973487 12.708505 9.499054
v -12.538327 13.210910 9.149454
v -12.514464 15.086190 6.911998
v -13.111032 14.681700 7.340141
v -14.334028 13.261905 6.029760
v -15.533884 12.366014 6.629113
v -14.838295 12.732861 6.281410
v -14.360225 14.742765 3.961502
v -16.217501 12.352704 4.749903
v -14.966674 13.285274 4.273648
v -14.744933 14.028697 4.151896
v -15.490582 12.737853 4.494633
v -14.679416 14.768455 2.158693
v -15.929895 12.736533 2.596156
v -16.683462 12.348816 2.809445
v -15.369900 13.297641 2.446494
v -15.128622 14.057816 2.324962
v -14.031592 15.226824 0.173456
v -15.275434 14.077415 0.480966
v -14.788311 14.776570 0.351239
v -13.951367 15.204655 1.917189
v -16.905399 12.321937 0.803083
v -16.150059 12.752479 0.690923
v -15.572233 13.317019 0.574536
v -14.728087 14.806440 -1.403745
v -15.229631 14.094401 -1.322328
v -16.903862 12.319699 -1.155380
v -15.546579 13.330998 -1.251006
v -13.949995 15.249966 -1.504704
v -14.511427 14.836895 -3.056829
v -15.008292 14.115786 -3.027483
v -16.139317 12.752561 -1.205592
v -16.697077 12.325649 -3.043383
v -15.926356 12.766596 -3.003173
v -15.325124 13.340487 -2.984002
v -14.608851 14.114142 -4.583707
v -14.103907 14.816188 -4.567465
v -16.288015 12.315217 -4.794846
v -14.933056 13.347144 -4.585185
v -15.537288 12.769455 -4.664914
v -14.423980 13.354280 -6.022900
v -15.751564 12.312572 -6.385534
v -15.008305 12.772152 -6.179060
v -14.386734 12.767374 -7.519889
v -15.094778 12.295178 -7.812187
v -12.403583 14.825158 -8.189284
v -12.847669 14.130705 -8.359743
v -12.158549 14.130877 -9.324258
v -14.380114 12.285046 -9.077966
v -13.152031 13.360163 -8.451426
v -13.692755 12.762597 -8.722017
v -12.956968 12.751435 -9.782187
v -12.438213 13.357566 -9.462358
v -11.435160 14.128023 -10.183775
v -9.848700 15.219884 -10.142519
v -10.691434 14.131229 -10.965295
v -13.610440 12.278107 -10.215755
v -12.183578 12.751628 -10.743427
v -12.794432 12.262321 -11.235975
v -11.701619 13.356627 -10.363729
v -10.923093 13.355320 -11.180429
v -11.366718 12.742628 -11.609773
v -10.098815 13.351349 -11.928140
v -8.831917 14.850169 -11.972147
v -9.054416 14.137274 -12.355453
v -7.939250 14.853045 -12.572266
v -11.910646 12.214710 -12.143250
v -10.494255 12.731495 -12.399357
v -11.002144 12.223665 -13.004504
v -9.210434 13.351122 -12.618324
v -9.551790 12.717571 -13.121955
v -8.119617 14.144514 -12.982415
v -8.243047 13.357324 -13.263200
v -10.002568 12.207428 -13.774569
v -8.533472 12.720857 -13.796679
v -4.531924 14.880548 -14.084307
v -4.621755 14.191944 -14.567848
v -3.115778 14.896775 -14.430251
v -1.624512 14.236277 -15.164297
v -8.915754 12.192277 -14.478613
v -7.415765 12.732022 -14.418486
v -5.994092 13.388238 -14.408633
v -6.177927 12.751182 -14.981345
v -7.736395 12.213900 -15.143716
v -6.430476 12.223804 -15.725662
v -5.924464 14.171706 -14.105016
v -4.673707 13.410095 -14.878850
v -4.809578 12.772655 -15.462070
v -4.993684 12.269939 -16.245131
v -3.423243 12.288680 -16.624081
v -1.685598 12.817850 -16.066843
v -1.737787 12.297821 -16.854874
v -1.899654 5.688591 14.271100
v -0.867983 32.748688 5.387884
v -1.479488 71.603416 9.138247
v -1.605361 71.605804 9.979300
v -1.719933 71.608513 10.835848
v -1.535707 71.603691 -9.683125
v 0.000000 5.630610 -3.583865
v 0.000000 5.635439 -2.138270
v 0.000000 5.638485 -0.677634
v 0.000000 5.641628 0.790722
v 0.000000 5.645191 2.261514
v 0.000000 5.646820 3.736856
v 0.000000 5.663631 10.365253
v 0.000000 5.653989 8.515702
v -0.000012 43.523430 5.350399
v -0.000047 40.827625 5.367527
v 0.000027 42.173737 5.367320
v 0.000029 38.139923 5.379967
v -0.000043 39.484570 5.361560
v -0.000025 36.791016 5.413124
v -0.000176 35.439480 5.415408
v 0.000000 5.648608 6.815490
v 0.000000 5.647109 5.240788
v -0.000167 42.209728 -6.087183
v -0.000064 43.566727 -6.042197
v 0.000049 40.855598 -6.098977
v -0.000142 36.805386 -6.066735
v 0.000122 39.501789 -6.084472
v -0.000177 35.458843 -6.097087
v 0.000033 38.152599 -6.074261
v -0.000040 34.114517 -6.097442
v 0.000000 5.625334 -5.015624
v 0.000000 5.615095 -7.874016
v 0.000000 5.619731 -6.440793
v 0.000000 5.613973 -9.326602
v 0.000000 5.614667 -10.804739
v 0.000000 5.617531 -12.304897
v 0.000000 5.675675 12.332284
v 0.000000 5.702003 16.199594
v -0.000001 5.718172 17.886612
v 0.000092 8.125840 21.913591
v 0.000080 6.094109 22.453993
v -0.000114 7.679757 22.685020
v 0.000247 6.828561 22.968384
v -0.000008 5.739340 19.334087
v -0.000045 5.831956 21.570507
v -0.000045 5.766332 20.546812
v -0.000118 34.090561 5.393958
v -0.000065 31.403631 5.394222
v -0.000001 72.940605 18.893620
v 0.000024 72.919167 16.944248
v 0.000002 72.929161 17.909700
v -0.000363 74.252632 22.980131
v -0.000057 75.476143 23.614244
v -0.000218 73.396965 22.036793
v -0.000063 72.947433 19.904371
v -0.000237 72.997772 20.966543
v 0.000455 78.417374 23.974478
v 0.000403 76.913628 23.896557
v 0.000003 84.627884 17.447077
v -0.000033 84.648804 19.232723
v -0.000204 83.969772 23.177073
v 0.000387 81.370377 23.920702
v 0.000327 82.740440 23.705564
v -0.000220 84.636978 22.068794
v -0.000080 84.670631 20.732868
v -0.000086 31.428810 -6.123255
v -0.000053 32.771816 -6.099166
v -0.000051 30.083981 -6.120136
v -0.000066 28.739059 -6.112084
v -0.000150 27.398262 -6.134183
v -0.000226 26.070314 -6.141313
v -0.000161 24.773788 -6.130064
v -0.000238 22.335785 -5.999826
v -0.000321 21.224428 -6.023246
v -0.000183 23.520271 -6.074274
v 0.000200 20.204674 -6.012847
v 0.000541 19.293644 -6.227830
v 0.000305 18.654831 -6.872952
v 0.000214 18.161524 -7.620623
v 0.000329 79.919052 23.982351
v 0.000000 5.626287 -15.300066
v 0.000000 5.621429 -13.812219
v 0.000117 84.435631 -16.666773
v 0.000408 84.822372 -21.938145
v 0.001289 84.583603 -23.209696
v 0.000059 84.615952 -18.764256
v 0.000135 84.742172 -20.495369
v -0.000008 72.924835 -17.532612
v -0.000004 72.929764 -18.594343
v -0.000054 72.916817 -16.521334
v -0.000024 72.961060 -20.844358
v 0.000093 73.071152 -22.041162
v 0.000131 73.491165 -23.116152
v 0.000003 72.940895 -19.700338
v 0.000000 5.640887 -18.087999
v -0.000001 5.653571 -19.336342
v 0.000000 5.632505 -16.736689
v 0.000002 5.676507 -20.466614
v 0.000028 5.705442 -21.484686
v 0.000083 5.767034 -22.400801
v 0.000113 5.938936 -23.242216
v 0.000074 8.015190 -23.192421
v -0.000033 6.561838 -23.808142
v 0.000544 7.406536 -23.773430
v 0.000168 79.604019 -24.654377
v -0.000118 81.022575 -24.624924
v 0.000580 83.668007 -24.118641
v -0.000043 82.391685 -24.490164
v 0.000393 78.139832 -24.656929
v 0.001582 76.724525 -24.625687
v 0.000804 74.281967 -23.990366
v 0.001111 75.388573 -24.496578
v -0.000042 8.688113 20.193165
v 0.000054 8.405986 21.061510
v 0.000078 11.786958 17.408159
v -0.000563 9.403220 18.577463
v -0.000186 8.989508 19.342985
v 0.000133 11.049932 17.948877
v 0.000049 10.228343 18.311579
v 0.000063 84.412422 13.091549
v 0.000031 84.527481 15.369106
v 0.000049 84.411522 8.413674
v 0.000055 84.365852 10.728591
v 0.000093 72.355255 14.296043
v 0.000458 72.799408 15.080194
v 0.000123 72.895180 15.993642
v 0.000027 71.618965 12.720759
v 0.000191 71.751808 13.616343
v 0.000025 71.594124 7.601681
v 0.000001 71.601257 8.403668
v -0.000003 71.615326 11.826018
v 0.000026 16.755419 12.040904
v -0.000070 17.416002 8.757339
v -0.000016 17.134602 9.777018
v 0.000067 17.032206 10.919461
v 0.000052 16.108175 12.916471
v 0.000023 15.390742 13.580538
v 0.000004 84.545403 3.986144
v 0.000014 84.515724 6.169642
v -0.000002 84.530998 1.831080
v 0.000052 69.385391 5.381858
v 0.000305 70.280441 5.395772
v 0.001312 71.087685 5.450746
v 0.000746 71.508316 6.076675
v 0.000148 71.581917 6.825626
v 0.000023 63.848236 5.329411
v -0.000013 66.261162 5.339064
v -0.000024 67.368553 5.337461
v -0.000067 68.412605 5.364709
v 0.000069 61.231781 5.348234
v 0.000096 62.557362 5.336509
v -0.000004 65.083351 5.346863
v -0.000061 57.151199 5.329258
v 0.000029 58.519569 5.316239
v 0.000071 59.881737 5.333185
v 0.000038 53.039814 5.332638
v -0.000034 55.779995 5.308414
v 0.000028 54.409306 5.318247
v -0.000048 48.945480 5.370979
v 0.000019 50.307190 5.363144
v 0.000032 51.671700 5.336503
v -0.000066 44.876945 5.372195
v -0.000064 46.232155 5.358845
v -0.000084 47.587811 5.357396
v -0.000031 28.683001 5.473309
v 0.000027 30.051056 5.418805
v -0.000063 24.591677 5.450548
v 0.000002 25.937927 5.457101
v -0.000057 27.306871 5.462780
v -0.000165 20.812628 5.527236
v -0.000095 22.002823 5.504597
v -0.000026 23.273596 5.457693
v -0.000219 19.754341 5.563306
v -0.000435 17.665518 7.858563
v -0.000666 18.894798 5.859866
v -0.000137 18.562370 6.585379
v -0.000157 18.260056 7.294968
v -0.000009 84.530838 -2.481466
v -0.000014 84.523911 -4.675122
v -0.000006 84.525169 -0.319361
v -0.000016 84.495712 -6.938859
v 0.000098 68.397835 -6.024905
v -0.000244 70.233406 -6.072927
v -0.001062 71.019539 -6.117202
v -0.000844 71.499115 -6.675102
v 0.000035 65.022720 -6.035401
v -0.000078 66.221291 -6.017787
v 0.000016 67.349541 -6.019763
v 0.000006 69.359802 -6.045280
v -0.000026 59.801182 -5.993246
v -0.000030 61.143562 -5.986193
v 0.000013 63.766808 -6.013091
v -0.000014 62.468651 -6.013500
v -0.000093 57.094368 -6.010907
v -0.000026 58.450226 -6.004551
v -0.000040 54.383362 -6.028385
v -0.000063 55.737980 -5.994458
v 0.000027 53.031250 -6.023644
v 0.000004 48.992371 -6.049107
v 0.000014 50.339912 -6.008799
v 0.000040 51.684441 -6.012233
v -0.000053 44.923752 -6.057793
v -0.000124 46.282108 -6.028768
v -0.000022 47.638714 -6.032279
v -0.000025 84.460350 -9.309394
v 0.000010 84.433495 -14.298495
v -0.000013 84.439934 -11.781219
v -0.000119 72.033127 -14.026075
v -0.000554 72.665024 -14.663445
v -0.000266 72.884224 -15.549919
v -0.000001 71.601196 -8.966061
v 0.000000 71.606895 -10.628990
v -0.000012 71.609512 -11.483934
v -0.000130 71.576241 -7.408831
v -0.000025 71.593353 -8.171510
v -0.000015 71.615372 -12.352800
v -0.000371 71.620796 -13.232039
v 0.000024 17.185106 -10.040008
v 0.000065 17.046127 -10.921064
v 0.000133 16.758255 -11.777889
v 0.000120 17.708666 -8.390767
v 0.000066 17.388329 -9.192335
v 0.000054 16.250580 -12.518241
v 0.000126 13.420162 -15.500522
v 0.000056 14.888755 -14.691408
v 0.000015 15.734138 -13.226697
v -0.000028 15.263266 -13.936208
v 0.000222 9.825514 -18.849340
v 0.000150 9.255754 -19.724566
v 0.000012 11.485029 -17.543030
v 0.000058 10.647326 -18.177414
v -0.000183 8.350006 -22.409641
v -0.000030 8.902870 -20.663349
v -0.000130 8.613540 -21.563179
v -0.000008 12.369567 16.729887
v 0.000055 14.992951 14.351902
v -0.000038 14.535807 15.016398
v 0.000008 13.792577 15.189931
v -0.000469 13.068655 15.327574
v -0.000208 12.596258 15.926626
v 0.000012 14.201774 -15.178231
v 0.000088 12.782000 -16.103994
v 0.000086 12.260102 -16.892176
v 0.000000 5.688943 14.316957
v -0.000066 32.747658 5.385115
v 0.000000 71.603683 9.231654
v 0.000000 71.606071 10.080519
v 0.000005 71.609039 10.946782
v 0.000000 71.603996 -9.785774
# 5406 positions

vt 0.130507 0.539707
vt 0.130299 0.519338
vt 0.138794 0.517290
vt 0.138820 0.538040
vt 0.429079 0.224766
vt 0.428858 0.204357
vt 0.420510 0.206073
vt 0.420550 0.226833
vt 0.261817 0.044353
vt 0.265982 0.038791
vt 0.245613 0.026087
vt 0.242557 0.032219
vt 0.265981 0.297841
vt 0.261830 0.292302
vt 0.242571 0.304431
vt 0.245572 0.310471
vt 0.200776 0.016009
vt 0.198116 0.022582
vt 0.218325 0.029395
vt 0.221513 0.022455
vt 0.198111 0.314073
vt 0.200773 0.320627
vt 0.221495 0.314173
vt 0.218331 0.307270
vt 0.201451 0.009779
vt 0.223521 0.017079
vt 0.201472 0.326921
vt 0.223531 0.319551
vt 0.238349 0.038847
vt 0.257004 0.050607
vt 0.238357 0.297808
vt 0.257005 0.286036
vt 0.246749 0.062367
vt 0.251829 0.056654
vt 0.233920 0.045341
vt 0.229256 0.051459
vt 0.251831 0.279994
vt 0.246749 0.274281
vt 0.229256 0.285189
vt 0.233921 0.291309
vt 0.261895 0.075498
vt 0.267543 0.070205
vt 0.267543 0.266442
vt 0.261895 0.261150
vt 0.273072 0.064406
vt 0.273075 0.272245
vt 0.278560 0.058681
vt 0.278557 0.277956
vt 0.283235 0.053687
vt 0.283251 0.282969
vt 0.148545 0.538596
vt 0.148374 0.516788
vt 0.410781 0.205516
vt 0.410976 0.227344
vt 0.148566 0.561932
vt 0.138704 0.561197
vt 0.420602 0.182977
vt 0.410797 0.182197
vt 0.182178 0.005975
vt 0.181669 0.011773
vt 0.181670 0.324920
vt 0.182186 0.330701
vt 0.158201 0.517223
vt 0.167987 0.517837
vt 0.168248 0.540053
vt 0.158421 0.539185
vt 0.391367 0.226271
vt 0.401145 0.226897
vt 0.400938 0.204924
vt 0.391113 0.204051
vt 0.158077 0.498509
vt 0.167833 0.498909
vt 0.391516 0.245199
vt 0.401270 0.245599
vt 0.177719 0.518608
vt 0.177504 0.499618
vt 0.381635 0.225493
vt 0.381854 0.244486
vt 0.177927 0.540705
vt 0.381431 0.203397
vt 0.148312 0.498208
vt 0.411046 0.245901
vt 0.138769 0.499030
vt 0.420597 0.245077
vt 0.168615 0.563914
vt 0.158647 0.563429
vt 0.400710 0.180673
vt 0.390747 0.180190
vt 0.178352 0.564427
vt 0.381007 0.179676
vt 0.210088 0.042995
vt 0.214169 0.036248
vt 0.194512 0.029760
vt 0.188790 0.036739
vt 0.214171 0.300406
vt 0.210089 0.293653
vt 0.188790 0.299909
vt 0.194511 0.306887
vt 0.225004 0.057441
vt 0.206354 0.049492
vt 0.225004 0.279207
vt 0.206354 0.287156
vt 0.241676 0.067761
vt 0.241677 0.268887
vt 0.131019 0.603142
vt 0.131182 0.583869
vt 0.138900 0.584552
vt 0.137639 0.607176
vt 0.428139 0.160258
vt 0.428375 0.140971
vt 0.421677 0.136915
vt 0.420475 0.159584
vt 0.148126 0.589115
vt 0.411245 0.154992
vt 0.158836 0.589854
vt 0.400522 0.154257
vt 0.168935 0.590569
vt 0.390418 0.153532
vt 0.187336 0.519730
vt 0.196487 0.521860
vt 0.196247 0.543280
vt 0.187367 0.541625
vt 0.362874 0.222240
vt 0.372031 0.224374
vt 0.371981 0.202474
vt 0.363110 0.200832
vt 0.187070 0.500583
vt 0.196098 0.503070
vt 0.363269 0.241033
vt 0.372304 0.243523
vt 0.360065 0.579662
vt 0.355603 0.585383
vt 0.336812 0.568990
vt 0.341852 0.564150
vt 0.355608 0.316759
vt 0.360070 0.322476
vt 0.341856 0.338010
vt 0.336815 0.333169
vt 0.380379 0.591447
vt 0.377023 0.597445
vt 0.377017 0.304701
vt 0.380377 0.310709
vt 0.365519 0.572314
vt 0.371154 0.564637
vt 0.389075 0.575111
vt 0.384589 0.583610
vt 0.371150 0.337517
vt 0.365519 0.329833
vt 0.384585 0.318541
vt 0.389073 0.327042
vt 0.348232 0.557847
vt 0.354884 0.551036
vt 0.354881 0.351119
vt 0.348230 0.344305
vt 0.377309 0.555921
vt 0.362293 0.543721
vt 0.377298 0.346238
vt 0.362287 0.358438
vt 0.393992 0.565453
vt 0.393990 0.336702
vt 0.340479 0.534475
vt 0.349201 0.528348
vt 0.349198 0.373806
vt 0.340478 0.367679
vt 0.332809 0.540034
vt 0.332806 0.362114
vt 0.325507 0.545545
vt 0.325511 0.356598
vt 0.187973 0.564935
vt 0.188352 0.590870
vt 0.178785 0.590637
vt 0.371372 0.179161
vt 0.380570 0.153468
vt 0.370998 0.153235
vt 0.196947 0.566202
vt 0.362393 0.177884
vt 0.197313 0.591373
vt 0.362035 0.152725
vt 0.402343 0.600489
vt 0.399945 0.607415
vt 0.399964 0.294757
vt 0.402353 0.301666
vt 0.426432 0.605797
vt 0.425115 0.613170
vt 0.425123 0.289007
vt 0.426437 0.296349
vt 0.412243 0.572268
vt 0.408648 0.582804
vt 0.408647 0.319347
vt 0.412242 0.329886
vt 0.399118 0.554183
vt 0.415992 0.559991
vt 0.415994 0.342163
vt 0.399121 0.347971
vt 0.383834 0.546294
vt 0.383834 0.355862
vt 0.405413 0.591882
vt 0.405416 0.310268
vt 0.370404 0.535709
vt 0.370399 0.366440
vt 0.428031 0.596919
vt 0.428031 0.305226
vt 0.639342 0.149179
vt 0.649217 0.149301
vt 0.649067 0.136097
vt 0.639233 0.135861
vt 0.649217 0.176348
vt 0.639342 0.176469
vt 0.639233 0.189788
vt 0.649067 0.189552
vt 0.629284 0.135735
vt 0.629363 0.149115
vt 0.629363 0.176533
vt 0.629284 0.189914
vt 0.639149 0.122758
vt 0.629235 0.122575
vt 0.629235 0.203074
vt 0.639149 0.202891
vt 0.619240 0.135727
vt 0.619286 0.149095
vt 0.619286 0.176554
vt 0.619240 0.189922
vt 0.619200 0.122600
vt 0.619200 0.203049
vt 0.609153 0.149131
vt 0.609150 0.135822
vt 0.609153 0.176518
vt 0.609150 0.189827
vt 0.648961 0.123104
vt 0.648961 0.202545
vt 0.599017 0.149210
vt 0.599073 0.136001
vt 0.599017 0.176439
vt 0.599073 0.189647
vt 0.589008 0.136254
vt 0.588851 0.149313
vt 0.588851 0.176336
vt 0.589008 0.189395
vt 0.599126 0.123145
vt 0.589189 0.123634
vt 0.589189 0.202014
vt 0.599126 0.202504
vt 0.609142 0.122788
vt 0.609142 0.202860
vt 0.578815 0.136546
vt 0.578518 0.149434
vt 0.578518 0.176215
vt 0.578815 0.189103
vt 0.664090 0.073899
vt 0.653753 0.071245
vt 0.651402 0.083631
vt 0.661400 0.085495
vt 0.653753 0.254404
vt 0.664090 0.251749
vt 0.661400 0.240153
vt 0.651402 0.242018
vt 0.667448 0.063468
vt 0.656504 0.060327
vt 0.656504 0.265322
vt 0.667448 0.262181
vt 0.642810 0.069507
vt 0.644888 0.058010
vt 0.642810 0.256142
vt 0.644888 0.267639
vt 0.641116 0.082244
vt 0.641116 0.243405
vt 0.673900 0.077050
vt 0.670973 0.088074
vt 0.673900 0.248599
vt 0.670973 0.237575
vt 0.677535 0.067368
vt 0.677535 0.258280
vt 0.662167 0.042657
vt 0.659408 0.050836
vt 0.670975 0.054501
vt 0.674341 0.046768
vt 0.659408 0.274813
vt 0.662167 0.282992
vt 0.674341 0.278881
vt 0.670975 0.271148
vt 0.648920 0.039532
vt 0.646952 0.048068
vt 0.646952 0.277580
vt 0.648920 0.286117
vt 0.677462 0.039989
vt 0.664649 0.035577
vt 0.664649 0.290072
vt 0.677462 0.285659
vt 0.650711 0.032069
vt 0.650711 0.293580
vt 0.636021 0.029752
vt 0.635041 0.037432
vt 0.635041 0.288216
vt 0.636021 0.295897
vt 0.633953 0.046337
vt 0.633953 0.279312
vt 0.652305 0.025518
vt 0.666908 0.029276
vt 0.652306 0.300131
vt 0.666908 0.296372
vt 0.636910 0.022938
vt 0.636911 0.302710
vt 0.632737 0.056632
vt 0.631552 0.068455
vt 0.631552 0.257193
vt 0.632737 0.269017
vt 0.680220 0.034028
vt 0.680220 0.291621
vt 0.668934 0.023611
vt 0.682711 0.028615
vt 0.668935 0.302039
vt 0.682713 0.297036
vt 0.653764 0.019554
vt 0.653767 0.306097
vt 0.655163 0.014005
vt 0.656177 0.009779
vt 0.639159 0.006661
vt 0.638495 0.011078
vt 0.656185 0.315892
vt 0.655169 0.311657
vt 0.638499 0.314581
vt 0.639160 0.319000
vt 0.670769 0.018348
vt 0.672185 0.014439
vt 0.672197 0.311232
vt 0.670779 0.307325
vt 0.623343 0.418025
vt 0.623407 0.401007
vt 0.629463 0.400989
vt 0.629408 0.418091
vt 0.443052 0.152807
vt 0.443137 0.135781
vt 0.437076 0.135711
vt 0.437035 0.152817
vt 0.623508 0.384998
vt 0.629423 0.385085
vt 0.442957 0.168818
vt 0.437061 0.168721
vt 0.637741 0.016822
vt 0.637742 0.308827
vt 0.621136 0.021806
vt 0.621005 0.028696
vt 0.621005 0.296953
vt 0.621136 0.303843
vt 0.621255 0.015535
vt 0.621258 0.310115
vt 0.128649 0.766865
vt 0.127664 0.771124
vt 0.111760 0.766600
vt 0.113088 0.762583
vt 0.127664 0.465835
vt 0.128644 0.470073
vt 0.113087 0.474362
vt 0.111759 0.470365
vt 0.145201 0.769667
vt 0.144767 0.774066
vt 0.144770 0.462905
vt 0.145198 0.467278
vt 0.129701 0.762054
vt 0.114810 0.757821
vt 0.129702 0.474903
vt 0.114815 0.479141
vt 0.145783 0.764841
vt 0.145781 0.472110
vt 0.684988 0.023691
vt 0.684997 0.301977
vt 0.620848 0.036579
vt 0.605843 0.029145
vt 0.606562 0.036980
vt 0.620848 0.289070
vt 0.606562 0.288669
vt 0.605843 0.296504
vt 0.605217 0.022234
vt 0.605217 0.303415
vt 0.620657 0.045617
vt 0.620388 0.056155
vt 0.620657 0.280032
vt 0.620388 0.269494
vt 0.607270 0.046091
vt 0.607979 0.056638
vt 0.607979 0.269011
vt 0.607270 0.279558
vt 0.162290 0.775743
vt 0.162386 0.770992
vt 0.179641 0.770443
vt 0.180110 0.775034
vt 0.162389 0.465968
vt 0.162297 0.461217
vt 0.180107 0.461913
vt 0.179641 0.466511
vt 0.162341 0.766002
vt 0.162341 0.470949
vt 0.179170 0.765435
vt 0.179171 0.471522
vt 0.629569 0.435615
vt 0.623271 0.435679
vt 0.436929 0.118184
vt 0.443215 0.118129
vt 0.629571 0.453434
vt 0.623360 0.453465
vt 0.443148 0.100347
vt 0.436940 0.100374
vt 0.621414 0.009621
vt 0.621418 0.316016
vt 0.621505 0.005000
vt 0.621507 0.320657
vt 0.603718 0.005615
vt 0.604116 0.010243
vt 0.604121 0.315388
vt 0.603725 0.320032
vt 0.604654 0.016033
vt 0.604654 0.309615
vt 0.186544 0.044380
vt 0.186544 0.292267
vt 0.203462 0.055878
vt 0.220908 0.063214
vt 0.203462 0.280770
vt 0.220908 0.273434
vt 0.184569 0.051188
vt 0.184569 0.285459
vt 0.200764 0.061958
vt 0.217208 0.068789
vt 0.217208 0.267859
vt 0.200764 0.274690
vt 0.183251 0.057713
vt 0.183251 0.278935
vt 0.131464 0.561799
vt 0.427899 0.182316
vt 0.146516 0.618692
vt 0.412875 0.125461
vt 0.180435 0.018477
vt 0.175764 0.025073
vt 0.175763 0.311575
vt 0.180431 0.318140
vt 0.052844 0.084509
vt 0.066174 0.068348
vt 0.061173 0.062860
vt 0.046689 0.079218
vt 0.066175 0.268300
vt 0.052843 0.252137
vt 0.046692 0.257438
vt 0.061176 0.273775
vt 0.169336 0.618433
vt 0.158454 0.619003
vt 0.400884 0.125090
vt 0.390014 0.125669
vt 0.164893 0.042014
vt 0.165483 0.032848
vt 0.141290 0.036651
vt 0.144049 0.044341
vt 0.165483 0.303798
vt 0.164893 0.294634
vt 0.144049 0.292306
vt 0.141290 0.299996
vt 0.153983 0.025065
vt 0.136813 0.029727
vt 0.136814 0.306917
vt 0.153982 0.311588
vt 0.165112 0.049603
vt 0.165112 0.287045
vt 0.164964 0.056226
vt 0.164964 0.280422
vt 0.135470 0.618957
vt 0.130063 0.620131
vt 0.429245 0.123953
vt 0.423952 0.125157
vt 0.137748 0.632531
vt 0.131084 0.635208
vt 0.428314 0.108895
vt 0.421607 0.111559
vt 0.165189 0.005000
vt 0.150112 0.005958
vt 0.148812 0.011855
vt 0.165835 0.010274
vt 0.150110 0.330704
vt 0.165167 0.331680
vt 0.165842 0.326352
vt 0.148803 0.324825
vt 0.150968 0.018529
vt 0.164951 0.016612
vt 0.164951 0.320057
vt 0.150967 0.318106
vt 0.165625 0.022036
vt 0.165623 0.314601
vt 0.179261 0.618378
vt 0.380084 0.125720
vt 0.169668 0.646939
vt 0.159384 0.647448
vt 0.399969 0.096670
vt 0.389680 0.097162
vt 0.148411 0.649500
vt 0.410931 0.094616
vt 0.179631 0.646400
vt 0.379722 0.097700
vt 0.197926 0.618147
vt 0.188909 0.618167
vt 0.370446 0.125933
vt 0.361425 0.125944
vt 0.451820 0.607500
vt 0.451890 0.615322
vt 0.451905 0.286833
vt 0.451837 0.294629
vt 0.431927 0.576476
vt 0.434100 0.563464
vt 0.453135 0.564526
vt 0.452752 0.577672
vt 0.434101 0.338690
vt 0.431926 0.325677
vt 0.452751 0.324481
vt 0.453135 0.337626
vt 0.419379 0.545948
vt 0.436064 0.548586
vt 0.436067 0.353568
vt 0.419381 0.356205
vt 0.453430 0.549332
vt 0.453430 0.352819
vt 0.429878 0.587407
vt 0.429878 0.314743
vt 0.403867 0.541720
vt 0.403870 0.360433
vt 0.452051 0.598402
vt 0.452056 0.303745
vt 0.452321 0.588855
vt 0.452322 0.313296
vt 0.197756 0.645150
vt 0.189115 0.646003
vt 0.370228 0.098093
vt 0.361602 0.098946
vt 0.477777 0.604952
vt 0.478892 0.612405
vt 0.478902 0.289740
vt 0.477782 0.297194
vt 0.473886 0.575924
vt 0.475223 0.586798
vt 0.475223 0.315354
vt 0.473885 0.326229
vt 0.472472 0.562930
vt 0.472476 0.339221
vt 0.470999 0.548103
vt 0.471001 0.354049
vt 0.476403 0.596248
vt 0.476406 0.305896
vt 0.549183 0.095129
vt 0.559289 0.093086
vt 0.556669 0.083153
vt 0.548429 0.087052
vt 0.559289 0.232563
vt 0.549183 0.230520
vt 0.548429 0.238597
vt 0.556669 0.242496
vt 0.548940 0.104733
vt 0.559480 0.103400
vt 0.559480 0.222249
vt 0.548940 0.220916
vt 0.569665 0.101737
vt 0.568525 0.090245
vt 0.568525 0.235403
vt 0.569665 0.223912
vt 0.566119 0.079315
vt 0.566119 0.246334
vt 0.540048 0.096156
vt 0.541112 0.089618
vt 0.540048 0.229493
vt 0.541112 0.236030
vt 0.536987 0.104792
vt 0.536987 0.220857
vt 0.535932 0.086355
vt 0.529874 0.094113
vt 0.529874 0.231535
vt 0.535932 0.239293
vt 0.543160 0.079950
vt 0.543160 0.245699
vt 0.525594 0.103656
vt 0.525594 0.221993
vt 0.547110 0.114816
vt 0.545515 0.125695
vt 0.557753 0.125331
vt 0.558952 0.114231
vt 0.545515 0.199953
vt 0.547110 0.210832
vt 0.558952 0.211418
vt 0.557753 0.200318
vt 0.534597 0.114887
vt 0.532237 0.125645
vt 0.532237 0.200004
vt 0.534597 0.210762
vt 0.544133 0.137289
vt 0.556713 0.137115
vt 0.556713 0.188534
vt 0.544133 0.188360
vt 0.530643 0.137314
vt 0.530643 0.188334
vt 0.521586 0.113958
vt 0.518861 0.125143
vt 0.518861 0.200506
vt 0.521586 0.211690
vt 0.517015 0.137049
vt 0.517015 0.188599
vt 0.543273 0.149767
vt 0.556021 0.149672
vt 0.556021 0.175976
vt 0.543273 0.175882
vt 0.568192 0.136837
vt 0.567692 0.149561
vt 0.568192 0.188812
vt 0.567692 0.176088
vt 0.568897 0.124817
vt 0.568897 0.200832
vt 0.569482 0.113182
vt 0.569482 0.212466
vt 0.529710 0.149788
vt 0.529710 0.175860
vt 0.865003 0.757811
vt 0.870057 0.757891
vt 0.870016 0.767232
vt 0.865027 0.767163
vt 0.824490 0.757890
vt 0.829543 0.757811
vt 0.829519 0.767162
vt 0.824531 0.767232
vt 0.865028 0.748490
vt 0.870105 0.748544
vt 0.824442 0.748544
vt 0.829519 0.748490
vt 0.874542 0.757957
vt 0.874585 0.748612
vt 0.820006 0.757957
vt 0.819962 0.748613
vt 0.874451 0.767314
vt 0.820097 0.767314
vt 0.874367 0.776650
vt 0.870038 0.776589
vt 0.824509 0.776590
vt 0.820180 0.776650
vt 0.865011 0.776516
vt 0.829536 0.776516
vt 0.859496 0.767095
vt 0.859513 0.776456
vt 0.835051 0.767094
vt 0.835035 0.776456
vt 0.859505 0.757760
vt 0.835041 0.757761
vt 0.853533 0.767057
vt 0.853533 0.776409
vt 0.841014 0.767056
vt 0.841013 0.776410
vt 0.853543 0.757725
vt 0.841005 0.757726
vt 0.859491 0.748442
vt 0.853523 0.748421
vt 0.835056 0.748443
vt 0.841023 0.748421
vt 0.865000 0.739179
vt 0.870059 0.739222
vt 0.824488 0.739222
vt 0.829546 0.739179
vt 0.874585 0.739273
vt 0.819963 0.739272
vt 0.859438 0.739151
vt 0.835109 0.739150
vt 0.853485 0.739137
vt 0.841061 0.739136
vt 0.874594 0.729952
vt 0.870059 0.729921
vt 0.869965 0.720624
vt 0.874569 0.720663
vt 0.824489 0.729922
vt 0.819955 0.729953
vt 0.819977 0.720663
vt 0.824582 0.720623
vt 0.864911 0.729880
vt 0.829634 0.729880
vt 0.864747 0.720596
vt 0.829800 0.720596
vt 0.859369 0.729861
vt 0.835177 0.729860
vt 0.859259 0.720553
vt 0.835288 0.720555
vt 0.853441 0.729850
vt 0.841107 0.729849
vt 0.853410 0.720533
vt 0.841137 0.720535
vt 0.864748 0.711290
vt 0.869873 0.711345
vt 0.824674 0.711345
vt 0.829800 0.711291
vt 0.874441 0.711357
vt 0.820105 0.711356
vt 0.859222 0.711245
vt 0.835325 0.711245
vt 0.853368 0.711192
vt 0.841176 0.711193
vt 0.109689 0.863250
vt 0.109694 0.867636
vt 0.100326 0.867894
vt 0.100333 0.863544
vt 0.629042 0.834624
vt 0.629047 0.839009
vt 0.638401 0.838716
vt 0.638409 0.834366
vt 0.119020 0.863094
vt 0.119002 0.867457
vt 0.619734 0.834803
vt 0.619716 0.839165
vt 0.869813 0.702020
vt 0.874310 0.702049
vt 0.820237 0.702049
vt 0.824735 0.702021
vt 0.869736 0.692673
vt 0.874253 0.692680
vt 0.820294 0.692681
vt 0.824810 0.692672
vt 0.864678 0.701985
vt 0.829869 0.701986
vt 0.864575 0.692642
vt 0.829973 0.692641
vt 0.859184 0.701920
vt 0.835362 0.701919
vt 0.859056 0.692617
vt 0.835490 0.692616
vt 0.853325 0.701877
vt 0.841219 0.701876
vt 0.578105 0.087559
vt 0.579194 0.099822
vt 0.578105 0.238090
vt 0.579194 0.225827
vt 0.575817 0.075557
vt 0.575817 0.250092
vt 0.572572 0.064632
vt 0.562115 0.069114
vt 0.562115 0.256535
vt 0.572572 0.261017
vt 0.552470 0.074384
vt 0.552470 0.251265
vt 0.579482 0.112100
vt 0.579482 0.213548
vt 0.587930 0.085088
vt 0.588917 0.098173
vt 0.587930 0.240561
vt 0.588917 0.227475
vt 0.586186 0.072491
vt 0.586186 0.253158
vt 0.598846 0.096809
vt 0.589220 0.111029
vt 0.599104 0.110188
vt 0.598846 0.228840
vt 0.599104 0.215460
vt 0.589220 0.214620
vt 0.598236 0.083269
vt 0.598236 0.242379
vt 0.579200 0.124201
vt 0.579200 0.201448
vt 0.165675 0.862562
vt 0.165730 0.857470
vt 0.175071 0.857412
vt 0.175017 0.862475
vt 0.573005 0.844792
vt 0.573060 0.839698
vt 0.563719 0.839785
vt 0.563665 0.844849
vt 0.156316 0.862594
vt 0.156376 0.857519
vt 0.582360 0.844742
vt 0.582419 0.839665
vt 0.165784 0.851776
vt 0.156430 0.851887
vt 0.572952 0.850485
vt 0.582306 0.850373
vt 0.175115 0.851769
vt 0.563619 0.850493
vt 0.165603 0.867029
vt 0.174959 0.866896
vt 0.573133 0.835230
vt 0.563776 0.835364
vt 0.156257 0.867089
vt 0.582477 0.835171
vt 0.184353 0.862347
vt 0.184295 0.866794
vt 0.554440 0.835466
vt 0.554383 0.839914
vt 0.184394 0.857339
vt 0.554343 0.844919
vt 0.147014 0.857562
vt 0.147055 0.851948
vt 0.591680 0.850312
vt 0.591720 0.844700
vt 0.146967 0.862719
vt 0.591769 0.839541
vt 0.146918 0.867100
vt 0.591818 0.835159
vt 0.165835 0.845848
vt 0.175147 0.845682
vt 0.572902 0.856409
vt 0.563588 0.856577
vt 0.156469 0.845964
vt 0.582266 0.856295
vt 0.165852 0.839676
vt 0.175166 0.839512
vt 0.563570 0.862748
vt 0.572883 0.862583
vt 0.156485 0.839872
vt 0.582250 0.862390
vt 0.184420 0.851641
vt 0.184438 0.845606
vt 0.193716 0.845423
vt 0.193708 0.851455
vt 0.554297 0.856655
vt 0.554317 0.850618
vt 0.545028 0.850805
vt 0.545020 0.856836
vt 0.184448 0.839354
vt 0.554287 0.862907
vt 0.193721 0.839202
vt 0.545015 0.863060
vt 0.147089 0.846112
vt 0.591647 0.856149
vt 0.137693 0.852119
vt 0.137711 0.846299
vt 0.601025 0.855962
vt 0.601043 0.850140
vt 0.137723 0.840358
vt 0.147109 0.840110
vt 0.591626 0.862152
vt 0.601013 0.861903
vt 0.137663 0.857627
vt 0.128336 0.857793
vt 0.128338 0.852290
vt 0.610399 0.844466
vt 0.601073 0.844632
vt 0.610397 0.849970
vt 0.137637 0.862704
vt 0.128319 0.862881
vt 0.610416 0.839378
vt 0.601098 0.839557
vt 0.119008 0.858002
vt 0.118999 0.852550
vt 0.619736 0.849711
vt 0.619727 0.844257
vt 0.137597 0.867230
vt 0.601138 0.835030
vt 0.128309 0.867379
vt 0.610428 0.834881
vt 0.128345 0.846523
vt 0.118998 0.846786
vt 0.610390 0.855737
vt 0.619737 0.855475
vt 0.128364 0.840646
vt 0.610371 0.861615
vt 0.109644 0.847108
vt 0.109658 0.852795
vt 0.629092 0.855153
vt 0.629077 0.849466
vt 0.109663 0.841242
vt 0.119005 0.840947
vt 0.619730 0.861312
vt 0.629073 0.861016
vt 0.109678 0.858257
vt 0.629058 0.844004
vt 0.100321 0.858467
vt 0.100305 0.853106
vt 0.638431 0.849154
vt 0.638414 0.843793
vt 0.568911 0.054947
vt 0.557471 0.060233
vt 0.557471 0.265416
vt 0.568911 0.270702
vt 0.583833 0.060884
vt 0.581098 0.050796
vt 0.581098 0.274853
vt 0.583833 0.264765
vt 0.119039 0.835035
vt 0.109669 0.835328
vt 0.619697 0.867224
vt 0.629066 0.866930
vt 0.128379 0.834743
vt 0.610358 0.867517
vt 0.100298 0.847415
vt 0.100286 0.841598
vt 0.638450 0.860661
vt 0.638439 0.854846
vt 0.090919 0.868097
vt 0.090932 0.863810
vt 0.647816 0.834163
vt 0.647804 0.838449
vt 0.874048 0.683274
vt 0.869507 0.683267
vt 0.820499 0.683274
vt 0.825038 0.683267
vt 0.081484 0.868319
vt 0.081513 0.864117
vt 0.657223 0.838144
vt 0.657252 0.833941
vt 0.873851 0.673838
vt 0.869250 0.673834
vt 0.820695 0.673838
vt 0.825296 0.673833
vt 0.868991 0.664382
vt 0.873583 0.664404
vt 0.820963 0.664404
vt 0.825556 0.664383
vt 0.072050 0.868470
vt 0.072102 0.864329
vt 0.666634 0.837933
vt 0.666686 0.833789
vt 0.590765 0.031098
vt 0.592309 0.038842
vt 0.592309 0.286807
vt 0.590765 0.294550
vt 0.576000 0.034612
vt 0.578466 0.042084
vt 0.578466 0.283565
vt 0.576000 0.291037
vt 0.594032 0.047775
vt 0.594032 0.277874
vt 0.589352 0.024336
vt 0.589352 0.301312
vt 0.573838 0.028048
vt 0.573839 0.297601
vt 0.595674 0.058228
vt 0.595674 0.267421
vt 0.597173 0.070148
vt 0.608513 0.068755
vt 0.608513 0.256894
vt 0.597173 0.255501
vt 0.620036 0.068225
vt 0.620036 0.257424
vt 0.586061 0.008231
vt 0.586974 0.012655
vt 0.586975 0.312998
vt 0.586069 0.317425
vt 0.588104 0.018252
vt 0.588104 0.307397
vt 0.197688 0.772437
vt 0.196827 0.767884
vt 0.197679 0.464506
vt 0.196829 0.469051
vt 0.629613 0.471013
vt 0.623501 0.471123
vt 0.436904 0.082802
vt 0.442994 0.082691
vt 0.876915 0.636541
vt 0.872884 0.636434
vt 0.872493 0.627387
vt 0.876339 0.627501
vt 0.821665 0.636434
vt 0.817629 0.636541
vt 0.818206 0.627502
vt 0.822051 0.627387
vt 0.877238 0.645762
vt 0.873116 0.645664
vt 0.821429 0.645664
vt 0.817309 0.645761
vt 0.868353 0.636356
vt 0.868575 0.645585
vt 0.826194 0.636356
vt 0.825972 0.645586
vt 0.868063 0.627287
vt 0.826484 0.627287
vt 0.571911 0.022146
vt 0.571912 0.303502
vt 0.570158 0.016677
vt 0.570154 0.308983
vt 0.195802 0.762976
vt 0.195807 0.473969
vt 0.871781 0.618644
vt 0.875637 0.618788
vt 0.818908 0.618788
vt 0.822764 0.618645
vt 0.035146 0.865927
vt 0.026434 0.866801
vt 0.026617 0.862808
vt 0.035285 0.861728
vt 0.712302 0.835459
vt 0.703588 0.836334
vt 0.703450 0.840533
vt 0.712118 0.839452
vt 0.044316 0.860923
vt 0.044186 0.865295
vt 0.694550 0.836964
vt 0.694420 0.841338
vt 0.558984 0.033321
vt 0.561919 0.039549
vt 0.561919 0.286100
vt 0.558984 0.292328
vt 0.556399 0.027729
vt 0.556399 0.297924
vt 0.544970 0.040044
vt 0.548650 0.045871
vt 0.548650 0.279778
vt 0.544969 0.285607
vt 0.541708 0.034810
vt 0.541703 0.290850
vt 0.565232 0.046701
vt 0.565232 0.278948
vt 0.552859 0.052487
vt 0.552859 0.273162
vt 0.554046 0.022540
vt 0.554047 0.303113
vt 0.568795 0.012399
vt 0.568785 0.313260
vt 0.552231 0.018503
vt 0.552231 0.307155
vt 0.213395 0.763273
vt 0.214789 0.767798
vt 0.214796 0.469151
vt 0.213404 0.473659
vt 0.229337 0.757138
vt 0.231161 0.761590
vt 0.231152 0.475383
vt 0.229341 0.479801
vt 0.623505 0.488389
vt 0.629508 0.488114
vt 0.629590 0.504485
vt 0.623675 0.504952
vt 0.436996 0.065685
vt 0.442976 0.065407
vt 0.442806 0.048853
vt 0.436909 0.049328
vt 0.211990 0.758573
vt 0.227446 0.752687
vt 0.227445 0.484269
vt 0.211992 0.478375
vt 0.608874 0.082074
vt 0.609054 0.095918
vt 0.608874 0.243575
vt 0.609054 0.229731
vt 0.609116 0.109584
vt 0.609116 0.216064
vt 0.619379 0.095475
vt 0.619234 0.109247
vt 0.619379 0.230174
vt 0.619234 0.216401
vt 0.619682 0.081532
vt 0.619682 0.244116
vt 0.165817 0.827602
vt 0.165837 0.833543
vt 0.156488 0.833802
vt 0.156460 0.827813
vt 0.572896 0.868719
vt 0.572918 0.874657
vt 0.582276 0.874447
vt 0.582249 0.868459
vt 0.175139 0.827369
vt 0.175163 0.833322
vt 0.563573 0.868940
vt 0.563597 0.874891
vt 0.184450 0.833151
vt 0.554286 0.869108
vt 0.184447 0.827193
vt 0.554288 0.875067
vt 0.147105 0.834089
vt 0.591630 0.868171
vt 0.147104 0.828198
vt 0.591631 0.874063
vt 0.137745 0.834426
vt 0.137736 0.828520
vt 0.601000 0.873739
vt 0.600989 0.867835
vt 0.147068 0.822469
vt 0.137724 0.822793
vt 0.591668 0.879790
vt 0.601012 0.879466
vt 0.156430 0.822203
vt 0.582304 0.880056
vt 0.165774 0.821940
vt 0.175112 0.821744
vt 0.563623 0.880516
vt 0.572962 0.880320
vt 0.184436 0.821540
vt 0.554300 0.880721
vt 0.184429 0.816256
vt 0.175078 0.816477
vt 0.554306 0.886004
vt 0.563658 0.885782
vt 0.193769 0.816253
vt 0.193760 0.821463
vt 0.544975 0.880797
vt 0.544966 0.886006
vt 0.193744 0.827055
vt 0.544991 0.875205
vt 0.165736 0.816597
vt 0.156385 0.816812
vt 0.573000 0.885661
vt 0.582350 0.885446
vt 0.165687 0.811772
vt 0.175046 0.811644
vt 0.563690 0.890615
vt 0.573049 0.890487
vt 0.156338 0.812000
vt 0.582397 0.890259
vt 0.184411 0.811490
vt 0.554325 0.890769
vt 0.193782 0.811492
vt 0.544953 0.890768
vt 0.147037 0.817000
vt 0.137685 0.817255
vt 0.591699 0.885260
vt 0.601051 0.885005
vt 0.146998 0.812092
vt 0.591738 0.890168
vt 0.128399 0.828815
vt 0.128377 0.823032
vt 0.610359 0.879226
vt 0.610337 0.873443
vt 0.128348 0.817482
vt 0.610388 0.884778
vt 0.119044 0.829106
vt 0.619692 0.873154
vt 0.119046 0.823270
vt 0.619689 0.878990
vt 0.137649 0.812199
vt 0.128311 0.812295
vt 0.601087 0.890061
vt 0.610424 0.889965
vt 0.119017 0.817708
vt 0.619718 0.884552
vt 0.109691 0.823424
vt 0.109696 0.817740
vt 0.629039 0.884520
vt 0.629045 0.878836
vt 0.109676 0.812547
vt 0.118994 0.812486
vt 0.619742 0.889774
vt 0.629059 0.889712
vt 0.100314 0.835579
vt 0.638422 0.866681
vt 0.109698 0.829324
vt 0.100312 0.829539
vt 0.629037 0.872935
vt 0.638424 0.872720
vt 0.100342 0.823581
vt 0.638393 0.878679
vt 0.100340 0.817893
vt 0.638395 0.884366
vt 0.778195 0.474897
vt 0.773653 0.474870
vt 0.773448 0.484188
vt 0.778113 0.484194
vt 0.832752 0.474870
vt 0.828210 0.474897
vt 0.828290 0.484194
vt 0.832957 0.484187
vt 0.778341 0.465578
vt 0.773686 0.465553
vt 0.832717 0.465552
vt 0.828063 0.465577
vt 0.629724 0.095411
vt 0.629315 0.109223
vt 0.629724 0.230238
vt 0.629315 0.216426
vt 0.630455 0.081639
vt 0.630455 0.244009
vt 0.639883 0.095874
vt 0.639314 0.109436
vt 0.639883 0.229775
vt 0.639314 0.216212
vt 0.649886 0.096680
vt 0.649886 0.228969
vt 0.649105 0.110054
vt 0.649105 0.215595
vt 0.779020 0.428220
vt 0.774514 0.428177
vt 0.774333 0.437526
vt 0.778853 0.437560
vt 0.831888 0.428177
vt 0.827385 0.428220
vt 0.827554 0.437560
vt 0.832070 0.437526
vt 0.779182 0.418853
vt 0.774735 0.418818
vt 0.831670 0.418818
vt 0.827221 0.418853
vt 0.774083 0.446866
vt 0.778560 0.446904
vt 0.832322 0.446866
vt 0.827847 0.446903
vt 0.784195 0.428241
vt 0.784269 0.418875
vt 0.822136 0.418875
vt 0.822209 0.428242
vt 0.784094 0.437598
vt 0.822311 0.437598
vt 0.790045 0.418879
vt 0.790029 0.428258
vt 0.816359 0.418877
vt 0.816375 0.428259
vt 0.790131 0.409493
vt 0.784399 0.409486
vt 0.822004 0.409485
vt 0.816274 0.409494
vt 0.779225 0.409467
vt 0.827178 0.409465
vt 0.796424 0.418881
vt 0.796388 0.428239
vt 0.809982 0.418879
vt 0.810020 0.428242
vt 0.796431 0.409492
vt 0.809974 0.409495
vt 0.789986 0.437603
vt 0.816418 0.437605
vt 0.796369 0.437620
vt 0.810034 0.437623
vt 0.773852 0.456215
vt 0.778396 0.456243
vt 0.828007 0.456242
vt 0.832555 0.456215
vt 0.783935 0.446926
vt 0.783833 0.456266
vt 0.822469 0.446925
vt 0.822572 0.456265
vt 0.789918 0.446953
vt 0.789796 0.456279
vt 0.816486 0.446953
vt 0.816608 0.456279
vt 0.796359 0.446960
vt 0.810041 0.446961
vt 0.783674 0.465597
vt 0.822730 0.465597
vt 0.796332 0.456291
vt 0.810071 0.456289
vt 0.789769 0.465599
vt 0.783690 0.474904
vt 0.789720 0.474911
vt 0.816634 0.465598
vt 0.816684 0.474913
vt 0.822714 0.474904
vt 0.796310 0.465603
vt 0.796246 0.474897
vt 0.810098 0.465602
vt 0.810162 0.474899
vt 0.789656 0.484200
vt 0.796213 0.484197
vt 0.810192 0.484198
vt 0.816749 0.484201
vt 0.773241 0.493505
vt 0.777926 0.493510
vt 0.828479 0.493510
vt 0.833163 0.493506
vt 0.100359 0.812510
vt 0.638377 0.889749
vt 0.783544 0.484206
vt 0.783421 0.493500
vt 0.822861 0.484206
vt 0.822984 0.493499
vt 0.789541 0.493490
vt 0.816863 0.493490
vt 0.783212 0.502819
vt 0.789459 0.502789
vt 0.816946 0.502788
vt 0.823191 0.502817
vt 0.777761 0.502838
vt 0.828641 0.502840
vt 0.796170 0.493476
vt 0.810236 0.493475
vt 0.145421 0.051145
vt 0.124259 0.049227
vt 0.126987 0.055680
vt 0.145421 0.285503
vt 0.126987 0.280967
vt 0.124259 0.287420
vt 0.121286 0.042682
vt 0.121286 0.293965
vt 0.117194 0.035760
vt 0.117196 0.300888
vt 0.146789 0.057669
vt 0.146789 0.278979
vt 0.164981 0.062460
vt 0.147925 0.063768
vt 0.164982 0.274190
vt 0.147924 0.272881
vt 0.182011 0.063822
vt 0.182012 0.272827
vt 0.129379 0.061803
vt 0.129378 0.274845
vt 0.131530 0.067613
vt 0.131530 0.269034
vt 0.139327 0.653061
vt 0.131120 0.655458
vt 0.428216 0.088645
vt 0.420055 0.091078
vt 0.129862 0.009688
vt 0.131125 0.015493
vt 0.131126 0.321150
vt 0.129860 0.326979
vt 0.109107 0.015409
vt 0.110714 0.021770
vt 0.110723 0.314892
vt 0.109130 0.321246
vt 0.139267 0.676933
vt 0.130948 0.676213
vt 0.428400 0.067915
vt 0.420077 0.067198
vt 0.132654 0.022453
vt 0.113913 0.028858
vt 0.132655 0.314207
vt 0.113921 0.307781
vt 0.102784 0.050606
vt 0.106534 0.056785
vt 0.106534 0.279863
vt 0.102784 0.286041
vt 0.098775 0.044298
vt 0.098775 0.292350
vt 0.094816 0.037605
vt 0.094817 0.299043
vt 0.110069 0.062711
vt 0.110069 0.273937
vt 0.113305 0.068422
vt 0.113304 0.268226
vt 0.149334 0.675451
vt 0.410023 0.068684
vt 0.159656 0.674702
vt 0.399699 0.069406
vt 0.170016 0.674012
vt 0.389337 0.070096
vt 0.659596 0.098128
vt 0.658810 0.110886
vt 0.659596 0.227521
vt 0.658810 0.214763
vt 0.658671 0.123685
vt 0.658671 0.201964
vt 0.669192 0.099814
vt 0.668425 0.112093
vt 0.669192 0.225834
vt 0.668425 0.213555
vt 0.658855 0.136420
vt 0.658855 0.189229
vt 0.668408 0.124367
vt 0.668678 0.136841
vt 0.668408 0.201281
vt 0.668678 0.188808
vt 0.659052 0.149462
vt 0.659052 0.176187
vt 0.678088 0.113361
vt 0.678224 0.125199
vt 0.678088 0.212288
vt 0.678224 0.200450
vt 0.678618 0.101872
vt 0.678618 0.223776
vt 0.668933 0.149652
vt 0.668933 0.175997
vt 0.678950 0.149872
vt 0.678619 0.137301
vt 0.678619 0.188347
vt 0.678950 0.175777
vt 0.680310 0.090776
vt 0.680310 0.234873
vt 0.688019 0.103800
vt 0.689225 0.093618
vt 0.689225 0.232031
vt 0.688019 0.221849
vt 0.687760 0.114720
vt 0.687760 0.210928
vt 0.683085 0.080686
vt 0.683085 0.244962
vt 0.691803 0.084257
vt 0.691803 0.241392
vt 0.688167 0.126019
vt 0.688167 0.199629
vt 0.688721 0.137797
vt 0.688721 0.187852
vt 0.198305 0.671638
vt 0.189556 0.672927
vt 0.369808 0.071169
vt 0.361026 0.072452
vt 0.502757 0.599102
vt 0.505381 0.606542
vt 0.505396 0.295638
vt 0.502772 0.303050
vt 0.179918 0.673570
vt 0.379437 0.070538
vt 0.698202 0.126789
vt 0.698956 0.138270
vt 0.698202 0.198859
vt 0.698956 0.187378
vt 0.697485 0.115849
vt 0.697485 0.209800
vt 0.697156 0.105581
vt 0.697156 0.220067
vt 0.689136 0.150107
vt 0.689136 0.175542
vt 0.699473 0.150339
vt 0.699473 0.175310
vt 0.491248 0.558835
vt 0.494429 0.571073
vt 0.494427 0.331080
vt 0.491250 0.343320
vt 0.497368 0.581550
vt 0.497367 0.320601
vt 0.488143 0.544846
vt 0.488145 0.357307
vt 0.500147 0.590541
vt 0.500150 0.311614
vt 0.709857 0.150545
vt 0.709238 0.138655
vt 0.709238 0.186994
vt 0.709857 0.175104
vt 0.720112 0.150684
vt 0.719355 0.138845
vt 0.719355 0.186804
vt 0.720112 0.174965
vt 0.718085 0.127540
vt 0.708243 0.127327
vt 0.708243 0.198322
vt 0.718085 0.198109
vt 0.198034 0.695661
vt 0.189301 0.697327
vt 0.370048 0.046778
vt 0.361317 0.048462
vt 0.526003 0.589427
vt 0.529404 0.596180
vt 0.529387 0.305999
vt 0.525994 0.312742
vt 0.179896 0.698008
vt 0.170052 0.698382
vt 0.389303 0.045725
vt 0.379461 0.046095
vt 0.517940 0.573135
vt 0.521985 0.581585
vt 0.521983 0.320569
vt 0.517939 0.329018
vt 0.513499 0.563485
vt 0.513498 0.338666
vt 0.508729 0.552303
vt 0.508730 0.349849
vt 0.504214 0.539741
vt 0.504216 0.362413
vt 0.509700 0.112352
vt 0.506319 0.124072
vt 0.506319 0.201576
vt 0.509700 0.213297
vt 0.504187 0.136442
vt 0.504187 0.189207
vt 0.514328 0.101245
vt 0.514328 0.224403
vt 0.499361 0.110170
vt 0.495423 0.122534
vt 0.495423 0.203115
vt 0.499361 0.215479
vt 0.504889 0.098369
vt 0.504889 0.227280
vt 0.516002 0.149697
vt 0.516002 0.175952
vt 0.503034 0.149435
vt 0.503034 0.176213
vt 0.492859 0.135490
vt 0.492859 0.190158
vt 0.536235 0.053482
vt 0.541260 0.059513
vt 0.541260 0.266136
vt 0.536235 0.272167
vt 0.524650 0.062402
vt 0.530407 0.067635
vt 0.530407 0.258013
vt 0.524650 0.263247
vt 0.546788 0.066382
vt 0.546788 0.259267
vt 0.537018 0.073595
vt 0.537018 0.252054
vt 0.527876 0.081621
vt 0.520611 0.076943
vt 0.527876 0.244028
vt 0.520611 0.248705
vt 0.520663 0.091002
vt 0.520663 0.234647
vt 0.511934 0.087220
vt 0.511934 0.238428
vt 0.267476 0.725334
vt 0.270704 0.729151
vt 0.258238 0.740043
vt 0.255328 0.735898
vt 0.270716 0.507794
vt 0.267474 0.511624
vt 0.255329 0.501058
vt 0.258241 0.496911
vt 0.278253 0.713889
vt 0.281870 0.717277
vt 0.281876 0.519674
vt 0.278253 0.523067
vt 0.273841 0.732754
vt 0.285205 0.720531
vt 0.273887 0.504161
vt 0.285240 0.516400
vt 0.261063 0.744141
vt 0.261102 0.492757
vt 0.519661 0.057717
vt 0.508579 0.068373
vt 0.514082 0.072462
vt 0.519660 0.267934
vt 0.514082 0.253187
vt 0.508579 0.257275
vt 0.531835 0.048214
vt 0.531835 0.277437
vt 0.515266 0.053445
vt 0.527963 0.043423
vt 0.515262 0.272210
vt 0.527961 0.282232
vt 0.503796 0.064622
vt 0.503788 0.261031
vt 0.504805 0.083489
vt 0.498840 0.079973
vt 0.504805 0.242160
vt 0.498840 0.245676
vt 0.497026 0.095296
vt 0.497026 0.230352
vt 0.490573 0.092253
vt 0.490573 0.233396
vt 0.493704 0.076642
vt 0.493703 0.249006
vt 0.241914 0.744986
vt 0.244257 0.749337
vt 0.244260 0.487619
vt 0.241918 0.491964
vt 0.246762 0.753865
vt 0.246770 0.483086
vt 0.536468 0.026160
vt 0.538774 0.029969
vt 0.538767 0.295701
vt 0.536473 0.299506
vt 0.521757 0.035554
vt 0.524421 0.038940
vt 0.524399 0.286748
vt 0.521760 0.290110
vt 0.624020 0.535426
vt 0.623837 0.520716
vt 0.629909 0.520086
vt 0.629981 0.534388
vt 0.442638 0.033095
vt 0.442460 0.018382
vt 0.436557 0.019379
vt 0.436605 0.033711
vt 0.511243 0.049401
vt 0.499499 0.061082
vt 0.511230 0.276267
vt 0.499481 0.264576
vt 0.508384 0.046525
vt 0.508378 0.279120
vt 0.496688 0.058831
vt 0.496685 0.266807
vt 0.629746 0.547165
vt 0.624215 0.548799
vt 0.442297 0.005000
vt 0.436787 0.006594
vt 0.237595 0.788145
vt 0.235572 0.793675
vt 0.223349 0.793542
vt 0.225289 0.788388
vt 0.006979 0.793646
vt 0.005000 0.788136
vt 0.017313 0.788350
vt 0.019218 0.793521
vt 0.076930 0.048739
vt 0.081748 0.055120
vt 0.081749 0.281529
vt 0.076936 0.287920
vt 0.086171 0.060993
vt 0.086171 0.275655
vt 0.071485 0.073887
vt 0.071485 0.262761
vt 0.090662 0.066668
vt 0.076444 0.078898
vt 0.090662 0.269980
vt 0.076444 0.257749
vt 0.091067 0.030812
vt 0.091070 0.305843
vt 0.072472 0.042347
vt 0.072484 0.294299
vt 0.149519 0.698952
vt 0.139613 0.698729
vt 0.419742 0.045389
vt 0.409843 0.045160
vt 0.149459 0.720107
vt 0.139322 0.719376
vt 0.420036 0.024729
vt 0.409895 0.024003
vt 0.130930 0.697274
vt 0.130438 0.717032
vt 0.428423 0.046828
vt 0.428910 0.027083
vt 0.088046 0.024961
vt 0.068288 0.036523
vt 0.088042 0.311710
vt 0.068297 0.300139
vt 0.159857 0.698630
vt 0.399500 0.045481
vt 0.169963 0.720551
vt 0.159746 0.720449
vt 0.399610 0.023665
vt 0.389397 0.023563
vt 0.051313 0.052159
vt 0.055684 0.056930
vt 0.055690 0.279720
vt 0.051319 0.284476
vt 0.139471 0.737027
vt 0.130655 0.734007
vt 0.428702 0.010105
vt 0.419881 0.007083
vt 0.149326 0.738335
vt 0.410020 0.005774
vt 0.041030 0.074332
vt 0.035422 0.069903
vt 0.041022 0.262315
vt 0.035425 0.266764
vt 0.159593 0.738808
vt 0.399761 0.005300
vt 0.169764 0.739110
vt 0.389595 0.005000
vt 0.179874 0.720439
vt 0.379485 0.023676
vt 0.189543 0.719930
vt 0.369797 0.024179
vt 0.198538 0.717811
vt 0.360814 0.026281
vt 0.546781 0.576935
vt 0.551554 0.583535
vt 0.551567 0.318646
vt 0.546795 0.325237
vt 0.536266 0.561933
vt 0.541584 0.569622
vt 0.541587 0.332537
vt 0.536265 0.340219
vt 0.530402 0.553296
vt 0.530401 0.348856
vt 0.544844 0.540590
vt 0.551991 0.548089
vt 0.551990 0.354064
vt 0.544844 0.361563
vt 0.524208 0.543518
vt 0.524208 0.358636
vt 0.536841 0.532708
vt 0.536842 0.369445
vt 0.189186 0.738629
vt 0.179635 0.739101
vt 0.379713 0.005007
vt 0.370171 0.005485
vt 0.198096 0.736413
vt 0.361273 0.007657
vt 0.564704 0.561255
vt 0.570156 0.566745
vt 0.570191 0.335364
vt 0.564713 0.340892
vt 0.558540 0.554807
vt 0.558537 0.347348
vt 0.491459 0.148978
vt 0.483279 0.134255
vt 0.481560 0.148365
vt 0.491459 0.176671
vt 0.481560 0.177284
vt 0.483279 0.191393
vt 0.486329 0.120698
vt 0.486328 0.204951
vt 0.490872 0.107699
vt 0.490871 0.217950
vt 0.478832 0.118718
vt 0.475311 0.132889
vt 0.475308 0.192760
vt 0.478830 0.206931
vt 0.483897 0.105195
vt 0.483897 0.220454
vt 0.473276 0.147661
vt 0.473274 0.177990
vt 0.320114 0.634860
vt 0.325779 0.635399
vt 0.322974 0.651695
vt 0.317580 0.650642
vt 0.325779 0.601564
vt 0.320106 0.602102
vt 0.317561 0.586319
vt 0.322946 0.585261
vt 0.314151 0.634340
vt 0.311831 0.649463
vt 0.314150 0.602617
vt 0.311829 0.587493
vt 0.459900 0.146238
vt 0.466229 0.146945
vt 0.468571 0.131491
vt 0.462705 0.130183
vt 0.466221 0.178711
vt 0.459869 0.179428
vt 0.462669 0.195476
vt 0.468557 0.194160
vt 0.138346 0.788916
vt 0.137882 0.783574
vt 0.153938 0.783963
vt 0.154908 0.788897
vt 0.104692 0.783564
vt 0.104241 0.788895
vt 0.087672 0.788903
vt 0.088644 0.783959
vt 0.154513 0.794979
vt 0.138217 0.795277
vt 0.104382 0.795272
vt 0.088079 0.794997
vt 0.169248 0.784014
vt 0.170547 0.788832
vt 0.072029 0.788836
vt 0.073340 0.784017
vt 0.466934 0.114872
vt 0.472515 0.116773
vt 0.466944 0.210780
vt 0.472508 0.208879
vt 0.169928 0.794695
vt 0.072674 0.794717
vt 0.318492 0.667110
vt 0.313361 0.665346
vt 0.318453 0.569857
vt 0.313329 0.571623
vt 0.307942 0.663624
vt 0.307476 0.679139
vt 0.302545 0.676789
vt 0.307939 0.573334
vt 0.302545 0.560168
vt 0.307454 0.557832
vt 0.312216 0.681408
vt 0.312148 0.555591
vt 0.477975 0.102719
vt 0.472667 0.100354
vt 0.472680 0.225292
vt 0.477979 0.222930
vt 0.183766 0.783827
vt 0.185407 0.788688
vt 0.057186 0.788693
vt 0.058828 0.783827
vt 0.184226 0.794227
vt 0.058409 0.794252
vt 0.295779 0.689491
vt 0.300176 0.692162
vt 0.291644 0.704925
vt 0.287712 0.701808
vt 0.300167 0.544800
vt 0.295779 0.547465
vt 0.287710 0.535148
vt 0.291641 0.532032
vt 0.304184 0.694771
vt 0.304143 0.542220
vt 0.295174 0.707690
vt 0.295179 0.529268
vt 0.485074 0.089386
vt 0.485075 0.236260
vt 0.480186 0.086615
vt 0.489072 0.073511
vt 0.480196 0.239019
vt 0.489057 0.252134
vt 0.210508 0.793377
vt 0.212379 0.788497
vt 0.032086 0.793377
vt 0.030230 0.788488
vt 0.197588 0.793598
vt 0.199166 0.788596
vt 0.043437 0.788625
vt 0.045038 0.793609
vt 0.210609 0.783645
vt 0.223038 0.783690
vt 0.031986 0.783644
vt 0.019544 0.783684
vt 0.197505 0.783804
vt 0.045101 0.783808
vt 0.864435 0.683276
vt 0.830111 0.683276
vt 0.864151 0.673857
vt 0.830396 0.673856
vt 0.858967 0.683285
vt 0.835580 0.683283
vt 0.858811 0.673901
vt 0.835734 0.673900
vt 0.853270 0.692584
vt 0.841276 0.692584
vt 0.853217 0.683297
vt 0.841329 0.683296
vt 0.853117 0.673934
vt 0.841430 0.673934
vt 0.027929 0.145303
vt 0.034851 0.146824
vt 0.039729 0.125973
vt 0.033102 0.123245
vt 0.034852 0.189824
vt 0.027928 0.191348
vt 0.033103 0.213402
vt 0.039729 0.210675
vt 0.041572 0.148238
vt 0.046215 0.128670
vt 0.041572 0.188409
vt 0.046215 0.207977
vt 0.048175 0.149530
vt 0.052535 0.131189
vt 0.048175 0.187118
vt 0.052535 0.205459
vt 0.054582 0.150787
vt 0.058701 0.133450
vt 0.058701 0.203197
vt 0.054582 0.185861
vt 0.047755 0.106664
vt 0.041411 0.102589
vt 0.041411 0.234060
vt 0.047755 0.229983
vt 0.053841 0.110215
vt 0.053841 0.226432
vt 0.025996 0.120198
vt 0.035147 0.098687
vt 0.025986 0.216460
vt 0.035137 0.237960
vt 0.020626 0.143745
vt 0.020626 0.192916
vt 0.059793 0.113678
vt 0.059793 0.222970
vt 0.065482 0.116974
vt 0.065482 0.219675
vt 0.064111 0.093553
vt 0.058441 0.088979
vt 0.058441 0.247668
vt 0.064110 0.243094
vt 0.005665 0.140950
vt 0.012751 0.142263
vt 0.018954 0.117267
vt 0.012069 0.114913
vt 0.012734 0.194418
vt 0.005674 0.195717
vt 0.012050 0.221760
vt 0.018939 0.219387
vt 0.189763 0.346793
vt 0.189193 0.337923
vt 0.215230 0.338425
vt 0.216533 0.347063
vt 0.134426 0.337915
vt 0.133867 0.346788
vt 0.107100 0.347076
vt 0.108383 0.338429
vt 0.189733 0.357119
vt 0.216575 0.357313
vt 0.133911 0.357126
vt 0.107061 0.357321
vt 0.028196 0.094421
vt 0.028201 0.242238
vt 0.189131 0.378199
vt 0.189450 0.367717
vt 0.216052 0.367789
vt 0.215592 0.378209
vt 0.134197 0.367716
vt 0.134516 0.378199
vt 0.108047 0.378212
vt 0.107586 0.367791
vt 0.069525 0.097753
vt 0.069525 0.238895
vt 0.260240 0.339136
vt 0.262584 0.347655
vt 0.241051 0.347495
vt 0.239124 0.338684
vt 0.061041 0.347670
vt 0.063379 0.339142
vt 0.084510 0.338688
vt 0.082578 0.347515
vt 0.277984 0.339335
vt 0.280923 0.348150
vt 0.042711 0.348154
vt 0.045668 0.339333
vt 0.263349 0.357762
vt 0.281647 0.358006
vt 0.060275 0.357767
vt 0.041991 0.358016
vt 0.241163 0.357527
vt 0.082477 0.357534
vt 0.022472 0.091018
vt 0.022455 0.245633
vt 0.090944 0.858885
vt 0.090943 0.853514
vt 0.647792 0.848747
vt 0.647792 0.843374
vt 0.081548 0.859216
vt 0.657187 0.843043
vt 0.090936 0.847806
vt 0.647797 0.854455
vt 0.090948 0.841900
vt 0.647787 0.860359
vt 0.081597 0.848173
vt 0.081605 0.842261
vt 0.657130 0.859996
vt 0.657139 0.854088
vt 0.081578 0.853827
vt 0.657158 0.848434
vt 0.262357 0.378299
vt 0.262893 0.368059
vt 0.281598 0.368273
vt 0.281260 0.378444
vt 0.060745 0.368062
vt 0.061279 0.378301
vt 0.042378 0.378441
vt 0.042037 0.368275
vt 0.240081 0.378208
vt 0.240724 0.367926
vt 0.082915 0.367926
vt 0.083559 0.378212
vt 0.261930 0.388256
vt 0.280795 0.388315
vt 0.061710 0.388266
vt 0.042838 0.388322
vt 0.239523 0.388243
vt 0.084120 0.388247
vt 0.215188 0.388367
vt 0.108454 0.388367
vt 0.574728 0.470983
vt 0.586766 0.472603
vt 0.582550 0.493592
vt 0.571225 0.490337
vt 0.586765 0.429551
vt 0.574727 0.431170
vt 0.571225 0.411816
vt 0.582550 0.408560
vt 0.560701 0.469424
vt 0.558120 0.487291
vt 0.560700 0.432729
vt 0.558120 0.414863
vt 0.597029 0.474168
vt 0.592128 0.496748
vt 0.597028 0.427989
vt 0.592135 0.405405
vt 0.575241 0.513532
vt 0.565209 0.508759
vt 0.565208 0.393394
vt 0.575242 0.388619
vt 0.584050 0.517978
vt 0.584050 0.384174
vt 0.553476 0.504099
vt 0.553475 0.398055
vt 0.187737 0.407036
vt 0.188556 0.398241
vt 0.214504 0.398218
vt 0.213184 0.407003
vt 0.135099 0.398218
vt 0.135941 0.407038
vt 0.110490 0.407004
vt 0.109148 0.398232
vt 0.606246 0.475725
vt 0.614667 0.476994
vt 0.608853 0.502441
vt 0.601036 0.499617
vt 0.614666 0.425198
vt 0.606255 0.426449
vt 0.601036 0.402551
vt 0.608819 0.399747
vt 0.188859 0.388412
vt 0.134789 0.388409
vt 0.238727 0.397886
vt 0.236638 0.406589
vt 0.087016 0.406613
vt 0.084913 0.397887
vt 0.598988 0.525895
vt 0.592066 0.522390
vt 0.592076 0.379751
vt 0.598938 0.376273
vt 0.090942 0.835880
vt 0.647794 0.866378
vt 0.090968 0.829760
vt 0.647768 0.872500
vt 0.081622 0.836151
vt 0.081614 0.830016
vt 0.657121 0.872243
vt 0.657113 0.866107
vt 0.090968 0.823777
vt 0.647768 0.878483
vt 0.091000 0.817956
vt 0.647736 0.884302
vt 0.091006 0.812615
vt 0.647731 0.889643
vt 0.081640 0.818076
vt 0.081667 0.812674
vt 0.657066 0.889584
vt 0.657096 0.884184
vt 0.773122 0.502858
vt 0.772977 0.512198
vt 0.777818 0.512173
vt 0.833283 0.502859
vt 0.828585 0.512172
vt 0.833428 0.512195
vt 0.260902 0.397936
vt 0.258294 0.406404
vt 0.065328 0.406391
vt 0.062755 0.397943
vt 0.280027 0.397866
vt 0.277488 0.406775
vt 0.046106 0.406762
vt 0.043610 0.397865
vt 0.579940 0.542887
vt 0.585801 0.547551
vt 0.585832 0.354586
vt 0.579919 0.359271
vt 0.572667 0.537564
vt 0.565107 0.531806
vt 0.565106 0.370347
vt 0.572668 0.364586
vt 0.556346 0.525687
vt 0.556345 0.376465
vt 0.546568 0.519359
vt 0.546568 0.382794
vt 0.783281 0.512137
vt 0.823121 0.512137
vt 0.789399 0.512092
vt 0.817007 0.512093
vt 0.796109 0.502759
vt 0.810297 0.502760
vt 0.796080 0.512060
vt 0.810325 0.512061
vt 0.772872 0.521515
vt 0.777682 0.521475
vt 0.828723 0.521474
vt 0.833530 0.521515
vt 0.072389 0.808239
vt 0.072349 0.812880
vt 0.063095 0.813147
vt 0.063147 0.808224
vt 0.666387 0.889382
vt 0.666345 0.894020
vt 0.675589 0.894035
vt 0.675641 0.889116
vt 0.783202 0.521425
vt 0.777303 0.530717
vt 0.782864 0.530672
vt 0.823203 0.521425
vt 0.823542 0.530670
vt 0.829102 0.530717
vt 0.789112 0.530628
vt 0.789333 0.521383
vt 0.817072 0.521384
vt 0.817293 0.530627
vt 0.782517 0.539807
vt 0.788876 0.539792
vt 0.817531 0.539792
vt 0.823890 0.539808
vt 0.777057 0.539870
vt 0.829349 0.539869
vt 0.796043 0.521350
vt 0.810362 0.521349
vt 0.795931 0.530611
vt 0.810477 0.530610
vt 0.053937 0.813650
vt 0.053994 0.808652
vt 0.684741 0.893608
vt 0.684797 0.888608
vt 0.044936 0.814197
vt 0.045026 0.809023
vt 0.693707 0.893234
vt 0.693799 0.888058
vt 0.776362 0.548838
vt 0.782035 0.548790
vt 0.824372 0.548788
vt 0.830044 0.548835
vt 0.788487 0.548747
vt 0.817921 0.548747
vt 0.795785 0.539775
vt 0.810624 0.539776
vt 0.795591 0.548770
vt 0.810818 0.548771
vt 0.036199 0.815215
vt 0.036299 0.809802
vt 0.702434 0.892455
vt 0.702534 0.887043
vt 0.775716 0.557565
vt 0.781430 0.557470
vt 0.824980 0.557466
vt 0.830690 0.557562
vt 0.788112 0.557441
vt 0.818299 0.557439
vt 0.795404 0.557420
vt 0.811003 0.557420
vt 0.775117 0.565835
vt 0.780916 0.565753
vt 0.825493 0.565751
vt 0.831290 0.565834
vt 0.027904 0.816666
vt 0.028029 0.810912
vt 0.710706 0.891346
vt 0.710829 0.885591
vt 0.787740 0.565666
vt 0.780427 0.573460
vt 0.787487 0.573341
vt 0.818667 0.565660
vt 0.818922 0.573344
vt 0.825978 0.573461
vt 0.774534 0.573497
vt 0.831871 0.573497
vt 0.795270 0.565632
vt 0.811141 0.565627
vt 0.020367 0.812126
vt 0.020247 0.818213
vt 0.718369 0.890132
vt 0.718486 0.884044
vt 0.779862 0.580503
vt 0.773518 0.580532
vt 0.826536 0.580511
vt 0.832884 0.580538
vt 0.787043 0.580440
vt 0.819359 0.580436
vt 0.794973 0.580214
vt 0.786244 0.586729
vt 0.794509 0.586398
vt 0.811431 0.580213
vt 0.811893 0.586386
vt 0.820156 0.586714
vt 0.795071 0.573261
vt 0.811342 0.573268
vt 0.777542 0.587342
vt 0.828823 0.587367
vt 0.392538 0.740660
vt 0.397545 0.749361
vt 0.393190 0.754069
vt 0.387893 0.743175
vt 0.397544 0.698081
vt 0.392524 0.706748
vt 0.387893 0.704232
vt 0.393182 0.693340
vt 0.771233 0.586553
vt 0.835160 0.586590
vt 0.404313 0.755670
vt 0.402829 0.761364
vt 0.404312 0.691744
vt 0.402829 0.686046
vt 0.389533 0.732395
vt 0.385338 0.733003
vt 0.389525 0.715011
vt 0.385339 0.714405
vt 0.381974 0.743144
vt 0.379985 0.733504
vt 0.379981 0.713902
vt 0.381969 0.704262
vt 0.384627 0.753757
vt 0.384661 0.693662
vt 0.376075 0.743343
vt 0.378336 0.752583
vt 0.376076 0.704062
vt 0.378338 0.694824
vt 0.374763 0.733440
vt 0.374764 0.713965
vt 0.697870 0.096051
vt 0.697870 0.229598
vt 0.699729 0.087752
vt 0.699729 0.237897
vt 0.707058 0.116672
vt 0.706104 0.106726
vt 0.706104 0.218922
vt 0.707058 0.208976
vt 0.705732 0.098003
vt 0.705732 0.227646
vt 0.714472 0.107091
vt 0.716381 0.116844
vt 0.714472 0.218558
vt 0.716381 0.208805
vt 0.712789 0.098731
vt 0.712789 0.226918
vt 0.727475 0.127258
vt 0.725183 0.116315
vt 0.725183 0.209334
vt 0.727475 0.198391
vt 0.722349 0.106207
vt 0.722349 0.219442
vt 0.729982 0.150688
vt 0.729083 0.138786
vt 0.729083 0.186863
vt 0.729982 0.174961
vt 0.686576 0.020128
vt 0.697481 0.029803
vt 0.699281 0.026615
vt 0.686587 0.305541
vt 0.699287 0.299046
vt 0.697483 0.295857
vt 0.694930 0.034375
vt 0.694930 0.291277
vt 0.629191 0.358063
vt 0.629323 0.370678
vt 0.623614 0.370608
vt 0.623734 0.357902
vt 0.437158 0.183120
vt 0.437283 0.195730
vt 0.442741 0.195909
vt 0.442846 0.183209
vt 0.097353 0.760967
vt 0.084739 0.754457
vt 0.086790 0.750961
vt 0.099133 0.757151
vt 0.084751 0.482518
vt 0.097361 0.476001
vt 0.099143 0.479818
vt 0.086797 0.486006
vt 0.101325 0.752603
vt 0.089322 0.746750
vt 0.101328 0.484354
vt 0.089321 0.490204
vt 0.707924 0.056987
vt 0.698916 0.050823
vt 0.695026 0.056893
vt 0.703826 0.062540
vt 0.698915 0.274826
vt 0.707924 0.268662
vt 0.703826 0.263109
vt 0.695026 0.268756
vt 0.711776 0.051982
vt 0.702439 0.045503
vt 0.702439 0.280146
vt 0.711776 0.273667
vt 0.688824 0.045165
vt 0.685311 0.051556
vt 0.685311 0.274092
vt 0.688824 0.280483
vt 0.692036 0.039464
vt 0.692036 0.286185
vt 0.705641 0.040715
vt 0.705642 0.284936
vt 0.708546 0.036451
vt 0.708548 0.289199
vt 0.681456 0.058901
vt 0.681456 0.266748
vt 0.690947 0.063748
vt 0.690946 0.261901
vt 0.715308 0.047536
vt 0.718489 0.043555
vt 0.715306 0.278110
vt 0.718495 0.282100
vt 0.720277 0.059108
vt 0.724097 0.054989
vt 0.724096 0.270660
vt 0.720277 0.266540
vt 0.727513 0.051374
vt 0.727514 0.274279
vt 0.063394 0.740135
vt 0.065733 0.737262
vt 0.075818 0.744214
vt 0.073584 0.747447
vt 0.065721 0.499684
vt 0.063393 0.496831
vt 0.073601 0.489524
vt 0.075814 0.492736
vt 0.054221 0.732078
vt 0.056691 0.729387
vt 0.056694 0.507576
vt 0.054214 0.504878
vt 0.068891 0.733414
vt 0.060156 0.725810
vt 0.068889 0.503538
vt 0.060160 0.511148
vt 0.078647 0.740297
vt 0.078645 0.496655
vt 0.720665 0.040879
vt 0.729837 0.048966
vt 0.720670 0.284774
vt 0.729840 0.276685
vt 0.710489 0.033559
vt 0.710491 0.292097
vt 0.629082 0.327545
vt 0.629166 0.336719
vt 0.623855 0.336518
vt 0.623888 0.327347
vt 0.437326 0.217087
vt 0.437424 0.226267
vt 0.442612 0.226462
vt 0.442633 0.217292
vt 0.629092 0.346909
vt 0.623830 0.346694
vt 0.437389 0.206880
vt 0.442655 0.207113
vt 0.716176 0.063604
vt 0.716176 0.262045
vt 0.686827 0.071619
vt 0.686827 0.254030
vt 0.695339 0.076075
vt 0.695339 0.249573
vt 0.699516 0.068879
vt 0.699516 0.256769
vt 0.703127 0.080544
vt 0.703127 0.245105
vt 0.720309 0.086845
vt 0.714271 0.080122
vt 0.709888 0.085217
vt 0.715322 0.090386
vt 0.714271 0.245527
vt 0.720309 0.238804
vt 0.715322 0.235262
vt 0.709888 0.240432
vt 0.725564 0.083102
vt 0.719049 0.075373
vt 0.719049 0.250276
vt 0.725564 0.242547
vt 0.711769 0.068670
vt 0.707316 0.074251
vt 0.707316 0.251398
vt 0.711769 0.256979
vt 0.723720 0.071020
vt 0.723720 0.254629
vt 0.730682 0.079367
vt 0.730682 0.246282
vt 0.725352 0.094960
vt 0.731376 0.092015
vt 0.731376 0.233634
vt 0.725352 0.230688
vt 0.736998 0.088958
vt 0.736998 0.236691
vt 0.728157 0.066945
vt 0.728156 0.258704
vt 0.732240 0.063239
vt 0.732240 0.262413
vt 0.706738 0.090782
vt 0.706738 0.234867
vt 0.719088 0.097409
vt 0.719088 0.228239
vt 0.711590 0.093144
vt 0.711590 0.232504
vt 0.729690 0.104465
vt 0.729690 0.221184
vt 0.733351 0.115113
vt 0.733351 0.210535
vt 0.319433 0.549712
vt 0.319413 0.352405
vt 0.755380 0.024228
vt 0.755833 0.033899
vt 0.775122 0.034040
vt 0.774771 0.024290
vt 0.994546 0.033892
vt 0.995000 0.024230
vt 0.975608 0.024293
vt 0.975256 0.034030
vt 0.755468 0.014662
vt 0.774756 0.014537
vt 0.994915 0.014681
vt 0.975640 0.014547
vt 0.757277 0.005634
vt 0.776556 0.005340
vt 0.993097 0.005645
vt 0.973862 0.005354
vt 0.311986 0.523621
vt 0.320050 0.519543
vt 0.320046 0.382609
vt 0.311956 0.378514
vt 0.305483 0.526995
vt 0.305462 0.375143
vt 0.328613 0.515121
vt 0.328611 0.387032
vt 0.338643 0.510661
vt 0.338643 0.391495
vt 0.320071 0.494270
vt 0.331107 0.491230
vt 0.331106 0.410924
vt 0.320070 0.407882
vt 0.350425 0.506022
vt 0.344462 0.488456
vt 0.350425 0.396130
vt 0.344456 0.413692
vt 0.359297 0.522322
vt 0.359298 0.379831
vt 0.310665 0.497108
vt 0.310657 0.405032
vt 0.798152 0.024443
vt 0.798157 0.014703
vt 0.952225 0.014714
vt 0.952228 0.024441
vt 0.799272 0.005470
vt 0.951124 0.005478
vt 0.301794 0.500087
vt 0.301797 0.402038
vt 0.294399 0.502338
vt 0.294405 0.399797
vt 0.798550 0.034307
vt 0.951831 0.034304
vt 0.823701 0.034473
vt 0.823334 0.024516
vt 0.927036 0.024519
vt 0.926671 0.034475
vt 0.823059 0.014578
vt 0.927311 0.014558
vt 0.823929 0.005000
vt 0.926470 0.005004
vt 0.315150 0.472670
vt 0.326949 0.471257
vt 0.326950 0.430897
vt 0.315148 0.429482
vt 0.341024 0.469831
vt 0.341020 0.432323
vt 0.359490 0.485844
vt 0.363973 0.502314
vt 0.363973 0.399836
vt 0.359487 0.416307
vt 0.357262 0.468736
vt 0.357261 0.433417
vt 0.370169 0.516567
vt 0.370173 0.385581
vt 0.305312 0.474135
vt 0.305309 0.428014
vt 0.296210 0.475478
vt 0.296232 0.426664
vt 0.289151 0.476616
vt 0.289199 0.425534
vt 0.823949 0.045130
vt 0.798480 0.044268
vt 0.926430 0.045120
vt 0.951891 0.044257
vt 0.850039 0.044622
vt 0.849604 0.034503
vt 0.900776 0.034508
vt 0.900324 0.044619
vt 0.849339 0.024515
vt 0.901045 0.024518
vt 0.849313 0.014801
vt 0.901073 0.014773
vt 0.849651 0.005543
vt 0.900733 0.005508
vt 0.756233 0.043655
vt 0.756726 0.053420
vt 0.775016 0.053739
vt 0.775451 0.043913
vt 0.993650 0.053423
vt 0.994143 0.043647
vt 0.974930 0.043909
vt 0.975329 0.053726
vt 0.757547 0.062963
vt 0.774987 0.063404
vt 0.992821 0.062973
vt 0.975353 0.063416
vt 0.286849 0.079951
vt 0.292567 0.074475
vt 0.292578 0.262169
vt 0.286853 0.256690
vt 0.297986 0.070295
vt 0.298006 0.266338
vt 0.130421 0.502085
vt 0.428934 0.242037
vt 0.760553 0.071311
vt 0.777161 0.071333
vt 0.973205 0.071327
vt 0.989836 0.071311
vt 0.797607 0.054760
vt 0.952779 0.054733
vt 0.303870 0.091307
vt 0.309061 0.088102
vt 0.309076 0.248544
vt 0.303883 0.245343
vt 0.298092 0.097141
vt 0.298092 0.239511
vt 0.794969 0.071313
vt 0.794754 0.063572
vt 0.955569 0.063588
vt 0.955411 0.071316
vt 0.274878 0.090984
vt 0.280883 0.086078
vt 0.280880 0.250567
vt 0.274877 0.245663
vt 0.292626 0.104064
vt 0.292624 0.232581
vt 0.285626 0.109096
vt 0.285624 0.227551
vt 0.294161 0.128645
vt 0.303383 0.125977
vt 0.303381 0.210673
vt 0.294161 0.208003
vt 0.307565 0.112812
vt 0.307585 0.223845
vt 0.278944 0.112355
vt 0.268782 0.095337
vt 0.278944 0.224292
vt 0.268781 0.241311
vt 0.286492 0.131128
vt 0.286492 0.205520
vt 0.312319 0.107471
vt 0.312325 0.229184
vt 0.262805 0.099117
vt 0.272479 0.115396
vt 0.262805 0.237531
vt 0.272479 0.221252
vt 0.256331 0.080351
vt 0.250877 0.084989
vt 0.250877 0.251659
vt 0.256331 0.256297
vt 0.257093 0.102863
vt 0.266197 0.117996
vt 0.266197 0.218652
vt 0.257093 0.233785
vt 0.245648 0.089354
vt 0.245648 0.247294
vt 0.279459 0.132766
vt 0.279459 0.203882
vt 0.272838 0.134534
vt 0.272838 0.202114
vt 0.824449 0.056695
vt 0.925916 0.056698
vt 0.813424 0.065173
vt 0.936975 0.065164
vt 0.317776 0.105204
vt 0.317795 0.231451
vt 0.812070 0.071333
vt 0.938317 0.071359
vt 0.318415 0.120657
vt 0.322967 0.118897
vt 0.322958 0.217759
vt 0.318416 0.215986
vt 0.825763 0.072451
vt 0.825179 0.067523
vt 0.924626 0.072409
vt 0.925173 0.067568
vt 0.313639 0.122702
vt 0.313630 0.213958
vt 0.290877 0.149836
vt 0.298490 0.149182
vt 0.298490 0.187466
vt 0.290877 0.186811
vt 0.306896 0.148410
vt 0.306899 0.188236
vt 0.283649 0.150702
vt 0.283649 0.185945
vt 0.276670 0.151374
vt 0.276670 0.185273
vt 0.270155 0.152173
vt 0.266496 0.136091
vt 0.270154 0.184474
vt 0.266495 0.200556
vt 0.313980 0.133157
vt 0.321031 0.134591
vt 0.313973 0.203490
vt 0.321009 0.202055
vt 0.315453 0.150503
vt 0.315438 0.186138
vt 0.323161 0.150815
vt 0.323146 0.185819
vt 0.326740 0.133264
vt 0.329250 0.149943
vt 0.326707 0.203368
vt 0.329255 0.186690
vt 0.840131 0.071725
vt 0.856810 0.071736
vt 0.854885 0.063994
vt 0.835705 0.065302
vt 0.893557 0.071727
vt 0.910235 0.071746
vt 0.914696 0.065248
vt 0.895446 0.063984
vt 0.048526 0.720750
vt 0.052178 0.717455
vt 0.052181 0.519502
vt 0.048530 0.516206
vt 0.045652 0.723347
vt 0.045645 0.513595
vt 0.054503 0.878043
vt 0.045772 0.877949
vt 0.045513 0.883144
vt 0.054237 0.883224
vt 0.272972 0.877951
vt 0.264255 0.878059
vt 0.264507 0.883232
vt 0.273233 0.883139
vt 0.738394 0.057689
vt 0.735941 0.059896
vt 0.738390 0.267960
vt 0.735930 0.265748
vt 0.739873 0.072481
vt 0.743928 0.069361
vt 0.739871 0.253166
vt 0.743917 0.256279
vt 0.735447 0.075840
vt 0.735447 0.249810
vt 0.742173 0.085886
vt 0.746941 0.082934
vt 0.746941 0.242714
vt 0.742173 0.239763
vt 0.751323 0.080164
vt 0.751315 0.245480
vt 0.748242 0.097117
vt 0.753351 0.094578
vt 0.753349 0.231070
vt 0.748241 0.228532
vt 0.758050 0.092138
vt 0.758040 0.233503
vt 0.746685 0.067290
vt 0.754304 0.078226
vt 0.746676 0.258354
vt 0.754295 0.247418
vt 0.037476 0.713800
vt 0.040603 0.711376
vt 0.040598 0.525574
vt 0.037471 0.523150
vt 0.029857 0.702869
vt 0.033289 0.700793
vt 0.033300 0.536169
vt 0.029838 0.534076
vt 0.044619 0.708387
vt 0.037597 0.698143
vt 0.044619 0.528567
vt 0.037594 0.538810
vt 0.026662 0.688898
vt 0.031187 0.686772
vt 0.031186 0.550182
vt 0.026664 0.548057
vt 0.022827 0.690810
vt 0.022810 0.546132
vt 0.761359 0.090418
vt 0.761347 0.235223
vt 0.074774 0.883550
vt 0.086966 0.883682
vt 0.087040 0.878161
vt 0.074980 0.878129
vt 0.231771 0.883711
vt 0.243966 0.883573
vt 0.243774 0.878159
vt 0.231717 0.878184
vt 0.063838 0.883403
vt 0.064050 0.878075
vt 0.254902 0.883428
vt 0.254700 0.878089
vt 0.056195 0.713952
vt 0.048963 0.705159
vt 0.056196 0.523004
vt 0.048963 0.531796
vt 0.063950 0.721941
vt 0.063952 0.515015
vt 0.742633 0.099684
vt 0.742633 0.225965
vt 0.736469 0.102221
vt 0.736469 0.223428
vt 0.747459 0.111441
vt 0.753477 0.109309
vt 0.753478 0.216340
vt 0.747459 0.214208
vt 0.740765 0.113403
vt 0.740765 0.212246
vt 0.758968 0.107182
vt 0.758964 0.218465
vt 0.764014 0.105118
vt 0.767575 0.103588
vt 0.767567 0.222055
vt 0.763991 0.220519
vt 0.768962 0.118837
vt 0.772773 0.117620
vt 0.772762 0.208031
vt 0.768956 0.206806
vt 0.100136 0.883816
vt 0.100219 0.878144
vt 0.218602 0.883838
vt 0.218533 0.878167
vt 0.114167 0.883935
vt 0.114147 0.878109
vt 0.204612 0.878111
vt 0.204578 0.883957
vt 0.020704 0.676138
vt 0.016604 0.677631
vt 0.011464 0.663703
vt 0.015942 0.662461
vt 0.016587 0.559317
vt 0.020709 0.560819
vt 0.015936 0.574487
vt 0.011473 0.573238
vt 0.763524 0.120528
vt 0.763520 0.205118
vt 0.025511 0.674377
vt 0.020898 0.661205
vt 0.025512 0.562577
vt 0.020895 0.575749
vt 0.751283 0.123857
vt 0.744141 0.125348
vt 0.746485 0.137680
vt 0.753985 0.136726
vt 0.744141 0.200301
vt 0.751284 0.201792
vt 0.753985 0.188923
vt 0.746485 0.187969
vt 0.736201 0.126506
vt 0.736201 0.199143
vt 0.738163 0.138389
vt 0.738163 0.187260
vt 0.757699 0.122236
vt 0.757699 0.203413
vt 0.739274 0.150548
vt 0.747809 0.150224
vt 0.747809 0.175425
vt 0.739274 0.175101
vt 0.755557 0.149738
vt 0.755557 0.175911
vt 0.762507 0.149167
vt 0.760725 0.135572
vt 0.760724 0.190077
vt 0.762506 0.176480
vt 0.012120 0.648320
vt 0.017300 0.647421
vt 0.017290 0.589532
vt 0.012083 0.588626
vt 0.007790 0.649046
vt 0.007799 0.587910
vt 0.766818 0.134389
vt 0.772368 0.133204
vt 0.772348 0.192440
vt 0.766814 0.191260
vt 0.768822 0.148522
vt 0.774785 0.147877
vt 0.774754 0.177752
vt 0.768818 0.177121
vt 0.776417 0.132281
vt 0.779092 0.147392
vt 0.776410 0.193363
vt 0.779098 0.178242
vt 0.005000 0.633974
vt 0.009392 0.633604
vt 0.009362 0.603346
vt 0.005010 0.602989
vt 0.014939 0.633143
vt 0.014929 0.603805
vt 0.128829 0.883898
vt 0.128804 0.878036
vt 0.189939 0.878033
vt 0.189910 0.883908
vt 0.143940 0.884002
vt 0.143876 0.877728
vt 0.174861 0.877713
vt 0.174790 0.883994
vt 0.850951 0.055121
vt 0.899411 0.055118
vt 0.283457 0.698661
vt 0.291070 0.686648
vt 0.283455 0.538295
vt 0.291070 0.550307
vt 0.274436 0.710275
vt 0.274434 0.526682
vt 0.279121 0.695457
vt 0.270521 0.706725
vt 0.279118 0.541501
vt 0.270519 0.530233
vt 0.286239 0.683952
vt 0.286236 0.553007
vt 0.264053 0.721422
vt 0.264052 0.515535
vt 0.281870 0.681493
vt 0.287391 0.670279
vt 0.292158 0.672232
vt 0.281864 0.555469
vt 0.292158 0.564724
vt 0.287393 0.566679
vt 0.275191 0.692703
vt 0.275188 0.544256
vt 0.735232 0.670834
vt 0.746446 0.670897
vt 0.745779 0.676753
vt 0.734707 0.676780
vt 0.620422 0.670925
vt 0.631633 0.670830
vt 0.632152 0.676780
vt 0.621089 0.676760
vt 0.757656 0.671129
vt 0.756590 0.676834
vt 0.609210 0.671151
vt 0.610277 0.676846
vt 0.744671 0.682717
vt 0.733869 0.682695
vt 0.632996 0.682696
vt 0.622193 0.682722
vt 0.755233 0.682701
vt 0.611632 0.682705
vt 0.297379 0.674521
vt 0.297380 0.562434
vt 0.296826 0.660181
vt 0.302380 0.661848
vt 0.302381 0.575108
vt 0.296829 0.576773
vt 0.266943 0.703477
vt 0.266939 0.533484
vt 0.305998 0.648369
vt 0.305999 0.588587
vt 0.308203 0.633785
vt 0.308202 0.603171
vt 0.302431 0.633276
vt 0.300302 0.647239
vt 0.302431 0.603679
vt 0.300300 0.589716
vt 0.723606 0.671060
vt 0.723212 0.676828
vt 0.643253 0.671049
vt 0.643646 0.676823
vt 0.291916 0.658653
vt 0.291915 0.578299
vt 0.711229 0.671375
vt 0.710906 0.677067
vt 0.655631 0.671365
vt 0.655957 0.677065
vt 0.295293 0.646276
vt 0.295292 0.590677
vt 0.801134 0.728644
vt 0.805734 0.729997
vt 0.801544 0.741036
vt 0.797006 0.739201
vt 0.805737 0.654008
vt 0.801127 0.655365
vt 0.797006 0.644807
vt 0.801545 0.642974
vt 0.804072 0.717159
vt 0.808811 0.718198
vt 0.808810 0.665810
vt 0.804073 0.666849
vt 0.722575 0.682787
vt 0.721425 0.687954
vt 0.709626 0.688043
vt 0.710434 0.682914
vt 0.645436 0.687958
vt 0.644284 0.682785
vt 0.656427 0.682912
vt 0.657238 0.688039
vt 0.732463 0.687936
vt 0.634402 0.687935
vt 0.697284 0.683035
vt 0.697577 0.677320
vt 0.669288 0.677319
vt 0.669584 0.683029
vt 0.696836 0.688156
vt 0.670032 0.688153
vt 0.796296 0.751508
vt 0.792029 0.749451
vt 0.792041 0.634549
vt 0.796292 0.632501
vt 0.742936 0.687953
vt 0.623929 0.687952
vt 0.697745 0.671691
vt 0.669119 0.671696
vt 0.297441 0.632791
vt 0.297442 0.604165
vt 0.805878 0.704883
vt 0.810739 0.705408
vt 0.810738 0.678605
vt 0.805876 0.679128
vt 0.524926 0.510362
vt 0.535820 0.513949
vt 0.529064 0.524968
vt 0.522861 0.519552
vt 0.535819 0.388205
vt 0.524925 0.391791
vt 0.522860 0.382602
vt 0.529063 0.377186
vt 0.526895 0.497767
vt 0.540571 0.500157
vt 0.540570 0.401996
vt 0.526894 0.404386
vt 0.518144 0.533244
vt 0.518145 0.368911
vt 0.512685 0.497133
vt 0.512598 0.510714
vt 0.498793 0.512260
vt 0.498052 0.497703
vt 0.512598 0.391440
vt 0.512685 0.405019
vt 0.498052 0.404450
vt 0.498794 0.389892
vt 0.513823 0.522513
vt 0.513824 0.379641
vt 0.500630 0.526431
vt 0.500633 0.375723
vt 0.543602 0.484749
vt 0.543602 0.417405
vt 0.528348 0.483167
vt 0.528348 0.418986
vt 0.545193 0.468240
vt 0.529200 0.467429
vt 0.545192 0.433914
vt 0.529199 0.434725
vt 0.497879 0.482617
vt 0.513051 0.482570
vt 0.513051 0.419583
vt 0.497879 0.419536
vt 0.497888 0.467044
vt 0.513289 0.467100
vt 0.513289 0.435054
vt 0.497888 0.435109
vt 0.081349 0.083817
vt 0.094829 0.072101
vt 0.081349 0.252831
vt 0.094829 0.264546
vt 0.074760 0.101769
vt 0.085937 0.088487
vt 0.085936 0.248161
vt 0.074758 0.234879
vt 0.098865 0.077359
vt 0.098864 0.259289
vt 0.079628 0.105541
vt 0.070895 0.119935
vt 0.079626 0.231108
vt 0.070893 0.216715
vt 0.090268 0.092870
vt 0.090267 0.243778
vt 0.102544 0.082301
vt 0.105689 0.086528
vt 0.118829 0.078448
vt 0.116355 0.073867
vt 0.105683 0.250124
vt 0.102541 0.254347
vt 0.116355 0.262781
vt 0.118826 0.258207
vt 0.093808 0.096473
vt 0.093800 0.240184
vt 0.108257 0.090030
vt 0.096932 0.099666
vt 0.108257 0.246615
vt 0.096918 0.236996
vt 0.120888 0.082279
vt 0.120899 0.254353
vt 0.111704 0.094798
vt 0.101079 0.103934
vt 0.111704 0.241845
vt 0.101080 0.232714
vt 0.123568 0.087658
vt 0.123571 0.248987
vt 0.083675 0.108641
vt 0.083661 0.228016
vt 0.075297 0.122347
vt 0.075290 0.214307
vt 0.087240 0.111277
vt 0.079425 0.124588
vt 0.087227 0.225378
vt 0.079404 0.212076
vt 0.069343 0.137312
vt 0.073819 0.138836
vt 0.073802 0.197822
vt 0.069341 0.199338
vt 0.064508 0.135619
vt 0.064507 0.201029
vt 0.065804 0.152748
vt 0.070554 0.153577
vt 0.070560 0.183083
vt 0.065810 0.183902
vt 0.060714 0.151841
vt 0.060715 0.184807
vt 0.118522 0.104512
vt 0.115079 0.099735
vt 0.105251 0.108166
vt 0.109316 0.112516
vt 0.115079 0.236911
vt 0.118523 0.232136
vt 0.109316 0.224131
vt 0.105251 0.228481
vt 0.128851 0.098432
vt 0.126258 0.092990
vt 0.126259 0.243656
vt 0.128851 0.238215
vt 0.096833 0.118513
vt 0.101629 0.121939
vt 0.101630 0.214708
vt 0.096835 0.218134
vt 0.092066 0.114901
vt 0.092066 0.221746
vt 0.084873 0.127397
vt 0.090245 0.130149
vt 0.090246 0.206499
vt 0.084875 0.209251
vt 0.085584 0.142727
vt 0.079748 0.140820
vt 0.076822 0.154564
vt 0.082917 0.155515
vt 0.079748 0.195831
vt 0.085585 0.193921
vt 0.082918 0.181133
vt 0.076824 0.182087
vt 0.100881 0.135395
vt 0.106188 0.138114
vt 0.111244 0.128860
vt 0.106394 0.125539
vt 0.106188 0.198534
vt 0.100881 0.201252
vt 0.106394 0.211108
vt 0.111244 0.207788
vt 0.097021 0.146276
vt 0.102672 0.147790
vt 0.102672 0.188858
vt 0.097021 0.190372
vt 0.111471 0.140505
vt 0.116112 0.132468
vt 0.116112 0.204179
vt 0.111471 0.196142
vt 0.108216 0.149625
vt 0.108216 0.187022
vt 0.095540 0.132913
vt 0.091338 0.144479
vt 0.091338 0.192169
vt 0.095540 0.203735
vt 0.113505 0.116652
vt 0.113505 0.219995
vt 0.117743 0.121004
vt 0.117743 0.215644
vt 0.106333 0.158790
vt 0.111847 0.159747
vt 0.113624 0.151142
vt 0.111847 0.176901
vt 0.106333 0.177857
vt 0.113624 0.185506
vt 0.117160 0.160496
vt 0.118834 0.153079
vt 0.117161 0.176152
vt 0.118833 0.183568
vt 0.100652 0.158100
vt 0.100652 0.178548
vt 0.116647 0.143316
vt 0.116646 0.193332
vt 0.094840 0.157230
vt 0.094840 0.179417
vt 0.088921 0.156439
vt 0.088921 0.180209
vt 0.486494 0.787417
vt 0.493329 0.781359
vt 0.498408 0.784782
vt 0.491255 0.791377
vt 0.493326 0.666045
vt 0.486487 0.659997
vt 0.491262 0.656020
vt 0.498408 0.662618
vt 0.480685 0.782393
vt 0.487087 0.776811
vt 0.487084 0.670597
vt 0.480682 0.665016
vt 0.499231 0.774590
vt 0.492598 0.770627
vt 0.499232 0.672813
vt 0.492595 0.676779
vt 0.504582 0.777644
vt 0.504577 0.669765
vt 0.513945 0.742306
vt 0.515279 0.733100
vt 0.521423 0.733730
vt 0.519917 0.743434
vt 0.515277 0.714313
vt 0.513944 0.705100
vt 0.519913 0.703972
vt 0.521414 0.713679
vt 0.506307 0.740783
vt 0.507486 0.732352
vt 0.507486 0.715056
vt 0.506306 0.706622
vt 0.511703 0.751086
vt 0.517547 0.752807
vt 0.511697 0.696321
vt 0.517555 0.694594
vt 0.504216 0.748904
vt 0.504217 0.698499
vt 0.493892 0.753755
vt 0.490295 0.760402
vt 0.483930 0.757241
vt 0.487277 0.751189
vt 0.490294 0.687003
vt 0.493891 0.693648
vt 0.487272 0.696217
vt 0.483928 0.690165
vt 0.501242 0.756610
vt 0.497336 0.763874
vt 0.497334 0.683531
vt 0.501242 0.690793
vt 0.485924 0.766569
vt 0.485922 0.680835
vt 0.479854 0.762864
vt 0.479852 0.684540
vt 0.496675 0.746703
vt 0.489828 0.744748
vt 0.496673 0.700702
vt 0.489825 0.702656
vt 0.504305 0.767293
vt 0.504303 0.680111
vt 0.508423 0.759438
vt 0.508419 0.687964
vt 0.480786 0.772219
vt 0.480785 0.675185
vt 0.474995 0.777295
vt 0.474994 0.670111
vt 0.509804 0.769912
vt 0.509802 0.677491
vt 0.514146 0.761581
vt 0.514144 0.685823
vt 0.491603 0.737972
vt 0.492608 0.730933
vt 0.499643 0.731591
vt 0.498551 0.739304
vt 0.492609 0.716469
vt 0.491603 0.709433
vt 0.498549 0.708100
vt 0.499641 0.715814
vt 0.485559 0.736826
vt 0.486488 0.730349
vt 0.486488 0.717052
vt 0.485559 0.710584
vt 0.483938 0.743028
vt 0.483927 0.704381
vt 0.481575 0.748926
vt 0.481558 0.698487
vt 0.252388 0.731643
vt 0.239431 0.740512
vt 0.252389 0.505312
vt 0.239432 0.496442
vt 0.249385 0.727362
vt 0.236868 0.735939
vt 0.249385 0.509593
vt 0.236869 0.501015
vt 0.260591 0.717468
vt 0.260589 0.519489
vt 0.234460 0.731651
vt 0.246585 0.723436
vt 0.234459 0.505306
vt 0.246583 0.513521
vt 0.223387 0.743210
vt 0.221355 0.738675
vt 0.221355 0.498277
vt 0.223387 0.493746
vt 0.206300 0.661473
vt 0.206356 0.648368
vt 0.211565 0.647130
vt 0.211626 0.660082
vt 0.352808 0.041066
vt 0.352864 0.027962
vt 0.347545 0.029357
vt 0.347607 0.042305
vt 0.206452 0.673598
vt 0.211818 0.672171
vt 0.352708 0.015838
vt 0.347350 0.017270
vt 0.217552 0.658796
vt 0.217418 0.645956
vt 0.341620 0.030641
vt 0.341753 0.043479
vt 0.217687 0.670650
vt 0.341484 0.018782
vt 0.225463 0.747999
vt 0.210475 0.753762
vt 0.225463 0.488954
vt 0.210475 0.483193
vt 0.208876 0.748793
vt 0.208872 0.488171
vt 0.207342 0.744105
vt 0.207342 0.492852
vt 0.257421 0.713866
vt 0.257421 0.523089
vt 0.217766 0.681296
vt 0.211845 0.682948
vt 0.347322 0.006500
vt 0.341405 0.008138
vt 0.777064 0.676714
vt 0.775274 0.682635
vt 0.765561 0.682725
vt 0.767178 0.676830
vt 0.591590 0.682639
vt 0.589813 0.676722
vt 0.599698 0.676841
vt 0.601302 0.682729
vt 0.768430 0.671149
vt 0.778820 0.671245
vt 0.588042 0.671274
vt 0.598437 0.671175
vt 0.206375 0.684434
vt 0.352771 0.005000
vt 0.772501 0.687888
vt 0.763095 0.688004
vt 0.594367 0.687890
vt 0.603771 0.688009
vt 0.223019 0.678557
vt 0.222949 0.668202
vt 0.336154 0.010880
vt 0.336222 0.021233
vt 0.769629 0.777643
vt 0.772986 0.781073
vt 0.762631 0.789700
vt 0.759686 0.785987
vt 0.772983 0.602939
vt 0.769622 0.606372
vt 0.759681 0.598028
vt 0.762630 0.594311
vt 0.778333 0.768696
vt 0.782107 0.771667
vt 0.782110 0.612343
vt 0.778329 0.615321
vt 0.753172 0.687994
vt 0.613690 0.687994
vt 0.785837 0.759221
vt 0.789809 0.761744
vt 0.789810 0.622262
vt 0.785831 0.624791
vt 0.502395 0.787382
vt 0.495019 0.794251
vt 0.495021 0.653151
vt 0.502395 0.660020
vt 0.486540 0.800588
vt 0.483126 0.797281
vt 0.483124 0.650126
vt 0.486548 0.646806
vt 0.478661 0.792842
vt 0.478655 0.654570
vt 0.490174 0.804367
vt 0.498979 0.797720
vt 0.490163 0.643054
vt 0.498962 0.649703
vt 0.480164 0.810196
vt 0.477072 0.806084
vt 0.477081 0.641305
vt 0.480156 0.637223
vt 0.473822 0.802333
vt 0.473821 0.645076
vt 0.502402 0.800856
vt 0.493327 0.808012
vt 0.493330 0.639386
vt 0.502406 0.646547
vt 0.483119 0.814322
vt 0.483115 0.633100
vt 0.506772 0.790531
vt 0.506755 0.656889
vt 0.510444 0.793256
vt 0.510435 0.654153
vt 0.442720 0.274502
vt 0.451248 0.274650
vt 0.450499 0.279638
vt 0.442215 0.279509
vt 0.310640 0.274650
vt 0.319168 0.274506
vt 0.319676 0.279515
vt 0.311396 0.279644
vt 0.443138 0.269706
vt 0.451827 0.269872
vt 0.310067 0.269879
vt 0.318752 0.269717
vt 0.009778 0.408185
vt 0.005000 0.409195
vt 0.005146 0.401241
vt 0.009929 0.400259
vt 0.036054 0.281549
vt 0.031284 0.282555
vt 0.031134 0.290478
vt 0.035910 0.289501
vt 0.459200 0.274801
vt 0.458099 0.279670
vt 0.302686 0.274800
vt 0.303790 0.279671
vt 0.508696 0.779894
vt 0.508697 0.667508
vt 0.513378 0.782656
vt 0.513363 0.664758
vt 0.517191 0.784972
vt 0.517184 0.662433
vt 0.514038 0.771794
vt 0.514038 0.675609
vt 0.518952 0.774230
vt 0.518942 0.673180
vt 0.522992 0.776192
vt 0.522984 0.671214
vt 0.222829 0.656693
vt 0.222722 0.644165
vt 0.336342 0.032741
vt 0.336451 0.045270
vt 0.748562 0.793261
vt 0.751122 0.797352
vt 0.738595 0.803676
vt 0.736495 0.799360
vt 0.751122 0.586656
vt 0.748555 0.590759
vt 0.736491 0.584659
vt 0.738593 0.580336
vt 0.433435 0.279476
vt 0.433806 0.274411
vt 0.328083 0.274415
vt 0.328457 0.279484
vt 0.424087 0.279436
vt 0.424423 0.274339
vt 0.337465 0.274345
vt 0.337804 0.279446
vt 0.434140 0.269592
vt 0.424689 0.269502
vt 0.327749 0.269595
vt 0.337202 0.269509
vt 0.777730 0.754196
vt 0.783416 0.745199
vt 0.787052 0.746906
vt 0.781119 0.756293
vt 0.783414 0.638807
vt 0.777726 0.629810
vt 0.781117 0.627712
vt 0.787053 0.637099
vt 0.788175 0.735747
vt 0.791910 0.737248
vt 0.791911 0.646758
vt 0.788171 0.648260
vt 0.524557 0.744383
vt 0.521968 0.754004
vt 0.521961 0.693403
vt 0.524555 0.703022
vt 0.518449 0.763205
vt 0.518449 0.684195
vt 0.523608 0.765191
vt 0.527143 0.755597
vt 0.523614 0.682209
vt 0.527162 0.691803
vt 0.529756 0.745402
vt 0.529767 0.701999
vt 0.527759 0.766844
vt 0.531623 0.756936
vt 0.527744 0.680561
vt 0.531610 0.690472
vt 0.525956 0.734171
vt 0.525961 0.713235
vt 0.531266 0.734733
vt 0.531267 0.712675
vt 0.485626 0.529716
vt 0.485627 0.372437
vt 0.469718 0.531988
vt 0.469718 0.370165
vt 0.484007 0.514152
vt 0.483214 0.498529
vt 0.484007 0.388000
vt 0.483214 0.403624
vt 0.468816 0.515504
vt 0.468816 0.386648
vt 0.468291 0.499240
vt 0.468291 0.402913
vt 0.453541 0.532905
vt 0.453540 0.369247
vt 0.453465 0.516100
vt 0.453465 0.386053
vt 0.453328 0.499583
vt 0.453328 0.402570
vt 0.482912 0.482931
vt 0.468040 0.483239
vt 0.482912 0.419222
vt 0.468041 0.418913
vt 0.482823 0.467130
vt 0.482823 0.435023
vt 0.467942 0.467229
vt 0.467942 0.434924
vt 0.453183 0.483406
vt 0.453183 0.418747
vt 0.438346 0.499528
vt 0.438273 0.483427
vt 0.438273 0.418726
vt 0.438346 0.402625
vt 0.438163 0.467319
vt 0.453087 0.467297
vt 0.453087 0.434856
vt 0.438163 0.434834
vt 0.133355 0.072643
vt 0.134761 0.076715
vt 0.149600 0.073391
vt 0.148868 0.069042
vt 0.134762 0.259940
vt 0.133354 0.264011
vt 0.148869 0.267601
vt 0.149601 0.263270
vt 0.136621 0.082435
vt 0.136624 0.254212
vt 0.150510 0.079335
vt 0.150511 0.257316
vt 0.164955 0.067771
vt 0.164958 0.268884
vt 0.164935 0.072242
vt 0.164945 0.264416
vt 0.134247 0.109127
vt 0.125469 0.114310
vt 0.129071 0.119215
vt 0.137054 0.114417
vt 0.125469 0.222338
vt 0.134247 0.227521
vt 0.137054 0.222231
vt 0.129071 0.217433
vt 0.131524 0.103717
vt 0.121941 0.109487
vt 0.121941 0.227160
vt 0.131524 0.232930
vt 0.122006 0.125195
vt 0.122006 0.211452
vt 0.141987 0.099654
vt 0.140180 0.093910
vt 0.140181 0.242737
vt 0.141987 0.236994
vt 0.143858 0.105263
vt 0.143858 0.231385
vt 0.138417 0.088254
vt 0.138418 0.248394
vt 0.153117 0.097065
vt 0.154059 0.102891
vt 0.153117 0.239583
vt 0.154059 0.233757
vt 0.152255 0.091247
vt 0.152255 0.245401
vt 0.151360 0.085302
vt 0.151360 0.251346
vt 0.145763 0.110881
vt 0.145763 0.225766
vt 0.164865 0.078274
vt 0.164823 0.084350
vt 0.178282 0.085312
vt 0.179301 0.079351
vt 0.164824 0.252296
vt 0.164868 0.258371
vt 0.179301 0.257286
vt 0.178282 0.251332
vt 0.164715 0.090283
vt 0.164715 0.246364
vt 0.177343 0.091172
vt 0.177343 0.245474
vt 0.180280 0.073482
vt 0.180288 0.263184
vt 0.156082 0.114272
vt 0.164898 0.113466
vt 0.164690 0.107741
vt 0.155123 0.108624
vt 0.164898 0.223181
vt 0.156082 0.222375
vt 0.155123 0.228024
vt 0.164690 0.228907
vt 0.157220 0.119797
vt 0.164868 0.119014
vt 0.164868 0.217634
vt 0.157220 0.216849
vt 0.173516 0.113949
vt 0.174576 0.108364
vt 0.174576 0.228283
vt 0.173515 0.222699
vt 0.172806 0.119520
vt 0.172805 0.217125
vt 0.147776 0.116375
vt 0.147776 0.220273
vt 0.149670 0.121715
vt 0.149669 0.214933
vt 0.139863 0.119636
vt 0.139863 0.217011
vt 0.142634 0.124707
vt 0.142632 0.211941
vt 0.164735 0.101986
vt 0.164705 0.096170
vt 0.164735 0.234661
vt 0.164705 0.240477
vt 0.175388 0.102653
vt 0.176384 0.096944
vt 0.176384 0.239703
vt 0.175388 0.233994
vt 0.132646 0.124023
vt 0.132645 0.212625
vt 0.129961 0.142682
vt 0.134346 0.137563
vt 0.130403 0.133586
vt 0.125538 0.139387
vt 0.134342 0.199084
vt 0.129961 0.193962
vt 0.125537 0.197261
vt 0.130402 0.203062
vt 0.133602 0.145512
vt 0.137605 0.140898
vt 0.137603 0.195746
vt 0.133599 0.191133
vt 0.139494 0.133171
vt 0.142236 0.136893
vt 0.139490 0.203480
vt 0.142232 0.199755
vt 0.136163 0.128681
vt 0.136162 0.207968
vt 0.120892 0.135844
vt 0.126286 0.129465
vt 0.120892 0.200803
vt 0.126286 0.207183
vt 0.121649 0.145802
vt 0.121650 0.190844
vt 0.126421 0.148519
vt 0.126418 0.188127
vt 0.145262 0.129538
vt 0.145255 0.207109
vt 0.130291 0.150594
vt 0.130296 0.186047
vt 0.853395 0.945765
vt 0.859200 0.945828
vt 0.859240 0.952012
vt 0.853408 0.951904
vt 0.835349 0.945828
vt 0.841152 0.945765
vt 0.841142 0.951906
vt 0.835308 0.952007
vt 0.853373 0.939034
vt 0.859184 0.939097
vt 0.835364 0.939098
vt 0.841173 0.939034
vt 0.864592 0.939167
vt 0.864681 0.945918
vt 0.829866 0.945917
vt 0.829954 0.939167
vt 0.864717 0.952111
vt 0.829832 0.952110
vt 0.874162 0.946085
vt 0.869675 0.946007
vt 0.869593 0.939251
vt 0.874095 0.939319
vt 0.824871 0.946008
vt 0.820384 0.946086
vt 0.820452 0.939318
vt 0.824955 0.939251
vt 0.874317 0.952286
vt 0.869789 0.952220
vt 0.824760 0.952216
vt 0.820230 0.952288
vt 0.859142 0.931867
vt 0.864519 0.931938
vt 0.830028 0.931939
vt 0.835405 0.931867
vt 0.869525 0.931986
vt 0.825023 0.931985
vt 0.870085 0.957852
vt 0.865003 0.957717
vt 0.829551 0.957697
vt 0.824465 0.957843
vt 0.859357 0.957538
vt 0.835195 0.957533
vt 0.853518 0.957351
vt 0.841028 0.957347
vt 0.126223 0.162080
vt 0.127850 0.156240
vt 0.123812 0.154705
vt 0.122217 0.161448
vt 0.127845 0.180402
vt 0.126228 0.174570
vt 0.122216 0.175202
vt 0.123819 0.181937
vt 0.874700 0.957924
vt 0.819851 0.957927
vt 0.859092 0.907495
vt 0.859112 0.916035
vt 0.853346 0.916048
vt 0.853331 0.907475
vt 0.835434 0.916036
vt 0.835455 0.907493
vt 0.841217 0.907474
vt 0.841200 0.916049
vt 0.864547 0.907464
vt 0.864519 0.916074
vt 0.830030 0.916074
vt 0.830001 0.907463
vt 0.864529 0.924214
vt 0.859129 0.924203
vt 0.835417 0.924202
vt 0.830019 0.924214
vt 0.853346 0.924159
vt 0.841202 0.924159
vt 0.853354 0.898583
vt 0.859078 0.898555
vt 0.835469 0.898555
vt 0.841195 0.898584
vt 0.853348 0.931839
vt 0.841198 0.931838
vt 0.869565 0.924261
vt 0.824983 0.924260
vt 0.869473 0.916053
vt 0.825074 0.916053
vt 0.874000 0.924266
vt 0.873953 0.916056
vt 0.820547 0.924266
vt 0.820594 0.916057
vt 0.873981 0.932037
vt 0.820567 0.932037
vt 0.869447 0.907471
vt 0.873868 0.907437
vt 0.820678 0.907438
vt 0.825099 0.907472
vt 0.864499 0.898558
vt 0.830046 0.898557
vt 0.869362 0.898520
vt 0.825183 0.898521
vt 0.339683 0.866797
vt 0.331911 0.866893
vt 0.331918 0.862401
vt 0.339713 0.862376
vt 0.406825 0.835367
vt 0.399054 0.835464
vt 0.399023 0.839885
vt 0.406817 0.839860
vt 0.346964 0.866871
vt 0.347014 0.862330
vt 0.391772 0.835390
vt 0.391722 0.839929
vt 0.346993 0.839759
vt 0.347029 0.845836
vt 0.339726 0.845822
vt 0.339737 0.839758
vt 0.391705 0.856425
vt 0.391742 0.862500
vt 0.398999 0.862501
vt 0.399009 0.856438
vt 0.353742 0.839766
vt 0.353766 0.845818
vt 0.384970 0.856442
vt 0.384993 0.862494
vt 0.347029 0.851698
vt 0.339741 0.851707
vt 0.398993 0.850554
vt 0.391706 0.850562
vt 0.353804 0.851651
vt 0.384932 0.850609
vt 0.347042 0.857214
vt 0.353809 0.857148
vt 0.391694 0.845045
vt 0.384927 0.845111
vt 0.339724 0.857249
vt 0.399012 0.845010
vt 0.359978 0.851647
vt 0.359994 0.857193
vt 0.378741 0.845063
vt 0.378757 0.850610
vt 0.359940 0.845802
vt 0.378792 0.856455
vt 0.359884 0.839748
vt 0.378854 0.862512
vt 0.365386 0.839796
vt 0.365478 0.845873
vt 0.373253 0.856381
vt 0.373343 0.862463
vt 0.365521 0.851845
vt 0.373203 0.850408
vt 0.159055 0.129557
vt 0.165132 0.128814
vt 0.165086 0.124420
vt 0.158160 0.125094
vt 0.165131 0.207838
vt 0.159049 0.207087
vt 0.158156 0.211554
vt 0.165086 0.212221
vt 0.153083 0.131164
vt 0.151559 0.126844
vt 0.153076 0.205484
vt 0.151557 0.209801
vt 0.365588 0.857457
vt 0.373144 0.844791
vt 0.147470 0.133676
vt 0.147459 0.202969
vt 0.359981 0.862351
vt 0.353785 0.862277
vt 0.384950 0.839981
vt 0.378753 0.839907
vt 0.365568 0.862692
vt 0.373163 0.839564
vt 0.353730 0.866897
vt 0.359932 0.866995
vt 0.385004 0.835362
vt 0.378802 0.835263
vt 0.365569 0.867322
vt 0.373163 0.834935
vt 0.315017 0.851703
vt 0.315007 0.845819
vt 0.323677 0.845813
vt 0.323683 0.851723
vt 0.423729 0.856440
vt 0.423718 0.850557
vt 0.415052 0.850536
vt 0.415058 0.856446
vt 0.306038 0.851726
vt 0.306009 0.845797
vt 0.432728 0.856464
vt 0.432699 0.850533
vt 0.305989 0.839630
vt 0.314988 0.839672
vt 0.423747 0.862588
vt 0.432747 0.862631
vt 0.323675 0.839710
vt 0.415061 0.862550
vt 0.331932 0.851686
vt 0.331931 0.857274
vt 0.323677 0.857266
vt 0.406803 0.850573
vt 0.415060 0.844994
vt 0.406803 0.844985
vt 0.331951 0.845831
vt 0.406785 0.856429
vt 0.315039 0.857293
vt 0.423698 0.844967
vt 0.339692 0.833611
vt 0.346986 0.833639
vt 0.391750 0.868620
vt 0.399043 0.868650
vt 0.331931 0.839737
vt 0.406804 0.862523
vt 0.331919 0.833595
vt 0.406817 0.868664
vt 0.353701 0.833640
vt 0.385035 0.868618
vt 0.315059 0.862354
vt 0.323687 0.862339
vt 0.423676 0.839905
vt 0.415049 0.839921
vt 0.306110 0.862490
vt 0.306070 0.857329
vt 0.432666 0.844929
vt 0.432625 0.839770
vt 0.323701 0.866924
vt 0.315083 0.866936
vt 0.423652 0.835323
vt 0.415034 0.835335
vt 0.306147 0.866964
vt 0.432588 0.835296
vt 0.873819 0.898502
vt 0.820729 0.898502
vt 0.853404 0.889403
vt 0.859162 0.889403
vt 0.835387 0.889405
vt 0.841145 0.889404
vt 0.853454 0.880078
vt 0.859232 0.880070
vt 0.835314 0.880070
vt 0.841094 0.880078
vt 0.864426 0.889373
vt 0.864566 0.880060
vt 0.830120 0.889374
vt 0.829983 0.880059
vt 0.869322 0.889359
vt 0.873939 0.889315
vt 0.820608 0.889314
vt 0.825226 0.889358
vt 0.869468 0.880021
vt 0.873838 0.879979
vt 0.820709 0.879979
vt 0.825080 0.880022
vt 0.296916 0.862520
vt 0.296960 0.867126
vt 0.287625 0.867046
vt 0.287575 0.862571
vt 0.441776 0.835135
vt 0.441820 0.839739
vt 0.451162 0.839688
vt 0.451111 0.835215
vt 0.864666 0.870636
vt 0.869501 0.870604
vt 0.825047 0.870604
vt 0.829882 0.870635
vt 0.873914 0.870559
vt 0.820634 0.870558
vt 0.853562 0.851731
vt 0.859431 0.851712
vt 0.859411 0.861195
vt 0.853546 0.861206
vt 0.835117 0.851711
vt 0.840985 0.851730
vt 0.841000 0.861207
vt 0.835138 0.861197
vt 0.853539 0.842260
vt 0.859456 0.842233
vt 0.835092 0.842233
vt 0.841010 0.842260
vt 0.864845 0.842206
vt 0.864878 0.851685
vt 0.829670 0.851684
vt 0.829702 0.842206
vt 0.864685 0.861172
vt 0.829863 0.861172
vt 0.859284 0.870659
vt 0.835265 0.870658
vt 0.853502 0.870668
vt 0.841046 0.870668
vt 0.873928 0.861112
vt 0.869532 0.861139
vt 0.869687 0.851664
vt 0.874121 0.851649
vt 0.825017 0.861140
vt 0.820619 0.861113
vt 0.820426 0.851649
vt 0.824860 0.851664
vt 0.869769 0.842187
vt 0.824778 0.842187
vt 0.268731 0.862287
vt 0.268758 0.866934
vt 0.259294 0.866872
vt 0.259295 0.862285
vt 0.469977 0.835325
vt 0.470004 0.839973
vt 0.479440 0.839974
vt 0.479441 0.835390
vt 0.278160 0.862557
vt 0.278204 0.867030
vt 0.460532 0.835228
vt 0.460577 0.839704
vt 0.296830 0.851784
vt 0.296801 0.845772
vt 0.441933 0.856489
vt 0.441905 0.850475
vt 0.287496 0.851746
vt 0.287477 0.845695
vt 0.451258 0.856564
vt 0.451238 0.850514
vt 0.287474 0.839454
vt 0.296787 0.839548
vt 0.441949 0.862711
vt 0.451261 0.862803
vt 0.296872 0.857436
vt 0.441864 0.844823
vt 0.287528 0.857437
vt 0.451207 0.844823
vt 0.278124 0.857391
vt 0.460610 0.844871
vt 0.268690 0.832920
vt 0.268694 0.839196
vt 0.259279 0.839104
vt 0.259273 0.832855
vt 0.470042 0.863064
vt 0.470046 0.869340
vt 0.479462 0.869405
vt 0.479456 0.863157
vt 0.278103 0.833032
vt 0.278096 0.839321
vt 0.460639 0.862938
vt 0.460632 0.869229
vt 0.278098 0.845608
vt 0.268697 0.845473
vt 0.470039 0.856786
vt 0.460638 0.856650
vt 0.259294 0.845391
vt 0.479441 0.856870
vt 0.278104 0.851661
vt 0.268705 0.851509
vt 0.470032 0.850751
vt 0.460631 0.850599
vt 0.268713 0.857139
vt 0.470023 0.845121
vt 0.259293 0.851396
vt 0.479443 0.850864
vt 0.259297 0.857080
vt 0.479437 0.845178
vt 0.249847 0.862151
vt 0.249861 0.857022
vt 0.488875 0.845237
vt 0.488889 0.840108
vt 0.249878 0.851337
vt 0.488857 0.850921
vt 0.249833 0.866671
vt 0.488903 0.835590
vt 0.859409 0.832775
vt 0.853530 0.832796
vt 0.853495 0.823352
vt 0.859373 0.823341
vt 0.841018 0.832796
vt 0.835138 0.832776
vt 0.835174 0.823342
vt 0.841053 0.823353
vt 0.874172 0.842188
vt 0.869740 0.832743
vt 0.874250 0.832748
vt 0.820375 0.842188
vt 0.820298 0.832747
vt 0.824807 0.832743
vt 0.864869 0.832752
vt 0.829678 0.832754
vt 0.869873 0.823338
vt 0.874379 0.823338
vt 0.820169 0.823338
vt 0.824676 0.823337
vt 0.864831 0.823335
vt 0.829717 0.823335
vt 0.859407 0.813936
vt 0.864919 0.813949
vt 0.829628 0.813950
vt 0.835140 0.813936
vt 0.869960 0.813959
vt 0.824588 0.813959
vt 0.864969 0.795231
vt 0.859474 0.795182
vt 0.859464 0.785820
vt 0.865050 0.785879
vt 0.835074 0.795182
vt 0.829579 0.795231
vt 0.829498 0.785878
vt 0.835083 0.785819
vt 0.864948 0.804581
vt 0.859422 0.804549
vt 0.835125 0.804550
vt 0.829599 0.804582
vt 0.853525 0.804521
vt 0.853515 0.795142
vt 0.841031 0.795142
vt 0.841021 0.804522
vt 0.853540 0.785777
vt 0.841006 0.785777
vt 0.853505 0.813927
vt 0.841043 0.813927
vt 0.874438 0.813974
vt 0.820109 0.813974
vt 0.870017 0.804614
vt 0.824531 0.804614
vt 0.874505 0.804631
vt 0.820042 0.804631
vt 0.870059 0.795275
vt 0.824487 0.795274
vt 0.870026 0.785935
vt 0.824521 0.785935
vt 0.240430 0.856884
vt 0.240440 0.851247
vt 0.498294 0.851014
vt 0.498306 0.845377
vt 0.231012 0.856689
vt 0.231047 0.851054
vt 0.507689 0.851206
vt 0.507723 0.845571
vt 0.240467 0.845210
vt 0.231059 0.845150
vt 0.498267 0.857049
vt 0.507677 0.857107
vt 0.249871 0.845296
vt 0.488864 0.856966
vt 0.240404 0.862031
vt 0.498334 0.840229
vt 0.231000 0.861865
vt 0.507735 0.840396
vt 0.249874 0.839040
vt 0.488862 0.863220
vt 0.240458 0.839000
vt 0.231077 0.838971
vt 0.498277 0.863260
vt 0.507658 0.863290
vt 0.221626 0.861864
vt 0.221651 0.856698
vt 0.517085 0.845562
vt 0.517109 0.840396
vt 0.221660 0.851090
vt 0.517076 0.851168
vt 0.240393 0.866501
vt 0.230983 0.866489
vt 0.498344 0.835758
vt 0.507752 0.835770
vt 0.221619 0.866473
vt 0.517116 0.835787
vt 0.212315 0.845188
vt 0.221684 0.845147
vt 0.212313 0.851156
vt 0.517051 0.857114
vt 0.526420 0.857074
vt 0.526422 0.851103
vt 0.212328 0.838986
vt 0.221690 0.838969
vt 0.517045 0.863291
vt 0.526406 0.863272
vt 0.202995 0.851279
vt 0.202997 0.845243
vt 0.535738 0.857018
vt 0.535740 0.850980
vt 0.203008 0.839086
vt 0.535728 0.863174
vt 0.212302 0.856806
vt 0.202993 0.856916
vt 0.535742 0.845343
vt 0.526433 0.845454
vt 0.212296 0.861982
vt 0.526439 0.840278
vt 0.202978 0.862056
vt 0.535758 0.840203
vt 0.212276 0.866572
vt 0.526460 0.835688
vt 0.202956 0.866682
vt 0.535779 0.835578
vt 0.874511 0.795310
vt 0.820036 0.795311
vt 0.874503 0.785986
vt 0.820043 0.785985
vt 0.193631 0.866777
vt 0.193670 0.862302
vt 0.545065 0.839958
vt 0.545105 0.835484
vt 0.193696 0.857116
vt 0.545039 0.845142
vt 0.193735 0.833017
vt 0.545001 0.869242
vt 0.203023 0.832921
vt 0.535713 0.869338
vt 0.858600 0.664437
vt 0.853066 0.664481
vt 0.852953 0.654967
vt 0.858526 0.654954
vt 0.841480 0.664484
vt 0.835947 0.664438
vt 0.836022 0.654953
vt 0.841592 0.654967
vt 0.863990 0.664402
vt 0.830557 0.664402
vt 0.863817 0.654935
vt 0.830730 0.654935
vt 0.062642 0.868781
vt 0.062723 0.864574
vt 0.676011 0.837687
vt 0.676093 0.833480
vt 0.873502 0.654997
vt 0.868807 0.654952
vt 0.821044 0.654997
vt 0.825740 0.654952
vt 0.858164 0.627161
vt 0.863249 0.627225
vt 0.863438 0.636284
vt 0.858289 0.636254
vt 0.831297 0.627225
vt 0.836381 0.627160
vt 0.836259 0.636254
vt 0.831108 0.636284
vt 0.857899 0.618392
vt 0.862856 0.618446
vt 0.831690 0.618446
vt 0.836647 0.618394
vt 0.867539 0.618543
vt 0.827007 0.618543
vt 0.852854 0.636220
vt 0.852785 0.627135
vt 0.841761 0.627135
vt 0.841692 0.636221
vt 0.858360 0.645525
vt 0.852910 0.645524
vt 0.841637 0.645525
vt 0.836188 0.645525
vt 0.863659 0.645550
vt 0.830887 0.645550
vt 0.877516 0.655078
vt 0.817031 0.655079
vt 0.062994 0.843138
vt 0.072292 0.842650
vt 0.072266 0.848548
vt 0.062967 0.849082
vt 0.666445 0.859608
vt 0.675740 0.859123
vt 0.675768 0.853176
vt 0.666470 0.853711
vt 0.063015 0.836952
vt 0.072294 0.836493
vt 0.666442 0.865768
vt 0.675720 0.865309
vt 0.072228 0.854240
vt 0.666507 0.848020
vt 0.062901 0.854690
vt 0.675834 0.847569
vt 0.072168 0.859567
vt 0.666567 0.842694
vt 0.062819 0.859884
vt 0.675916 0.842378
vt 0.053408 0.864853
vt 0.053514 0.860313
vt 0.685222 0.841948
vt 0.685329 0.837407
vt 0.044624 0.844648
vt 0.053763 0.843774
vt 0.053698 0.849750
vt 0.044555 0.850582
vt 0.684972 0.858487
vt 0.694109 0.857613
vt 0.694178 0.851680
vt 0.685037 0.852509
vt 0.044704 0.838468
vt 0.053790 0.837570
vt 0.684945 0.864690
vt 0.694031 0.863793
vt 0.035756 0.845851
vt 0.035838 0.839753
vt 0.702897 0.862506
vt 0.702979 0.856409
vt 0.035597 0.851668
vt 0.703138 0.850593
vt 0.027228 0.847445
vt 0.027054 0.853093
vt 0.711506 0.854815
vt 0.711681 0.849168
vt 0.027408 0.841447
vt 0.711326 0.860814
vt 0.053628 0.855284
vt 0.685107 0.846975
vt 0.044429 0.856071
vt 0.694306 0.846188
vt 0.035460 0.857044
vt 0.703275 0.845218
vt 0.026820 0.858295
vt 0.711916 0.843967
vt 0.463705 0.806309
vt 0.460162 0.800971
vt 0.469935 0.797401
vt 0.463705 0.641095
vt 0.469932 0.650010
vt 0.460162 0.646436
vt 0.466506 0.810500
vt 0.466512 0.636886
vt 0.452700 0.809046
vt 0.449819 0.803290
vt 0.449820 0.644132
vt 0.452702 0.638353
vt 0.455344 0.813616
vt 0.455348 0.633770
vt 0.468359 0.781806
vt 0.460948 0.785584
vt 0.456803 0.780149
vt 0.463724 0.776709
vt 0.460947 0.661822
vt 0.468358 0.665600
vt 0.463722 0.670698
vt 0.456801 0.667257
vt 0.473535 0.787323
vt 0.465347 0.791464
vt 0.465344 0.655946
vt 0.473531 0.660087
vt 0.452513 0.788434
vt 0.456380 0.794638
vt 0.452512 0.658972
vt 0.456378 0.652773
vt 0.449093 0.782775
vt 0.449092 0.664631
vt 0.469734 0.772605
vt 0.469737 0.674799
vt 0.438869 0.804237
vt 0.436366 0.797366
vt 0.446462 0.796620
vt 0.438871 0.643172
vt 0.446462 0.650788
vt 0.436366 0.650043
vt 0.441501 0.810380
vt 0.441505 0.637026
vt 0.428280 0.804088
vt 0.426132 0.796940
vt 0.426134 0.650465
vt 0.428285 0.643322
vt 0.430185 0.810480
vt 0.430188 0.636923
vt 0.443646 0.815379
vt 0.443649 0.632009
vt 0.433760 0.790684
vt 0.431576 0.784563
vt 0.440539 0.784226
vt 0.443419 0.790167
vt 0.431577 0.662843
vt 0.433760 0.656720
vt 0.443419 0.657238
vt 0.440539 0.663179
vt 0.424247 0.790093
vt 0.422504 0.783799
vt 0.422505 0.663607
vt 0.424247 0.657312
vt 0.429740 0.779134
vt 0.438135 0.778997
vt 0.438135 0.668409
vt 0.429742 0.668271
vt 0.421126 0.778273
vt 0.421128 0.669136
vt 0.428258 0.774696
vt 0.436176 0.774717
vt 0.436175 0.672683
vt 0.428262 0.672719
vt 0.446070 0.777762
vt 0.443577 0.773706
vt 0.446068 0.669644
vt 0.443575 0.673713
vt 0.453239 0.775363
vt 0.453234 0.672051
vt 0.459593 0.772180
vt 0.459590 0.675233
vt 0.862409 0.610251
vt 0.857643 0.610181
vt 0.857359 0.602888
vt 0.862050 0.602937
vt 0.836904 0.610182
vt 0.832139 0.610252
vt 0.832492 0.602939
vt 0.837189 0.602892
vt 0.852704 0.618349
vt 0.852546 0.610142
vt 0.841998 0.610143
vt 0.841842 0.618351
vt 0.852443 0.602869
vt 0.842107 0.602871
vt 0.866911 0.610344
vt 0.871099 0.610483
vt 0.823445 0.610484
vt 0.827634 0.610344
vt 0.866438 0.603037
vt 0.870465 0.603174
vt 0.824080 0.603175
vt 0.828107 0.603039
vt 0.874828 0.610646
vt 0.874152 0.603347
vt 0.819720 0.610648
vt 0.820388 0.603353
vt 0.018291 0.867832
vt 0.018512 0.864007
vt 0.720221 0.838252
vt 0.720442 0.834429
vt 0.474714 0.759545
vt 0.470253 0.764218
vt 0.466681 0.761373
vt 0.470897 0.757157
vt 0.470256 0.683175
vt 0.474706 0.687860
vt 0.470891 0.690249
vt 0.466688 0.686023
vt 0.475160 0.767969
vt 0.475160 0.679433
vt 0.465268 0.768383
vt 0.465278 0.679024
vt 0.462001 0.765511
vt 0.462011 0.681880
vt 0.478501 0.754490
vt 0.474689 0.752504
vt 0.478490 0.692921
vt 0.474670 0.694915
vt 0.456555 0.768914
vt 0.456548 0.678509
vt 0.458163 0.761609
vt 0.462651 0.758090
vt 0.458161 0.685793
vt 0.462648 0.689317
vt 0.453015 0.764714
vt 0.453013 0.682693
vt 0.449699 0.761005
vt 0.454491 0.758228
vt 0.454492 0.689175
vt 0.449698 0.686406
vt 0.458637 0.754843
vt 0.458636 0.692564
vt 0.466714 0.754198
vt 0.462407 0.751347
vt 0.466709 0.693206
vt 0.462402 0.696052
vt 0.871126 0.597245
vt 0.874919 0.597355
vt 0.819624 0.597350
vt 0.823416 0.597252
vt 0.465664 0.747554
vt 0.470153 0.749997
vt 0.465658 0.699844
vt 0.470148 0.697408
vt 0.005000 0.871142
vt 0.005137 0.867372
vt 0.011238 0.865238
vt 0.010992 0.868866
vt 0.733577 0.834889
vt 0.733740 0.831123
vt 0.727737 0.833389
vt 0.727489 0.837020
vt 0.468269 0.743379
vt 0.473012 0.745344
vt 0.473005 0.702062
vt 0.468267 0.704021
vt 0.477756 0.747427
vt 0.477737 0.699987
vt 0.857629 0.596986
vt 0.862429 0.597015
vt 0.832114 0.597021
vt 0.836917 0.596989
vt 0.852563 0.596978
vt 0.841991 0.596984
vt 0.470382 0.738857
vt 0.471881 0.734057
vt 0.476787 0.735044
vt 0.475226 0.740368
vt 0.471881 0.713345
vt 0.470376 0.708542
vt 0.475223 0.707036
vt 0.476785 0.712361
vt 0.472773 0.728991
vt 0.477680 0.729465
vt 0.472773 0.718419
vt 0.477679 0.717939
vt 0.866951 0.597081
vt 0.827593 0.597088
vt 0.480146 0.741918
vt 0.480133 0.705492
vt 0.481810 0.736082
vt 0.482602 0.729952
vt 0.482612 0.717450
vt 0.481814 0.711325
vt 0.019329 0.849235
vt 0.019534 0.843401
vt 0.719199 0.858859
vt 0.719405 0.853025
vt 0.012178 0.851049
vt 0.012487 0.845383
vt 0.726241 0.856875
vt 0.726550 0.851209
vt 0.019750 0.837336
vt 0.012746 0.839375
vt 0.718982 0.864924
vt 0.725983 0.862885
vt 0.027518 0.835292
vt 0.711216 0.866967
vt 0.019051 0.854698
vt 0.719682 0.847561
vt 0.011880 0.856308
vt 0.726848 0.845948
vt 0.018786 0.859668
vt 0.719947 0.842595
vt 0.011552 0.861040
vt 0.727174 0.841217
vt 0.006149 0.853156
vt 0.006432 0.847394
vt 0.732288 0.854866
vt 0.732572 0.849104
vt 0.006801 0.841245
vt 0.731909 0.861016
vt 0.438659 0.764858
vt 0.444421 0.763332
vt 0.447338 0.767254
vt 0.441092 0.768994
vt 0.444421 0.684076
vt 0.438658 0.682546
vt 0.441090 0.678417
vt 0.447337 0.680158
vt 0.005796 0.858434
vt 0.732930 0.843826
vt 0.425921 0.765110
vt 0.432510 0.765511
vt 0.434312 0.769802
vt 0.427121 0.769405
vt 0.432508 0.681885
vt 0.425922 0.682290
vt 0.427121 0.678004
vt 0.434310 0.677611
vt 0.007120 0.834656
vt 0.013011 0.833088
vt 0.731605 0.867603
vt 0.725719 0.869172
vt 0.450388 0.771688
vt 0.450376 0.675742
vt 0.005562 0.863226
vt 0.733160 0.839033
vt 0.194744 0.757859
vt 0.178591 0.760290
vt 0.194745 0.479098
vt 0.178591 0.476667
vt 0.193625 0.752591
vt 0.193624 0.484367
vt 0.217329 0.632286
vt 0.211500 0.633310
vt 0.211351 0.618810
vt 0.217188 0.618028
vt 0.347671 0.056122
vt 0.341843 0.057146
vt 0.341984 0.071407
vt 0.347821 0.070626
vt 0.206318 0.634355
vt 0.352855 0.055079
vt 0.206045 0.619554
vt 0.353116 0.069877
vt 0.178021 0.755018
vt 0.178021 0.481931
vt 0.192541 0.747699
vt 0.177459 0.750031
vt 0.192544 0.489255
vt 0.177460 0.486915
vt 0.222569 0.630863
vt 0.222520 0.616871
vt 0.336602 0.058570
vt 0.336652 0.072562
vt 0.723506 0.804075
vt 0.725292 0.808551
vt 0.711301 0.811953
vt 0.710095 0.807303
vt 0.725293 0.575459
vt 0.723505 0.579935
vt 0.710095 0.576715
vt 0.711301 0.572052
vt 0.162365 0.760864
vt 0.162364 0.476089
vt 0.162335 0.755604
vt 0.162335 0.481345
vt 0.162352 0.750522
vt 0.162351 0.486435
vt 0.206285 0.604472
vt 0.206409 0.589365
vt 0.211196 0.589251
vt 0.211282 0.604009
vt 0.352761 0.100069
vt 0.352865 0.084961
vt 0.347895 0.085426
vt 0.347982 0.100183
vt 0.217058 0.603425
vt 0.216996 0.588983
vt 0.342115 0.086008
vt 0.342176 0.100450
vt 0.222382 0.602720
vt 0.336791 0.086713
vt 0.222269 0.588597
vt 0.336906 0.100833
vt 0.696231 0.808832
vt 0.697149 0.813580
vt 0.683027 0.813586
vt 0.682696 0.808813
vt 0.697150 0.570432
vt 0.696231 0.575181
vt 0.682697 0.575192
vt 0.683030 0.570427
vt 0.471737 0.819269
vt 0.469297 0.814833
vt 0.469292 0.632587
vt 0.471731 0.628152
vt 0.459768 0.822951
vt 0.457616 0.818166
vt 0.457614 0.629247
vt 0.459767 0.624468
vt 0.010729 0.369638
vt 0.015676 0.368208
vt 0.015487 0.379590
vt 0.010503 0.380939
vt 0.025383 0.322539
vt 0.030334 0.321099
vt 0.030566 0.309797
vt 0.025568 0.311155
vt 0.010983 0.357551
vt 0.015909 0.356239
vt 0.025147 0.334503
vt 0.030081 0.333187
vt 0.005678 0.370530
vt 0.005528 0.381812
vt 0.035380 0.320210
vt 0.035533 0.308928
vt 0.005842 0.358394
vt 0.035219 0.332346
vt 0.015143 0.389798
vt 0.010155 0.391140
vt 0.030911 0.299598
vt 0.025919 0.300940
vt 0.005326 0.392089
vt 0.035732 0.298652
vt 0.743631 0.785443
vt 0.745718 0.788665
vt 0.734088 0.794542
vt 0.732348 0.791055
vt 0.745717 0.595345
vt 0.743631 0.598564
vt 0.732349 0.592950
vt 0.734088 0.589466
vt 0.753908 0.778645
vt 0.756326 0.781657
vt 0.756322 0.602352
vt 0.753907 0.605359
vt 0.433590 0.820664
vt 0.432085 0.815776
vt 0.445640 0.820116
vt 0.432086 0.631620
vt 0.433591 0.626739
vt 0.445641 0.627293
vt 0.421993 0.820099
vt 0.420898 0.814964
vt 0.420901 0.632439
vt 0.421994 0.627303
vt 0.419579 0.809433
vt 0.419585 0.637982
vt 0.447309 0.825156
vt 0.447309 0.622262
vt 0.437456 0.532449
vt 0.438199 0.515899
vt 0.437455 0.369705
vt 0.438198 0.386254
vt 0.421906 0.530790
vt 0.421906 0.371363
vt 0.423052 0.515001
vt 0.423051 0.387153
vt 0.423366 0.499199
vt 0.423366 0.402954
vt 0.407044 0.528105
vt 0.407046 0.374048
vt 0.389789 0.535737
vt 0.389805 0.366412
vt 0.393996 0.525170
vt 0.394012 0.376983
vt 0.394167 0.512647
vt 0.408368 0.513838
vt 0.408370 0.388318
vt 0.394173 0.389507
vt 0.393197 0.498770
vt 0.408229 0.498713
vt 0.408230 0.403441
vt 0.393198 0.403384
vt 0.423203 0.483328
vt 0.423203 0.418825
vt 0.423021 0.467317
vt 0.423021 0.434836
vt 0.407441 0.467325
vt 0.407821 0.483296
vt 0.407441 0.434828
vt 0.407821 0.418858
vt 0.391892 0.483408
vt 0.391193 0.467502
vt 0.391193 0.434650
vt 0.391892 0.418745
vt 0.181015 0.069178
vt 0.181019 0.267491
vt 0.196523 0.072987
vt 0.198443 0.067762
vt 0.198443 0.268889
vt 0.196524 0.263666
vt 0.195109 0.077034
vt 0.195120 0.259645
vt 0.211139 0.078949
vt 0.209121 0.082781
vt 0.222007 0.090608
vt 0.224622 0.087260
vt 0.209135 0.253890
vt 0.211141 0.257702
vt 0.224629 0.249397
vt 0.222016 0.246051
vt 0.206528 0.087827
vt 0.218720 0.095116
vt 0.218714 0.241523
vt 0.206525 0.248812
vt 0.193292 0.082544
vt 0.193290 0.254094
vt 0.213908 0.074199
vt 0.213909 0.262450
vt 0.228111 0.082837
vt 0.228111 0.253812
vt 0.232281 0.078038
vt 0.232281 0.258610
vt 0.236830 0.072942
vt 0.236830 0.263705
vt 0.191436 0.088276
vt 0.191435 0.248368
vt 0.185918 0.104953
vt 0.183919 0.110408
vt 0.185918 0.231694
vt 0.183919 0.226240
vt 0.187721 0.099428
vt 0.187721 0.237219
vt 0.192962 0.113945
vt 0.195628 0.108762
vt 0.195628 0.227886
vt 0.192962 0.222702
vt 0.182213 0.115894
vt 0.190127 0.119027
vt 0.190127 0.217620
vt 0.182213 0.220753
vt 0.198422 0.103595
vt 0.198422 0.233052
vt 0.189574 0.093880
vt 0.189574 0.242766
vt 0.180304 0.121177
vt 0.180303 0.215471
vt 0.203802 0.093151
vt 0.203801 0.243493
vt 0.215202 0.099935
vt 0.215200 0.236710
vt 0.211670 0.104648
vt 0.221074 0.112539
vt 0.225294 0.108430
vt 0.211669 0.231999
vt 0.225290 0.228213
vt 0.221074 0.224108
vt 0.201134 0.098405
vt 0.201134 0.238241
vt 0.208159 0.109352
vt 0.216779 0.116571
vt 0.216779 0.220077
vt 0.208158 0.227296
vt 0.229595 0.104258
vt 0.229584 0.232379
vt 0.204617 0.114039
vt 0.204617 0.222609
vt 0.201001 0.118726
vt 0.201001 0.217922
vt 0.197592 0.123425
vt 0.197591 0.213222
vt 0.208292 0.124725
vt 0.212507 0.120656
vt 0.212507 0.215992
vt 0.208292 0.211922
vt 0.204111 0.128817
vt 0.204111 0.207830
vt 0.346924 0.827629
vt 0.353672 0.827639
vt 0.385063 0.874621
vt 0.391812 0.874631
vt 0.346878 0.821848
vt 0.353602 0.821864
vt 0.385134 0.880396
vt 0.391857 0.880413
vt 0.359819 0.827624
vt 0.359870 0.833661
vt 0.378865 0.868595
vt 0.378919 0.874634
vt 0.359772 0.821865
vt 0.378963 0.880391
vt 0.365323 0.821689
vt 0.365377 0.827531
vt 0.373353 0.874724
vt 0.373419 0.880564
vt 0.353536 0.816434
vt 0.359683 0.816408
vt 0.379053 0.885850
vt 0.385200 0.885826
vt 0.365256 0.816282
vt 0.373475 0.885977
vt 0.339507 0.816373
vt 0.339573 0.821825
vt 0.331781 0.821763
vt 0.331687 0.816430
vt 0.399164 0.880432
vt 0.399230 0.885886
vt 0.407048 0.885832
vt 0.406954 0.880498
vt 0.346789 0.816444
vt 0.391947 0.885816
vt 0.339663 0.827622
vt 0.331850 0.827553
vt 0.406887 0.874704
vt 0.399073 0.874638
vt 0.339426 0.811491
vt 0.346729 0.811523
vt 0.392007 0.890736
vt 0.399309 0.890771
vt 0.353452 0.811504
vt 0.385284 0.890756
vt 0.359595 0.811477
vt 0.379137 0.890783
vt 0.183239 0.132966
vt 0.188645 0.136102
vt 0.191116 0.132487
vt 0.185117 0.128929
vt 0.188645 0.200548
vt 0.183232 0.203681
vt 0.185113 0.207721
vt 0.191111 0.204157
vt 0.177396 0.130626
vt 0.178743 0.126394
vt 0.177392 0.206025
vt 0.178738 0.210248
vt 0.365152 0.811326
vt 0.373577 0.890936
vt 0.193602 0.140023
vt 0.196456 0.136821
vt 0.193604 0.196623
vt 0.196457 0.199828
vt 0.187614 0.124109
vt 0.187612 0.212537
vt 0.171909 0.124812
vt 0.171904 0.211838
vt 0.171352 0.129291
vt 0.171344 0.207354
vt 0.194189 0.127985
vt 0.194189 0.208662
vt 0.365414 0.833575
vt 0.373334 0.868676
vt 0.323435 0.816389
vt 0.323503 0.821756
vt 0.314863 0.821780
vt 0.314799 0.816377
vt 0.415232 0.880506
vt 0.415300 0.885872
vt 0.423938 0.885883
vt 0.423872 0.880480
vt 0.323588 0.827498
vt 0.314919 0.827475
vt 0.423816 0.874784
vt 0.415148 0.874761
vt 0.314745 0.811470
vt 0.323375 0.811517
vt 0.415360 0.890744
vt 0.423992 0.890789
vt 0.331634 0.811574
vt 0.407102 0.890685
vt 0.323638 0.833543
vt 0.415098 0.868715
vt 0.314965 0.833489
vt 0.423769 0.868770
vt 0.305973 0.833401
vt 0.305958 0.827308
vt 0.432776 0.874951
vt 0.432762 0.868859
vt 0.305924 0.821681
vt 0.432810 0.880579
vt 0.214383 0.142556
vt 0.209822 0.135200
vt 0.205337 0.138610
vt 0.209568 0.145098
vt 0.209822 0.201448
vt 0.214383 0.194091
vt 0.209568 0.191552
vt 0.205338 0.198039
vt 0.219436 0.139930
vt 0.214460 0.131859
vt 0.214460 0.204789
vt 0.219436 0.196718
vt 0.200206 0.132886
vt 0.200205 0.203761
vt 0.219262 0.128470
vt 0.219262 0.208178
vt 0.224145 0.125206
vt 0.224145 0.211441
vt 0.224659 0.137492
vt 0.224659 0.199155
vt 0.229939 0.134939
vt 0.229939 0.201709
vt 0.775458 0.247135
vt 0.775524 0.254438
vt 0.780076 0.254469
vt 0.779956 0.247195
vt 0.830881 0.254437
vt 0.830943 0.247135
vt 0.826447 0.247195
vt 0.826328 0.254469
vt 0.779851 0.240478
vt 0.775311 0.240412
vt 0.831094 0.240412
vt 0.826552 0.240478
vt 0.775135 0.234269
vt 0.779699 0.234358
vt 0.831269 0.234265
vt 0.826706 0.234354
vt 0.774902 0.228712
vt 0.779463 0.228866
vt 0.831501 0.228705
vt 0.826945 0.228852
vt 0.201172 0.141935
vt 0.201175 0.194715
vt 0.197927 0.144584
vt 0.197930 0.192067
vt 0.205009 0.147733
vt 0.205008 0.188922
vt 0.790768 0.247259
vt 0.796811 0.247286
vt 0.796765 0.240644
vt 0.790698 0.240597
vt 0.809590 0.247286
vt 0.815637 0.247258
vt 0.815706 0.240596
vt 0.809637 0.240644
vt 0.790757 0.254512
vt 0.796832 0.254529
vt 0.809572 0.254527
vt 0.815648 0.254510
vt 0.796703 0.234647
vt 0.790573 0.234558
vt 0.809703 0.234647
vt 0.815831 0.234551
vt 0.796575 0.229353
vt 0.790425 0.229209
vt 0.815984 0.229192
vt 0.809827 0.229349
vt 0.204231 0.155548
vt 0.205996 0.161697
vt 0.209509 0.161065
vt 0.207831 0.154101
vt 0.205998 0.174949
vt 0.204223 0.181106
vt 0.207832 0.182552
vt 0.209507 0.175578
vt 0.212615 0.152406
vt 0.214424 0.160163
vt 0.212613 0.184242
vt 0.214425 0.176484
vt 0.201488 0.149791
vt 0.201487 0.186867
vt 0.217692 0.150595
vt 0.217692 0.186053
vt 0.219645 0.159347
vt 0.219645 0.177300
vt 0.784979 0.240537
vt 0.785073 0.247227
vt 0.821332 0.247226
vt 0.821427 0.240535
vt 0.785127 0.254500
vt 0.821274 0.254501
vt 0.784892 0.234463
vt 0.821516 0.234459
vt 0.785251 0.262289
vt 0.780144 0.262274
vt 0.821153 0.262289
vt 0.826260 0.262274
vt 0.790819 0.262308
vt 0.815584 0.262309
vt 0.784669 0.229002
vt 0.821745 0.228982
vt 0.305880 0.816374
vt 0.305819 0.811515
vt 0.432917 0.890745
vt 0.432856 0.885886
vt 0.780142 0.279169
vt 0.775690 0.279119
vt 0.775786 0.288045
vt 0.780145 0.288111
vt 0.830713 0.279120
vt 0.826261 0.279170
vt 0.826258 0.288111
vt 0.830617 0.288045
vt 0.780184 0.270524
vt 0.775694 0.270489
vt 0.830711 0.270488
vt 0.826219 0.270524
vt 0.775682 0.262230
vt 0.830720 0.262230
vt 0.796808 0.270601
vt 0.796836 0.262319
vt 0.790788 0.270578
vt 0.809569 0.262320
vt 0.809595 0.270604
vt 0.815615 0.270580
vt 0.790715 0.279253
vt 0.796781 0.279282
vt 0.809622 0.279281
vt 0.815691 0.279251
vt 0.785221 0.270553
vt 0.821184 0.270554
vt 0.785102 0.279212
vt 0.821301 0.279212
vt 0.785138 0.288171
vt 0.821266 0.288172
vt 0.790666 0.288222
vt 0.815738 0.288223
vt 0.287465 0.816143
vt 0.287492 0.821401
vt 0.278116 0.821322
vt 0.278089 0.816167
vt 0.451245 0.880858
vt 0.451271 0.886117
vt 0.460645 0.886093
vt 0.460619 0.880938
vt 0.296747 0.816199
vt 0.296781 0.821513
vt 0.441956 0.880746
vt 0.441989 0.886060
vt 0.287491 0.827097
vt 0.296785 0.827218
vt 0.451245 0.875164
vt 0.441951 0.875043
vt 0.278114 0.826973
vt 0.460622 0.875287
vt 0.296684 0.811472
vt 0.287403 0.811389
vt 0.442050 0.890789
vt 0.451335 0.890870
vt 0.287479 0.833176
vt 0.296784 0.833301
vt 0.441953 0.868959
vt 0.451257 0.869085
vt 0.259250 0.821348
vt 0.259254 0.826876
vt 0.249842 0.826885
vt 0.249821 0.821383
vt 0.479482 0.875385
vt 0.479485 0.880911
vt 0.488914 0.880876
vt 0.488893 0.875376
vt 0.268685 0.821304
vt 0.268694 0.826882
vt 0.470042 0.875378
vt 0.470050 0.880957
vt 0.249849 0.832806
vt 0.488886 0.869454
vt 0.259229 0.816276
vt 0.268669 0.816191
vt 0.479507 0.885984
vt 0.470067 0.886069
vt 0.249819 0.816410
vt 0.488916 0.885850
vt 0.259209 0.811661
vt 0.249807 0.811784
vt 0.479526 0.890599
vt 0.488929 0.890475
vt 0.268627 0.811597
vt 0.470108 0.890663
vt 0.278034 0.811543
vt 0.460701 0.890718
vt 0.780139 0.297258
vt 0.775740 0.297180
vt 0.775579 0.306461
vt 0.779941 0.306546
vt 0.830665 0.297179
vt 0.826265 0.297257
vt 0.826463 0.306545
vt 0.830824 0.306463
vt 0.796683 0.306680
vt 0.796722 0.297415
vt 0.790610 0.297384
vt 0.790588 0.306666
vt 0.809683 0.297414
vt 0.809721 0.306682
vt 0.815817 0.306666
vt 0.815790 0.297383
vt 0.790451 0.316002
vt 0.796650 0.316024
vt 0.809754 0.316023
vt 0.815957 0.316004
vt 0.796747 0.288252
vt 0.809657 0.288253
vt 0.785071 0.297333
vt 0.821333 0.297332
vt 0.784899 0.306617
vt 0.821503 0.306612
vt 0.775620 0.315830
vt 0.780013 0.315900
vt 0.826391 0.315899
vt 0.830785 0.315830
vt 0.784957 0.315968
vt 0.821447 0.315968
vt 0.779833 0.325290
vt 0.775512 0.325237
vt 0.775395 0.334655
vt 0.779774 0.334688
vt 0.830891 0.325237
vt 0.826574 0.325290
vt 0.826632 0.334687
vt 0.831009 0.334655
vt 0.790463 0.325379
vt 0.796643 0.325394
vt 0.809763 0.325395
vt 0.815940 0.325379
vt 0.790499 0.334750
vt 0.796664 0.334762
vt 0.809742 0.334761
vt 0.815904 0.334749
vt 0.784846 0.325342
vt 0.821559 0.325341
vt 0.784848 0.334721
vt 0.821556 0.334721
vt 0.784815 0.344091
vt 0.790477 0.344107
vt 0.815927 0.344108
vt 0.821590 0.344091
vt 0.796638 0.344122
vt 0.809767 0.344124
vt 0.240458 0.832820
vt 0.240436 0.826925
vt 0.498300 0.875334
vt 0.498278 0.869441
vt 0.231069 0.832836
vt 0.231073 0.826949
vt 0.507662 0.875311
vt 0.507667 0.869424
vt 0.240436 0.821413
vt 0.498300 0.880850
vt 0.231067 0.821564
vt 0.507669 0.880696
vt 0.240431 0.816367
vt 0.498304 0.885893
vt 0.231081 0.816409
vt 0.507656 0.885851
vt 0.231088 0.811738
vt 0.240439 0.811760
vt 0.498296 0.890500
vt 0.507647 0.890522
vt 0.212346 0.832876
vt 0.212366 0.827003
vt 0.221710 0.826982
vt 0.221704 0.832820
vt 0.526370 0.875257
vt 0.526389 0.869384
vt 0.517031 0.869438
vt 0.517025 0.875280
vt 0.203047 0.827058
vt 0.535688 0.875201
vt 0.212392 0.821488
vt 0.203070 0.821509
vt 0.526344 0.880772
vt 0.535665 0.880751
vt 0.221728 0.821494
vt 0.517007 0.880765
vt 0.203099 0.816350
vt 0.535636 0.885910
vt 0.212420 0.816326
vt 0.526315 0.885934
vt 0.221743 0.816442
vt 0.516991 0.885817
vt 0.203119 0.811584
vt 0.212447 0.811608
vt 0.526287 0.890651
vt 0.535616 0.890675
vt 0.221769 0.811785
vt 0.516967 0.890475
vt 0.796642 0.353469
vt 0.790456 0.353456
vt 0.809761 0.353469
vt 0.815948 0.353456
vt 0.784790 0.353435
vt 0.821614 0.353436
vt 0.784852 0.362762
vt 0.790488 0.362764
vt 0.815916 0.362765
vt 0.821552 0.362762
vt 0.796650 0.362778
vt 0.809753 0.362779
vt 0.775324 0.353424
vt 0.775247 0.362776
vt 0.779741 0.362757
vt 0.779674 0.353431
vt 0.831156 0.362775
vt 0.831080 0.353424
vt 0.826729 0.353432
vt 0.826663 0.362757
vt 0.775421 0.344057
vt 0.779711 0.344067
vt 0.830983 0.344058
vt 0.826693 0.344068
vt 0.779583 0.390727
vt 0.775193 0.390744
vt 0.775014 0.400082
vt 0.779431 0.400088
vt 0.831210 0.390745
vt 0.826821 0.390728
vt 0.826973 0.400088
vt 0.831390 0.400081
vt 0.779640 0.381395
vt 0.775166 0.381417
vt 0.831240 0.381415
vt 0.826764 0.381395
vt 0.775352 0.372095
vt 0.779615 0.372077
vt 0.831052 0.372095
vt 0.826789 0.372079
vt 0.790338 0.381376
vt 0.796578 0.381378
vt 0.796627 0.372064
vt 0.790454 0.372065
vt 0.809825 0.381380
vt 0.816067 0.381378
vt 0.815951 0.372063
vt 0.809776 0.372064
vt 0.790293 0.390731
vt 0.796534 0.390737
vt 0.809870 0.390736
vt 0.816110 0.390730
vt 0.784719 0.372060
vt 0.821685 0.372059
vt 0.784721 0.381385
vt 0.821683 0.381385
vt 0.784605 0.390726
vt 0.821799 0.390726
vt 0.784487 0.400094
vt 0.790209 0.400105
vt 0.816194 0.400104
vt 0.821916 0.400093
vt 0.774872 0.409453
vt 0.831532 0.409453
vt 0.796499 0.400110
vt 0.809908 0.400109
vt 0.072330 0.818372
vt 0.072306 0.824207
vt 0.063044 0.824560
vt 0.063062 0.818605
vt 0.666427 0.878051
vt 0.666405 0.883888
vt 0.675674 0.883652
vt 0.675692 0.877699
vt 0.081637 0.823944
vt 0.657099 0.878316
vt 0.072305 0.830271
vt 0.666428 0.871988
vt 0.063023 0.830723
vt 0.675712 0.871537
vt 0.053883 0.819092
vt 0.053845 0.825099
vt 0.044797 0.825969
vt 0.044857 0.819944
vt 0.684888 0.877159
vt 0.684850 0.883168
vt 0.693877 0.882317
vt 0.693937 0.876290
vt 0.053821 0.831292
vt 0.684912 0.870967
vt 0.044742 0.832211
vt 0.693992 0.870049
vt 0.035934 0.833531
vt 0.702800 0.868729
vt 0.035999 0.827288
vt 0.702735 0.874972
vt 0.036094 0.821137
vt 0.702640 0.881122
vt 0.400870 0.804856
vt 0.409694 0.807480
vt 0.410589 0.813187
vt 0.401230 0.810536
vt 0.409698 0.639930
vt 0.400874 0.642555
vt 0.401232 0.636872
vt 0.410591 0.634220
vt 0.400289 0.798256
vt 0.408722 0.800871
vt 0.408727 0.646538
vt 0.400293 0.649154
vt 0.418015 0.802823
vt 0.418020 0.644582
vt 0.406407 0.786621
vt 0.415007 0.788609
vt 0.416576 0.795575
vt 0.407612 0.793512
vt 0.415008 0.658796
vt 0.406408 0.660785
vt 0.407614 0.653892
vt 0.416578 0.651830
vt 0.405117 0.780059
vt 0.413655 0.782302
vt 0.413657 0.665103
vt 0.405120 0.667350
vt 0.412459 0.776436
vt 0.412459 0.670971
vt 0.403926 0.774467
vt 0.403929 0.672942
vt 0.398493 0.784152
vt 0.399575 0.791045
vt 0.398494 0.663253
vt 0.399576 0.656359
vt 0.397144 0.778151
vt 0.397147 0.669258
vt 0.395816 0.771324
vt 0.395819 0.676091
vt 0.420065 0.773359
vt 0.420068 0.674067
vt 0.381408 0.788891
vt 0.386650 0.792125
vt 0.386330 0.798117
vt 0.380623 0.794733
vt 0.386653 0.655282
vt 0.381415 0.658516
vt 0.380630 0.652672
vt 0.386332 0.649290
vt 0.381659 0.783119
vt 0.386539 0.785441
vt 0.386536 0.661962
vt 0.381660 0.664281
vt 0.392905 0.795246
vt 0.393053 0.801691
vt 0.393057 0.645721
vt 0.392907 0.652164
vt 0.392517 0.788308
vt 0.392518 0.659097
vt 0.376968 0.786541
vt 0.375908 0.791200
vt 0.376977 0.660861
vt 0.375913 0.656210
vt 0.377439 0.780990
vt 0.377438 0.666414
vt 0.380953 0.777481
vt 0.385776 0.779512
vt 0.385778 0.667894
vt 0.380954 0.669923
vt 0.391511 0.781821
vt 0.391513 0.665584
vt 0.371820 0.788400
vt 0.373385 0.784249
vt 0.373357 0.663143
vt 0.371825 0.659008
vt 0.373220 0.780403
vt 0.373222 0.667000
vt 0.376530 0.776421
vt 0.376531 0.670982
vt 0.374112 0.795995
vt 0.369585 0.792159
vt 0.369586 0.655247
vt 0.374114 0.651410
vt 0.379415 0.799752
vt 0.379417 0.647652
vt 0.385625 0.803673
vt 0.392916 0.807284
vt 0.385628 0.643732
vt 0.392915 0.640118
vt 0.390188 0.775689
vt 0.390189 0.671717
vt 0.027652 0.829066
vt 0.711082 0.873194
vt 0.019918 0.831080
vt 0.718815 0.871179
vt 0.020100 0.824673
vt 0.027768 0.822790
vt 0.710965 0.879468
vt 0.718634 0.877586
vt 0.013227 0.826484
vt 0.013393 0.819711
vt 0.725348 0.882549
vt 0.725508 0.875776
vt 0.013332 0.813140
vt 0.725410 0.889124
vt 0.411618 0.771298
vt 0.411622 0.676118
vt 0.402962 0.767706
vt 0.402969 0.679729
vt 0.394409 0.764716
vt 0.394394 0.682666
vt 0.007355 0.827708
vt 0.007352 0.820431
vt 0.731396 0.881830
vt 0.731384 0.874550
vt 0.411695 0.760501
vt 0.418973 0.763445
vt 0.419484 0.768010
vt 0.411430 0.765179
vt 0.418975 0.683961
vt 0.411695 0.686906
vt 0.411428 0.682227
vt 0.419484 0.679395
vt 0.007311 0.813048
vt 0.731462 0.889213
vt 0.388410 0.770050
vt 0.386677 0.762198
vt 0.386694 0.685209
vt 0.388408 0.677342
vt 0.380264 0.761549
vt 0.380285 0.685862
vt 0.384247 0.774067
vt 0.384249 0.673337
vt 0.382491 0.768093
vt 0.382491 0.679309
vt 0.377326 0.767219
vt 0.374980 0.760354
vt 0.377325 0.680183
vt 0.374979 0.687050
vt 0.379419 0.772534
vt 0.379419 0.674869
vt 0.372401 0.766426
vt 0.374919 0.771656
vt 0.372399 0.680976
vt 0.374919 0.675747
vt 0.369758 0.760034
vt 0.369756 0.687369
vt 0.372566 0.752358
vt 0.372565 0.695046
vt 0.372227 0.775862
vt 0.372233 0.671547
vt 0.369899 0.771573
vt 0.367285 0.766417
vt 0.367286 0.680987
vt 0.369903 0.675831
vt 0.364096 0.759849
vt 0.364095 0.687553
vt 0.369463 0.780309
vt 0.367251 0.776728
vt 0.367254 0.670666
vt 0.369476 0.667118
vt 0.364785 0.772149
vt 0.364781 0.675250
vt 0.370477 0.783451
vt 0.370482 0.663959
vt 0.146964 0.754448
vt 0.146303 0.759750
vt 0.130946 0.757007
vt 0.132186 0.751792
vt 0.146303 0.477205
vt 0.146964 0.482506
vt 0.132188 0.485167
vt 0.130948 0.479952
vt 0.147554 0.749208
vt 0.147553 0.487749
vt 0.210844 0.561391
vt 0.211025 0.574954
vt 0.206246 0.574567
vt 0.206156 0.560518
vt 0.348150 0.114480
vt 0.348334 0.128040
vt 0.353009 0.128917
vt 0.352928 0.114868
vt 0.216666 0.561866
vt 0.216834 0.574987
vt 0.342339 0.114446
vt 0.342510 0.127563
vt 0.133505 0.746578
vt 0.133504 0.490376
vt 0.222187 0.575084
vt 0.336987 0.114348
vt 0.222000 0.562447
vt 0.337176 0.126984
vt 0.669649 0.807384
vt 0.669514 0.812038
vt 0.656876 0.809126
vt 0.657547 0.804558
vt 0.669515 0.571974
vt 0.669650 0.576621
vt 0.657547 0.579448
vt 0.656879 0.574883
vt 0.116602 0.752919
vt 0.116603 0.484038
vt 0.118582 0.747812
vt 0.118583 0.489144
vt 0.120488 0.742688
vt 0.120486 0.494263
vt 0.110883 0.733628
vt 0.122009 0.738519
vt 0.108794 0.737947
vt 0.122013 0.498445
vt 0.110884 0.503330
vt 0.108793 0.499008
vt 0.210485 0.549022
vt 0.210035 0.537895
vt 0.216139 0.539108
vt 0.216391 0.549874
vt 0.349149 0.151537
vt 0.348700 0.140408
vt 0.342785 0.139559
vt 0.343037 0.150326
vt 0.205806 0.547501
vt 0.353356 0.141934
vt 0.103687 0.747925
vt 0.106191 0.742995
vt 0.106190 0.493960
vt 0.103686 0.489029
vt 0.221910 0.550895
vt 0.337265 0.138539
vt 0.221729 0.540586
vt 0.337448 0.148846
vt 0.645325 0.805273
vt 0.646553 0.800852
vt 0.645324 0.578731
vt 0.646555 0.583155
vt 0.635015 0.800637
vt 0.636696 0.796312
vt 0.636696 0.587693
vt 0.635017 0.583369
vt 0.411136 0.818417
vt 0.401254 0.815829
vt 0.411137 0.628985
vt 0.401253 0.631570
vt 0.411263 0.823980
vt 0.400828 0.821166
vt 0.400829 0.626239
vt 0.411268 0.623423
vt 0.422691 0.825464
vt 0.422691 0.621926
vt 0.011675 0.278756
vt 0.006340 0.278299
vt 0.006359 0.270459
vt 0.011688 0.271091
vt 0.034722 0.412443
vt 0.029386 0.411986
vt 0.029376 0.419647
vt 0.034700 0.420280
vt 0.011618 0.287397
vt 0.006319 0.287243
vt 0.034741 0.403498
vt 0.029446 0.403344
vt 0.638716 0.791421
vt 0.640117 0.787446
vt 0.649061 0.791679
vt 0.647982 0.795716
vt 0.640116 0.596559
vt 0.638716 0.592586
vt 0.647982 0.588291
vt 0.649061 0.592329
vt 0.630410 0.786623
vt 0.632278 0.782889
vt 0.632279 0.601118
vt 0.630409 0.597382
vt 0.016484 0.272270
vt 0.016541 0.279506
vt 0.024525 0.411234
vt 0.024577 0.418469
vt 0.016479 0.287907
vt 0.024581 0.402835
vt 0.392374 0.812516
vt 0.391436 0.817781
vt 0.383035 0.813811
vt 0.384568 0.808709
vt 0.391435 0.629616
vt 0.392374 0.634887
vt 0.384569 0.638695
vt 0.383036 0.633589
vt 0.016425 0.297299
vt 0.011571 0.297185
vt 0.029491 0.393553
vt 0.024639 0.393441
vt 0.006271 0.297178
vt 0.034790 0.393563
vt 0.375799 0.809413
vt 0.377790 0.804609
vt 0.377790 0.642793
vt 0.375801 0.637989
vt 0.371961 0.800378
vt 0.371962 0.647025
vt 0.378526 0.528251
vt 0.378544 0.373887
vt 0.384419 0.522227
vt 0.384430 0.379918
vt 0.378159 0.499476
vt 0.381658 0.513154
vt 0.381663 0.388997
vt 0.378159 0.402674
vt 0.374212 0.467860
vt 0.375735 0.484316
vt 0.375735 0.417836
vt 0.374211 0.434292
vt 0.240864 0.093673
vt 0.240864 0.242975
vt 0.236591 0.097476
vt 0.236596 0.239179
vt 0.251639 0.106298
vt 0.251639 0.230351
vt 0.233565 0.100440
vt 0.233574 0.236217
vt 0.238836 0.115085
vt 0.243308 0.111929
vt 0.243309 0.224723
vt 0.238832 0.221560
vt 0.246111 0.127288
vt 0.251161 0.124897
vt 0.251151 0.211743
vt 0.246115 0.209360
vt 0.246888 0.109590
vt 0.255037 0.123028
vt 0.246885 0.227058
vt 0.255034 0.213620
vt 0.260363 0.120694
vt 0.260361 0.215953
vt 0.260926 0.137694
vt 0.264251 0.152873
vt 0.260924 0.198952
vt 0.264254 0.183774
vt 0.256725 0.138854
vt 0.256708 0.197785
vt 0.260007 0.153487
vt 0.260008 0.183155
vt 0.251309 0.140497
vt 0.251310 0.196146
vt 0.254347 0.154304
vt 0.254347 0.182338
vt 0.233895 0.118526
vt 0.233894 0.218121
vt 0.240656 0.129898
vt 0.240657 0.206750
vt 0.228984 0.121848
vt 0.228984 0.214799
vt 0.235312 0.132493
vt 0.234094 0.145694
vt 0.239738 0.143974
vt 0.235313 0.204155
vt 0.239738 0.192674
vt 0.234094 0.190954
vt 0.228472 0.147264
vt 0.228472 0.189383
vt 0.245483 0.142290
vt 0.245483 0.194356
vt 0.242341 0.156074
vt 0.248263 0.155187
vt 0.248263 0.181459
vt 0.242341 0.180573
vt 0.236470 0.156872
vt 0.236470 0.179776
vt 0.223004 0.148977
vt 0.223003 0.187671
vt 0.225075 0.158473
vt 0.230714 0.157712
vt 0.230714 0.178936
vt 0.225075 0.178174
vt 0.368570 0.785335
vt 0.368566 0.662071
vt 0.365551 0.788516
vt 0.365550 0.658889
vt 0.365705 0.782094
vt 0.361995 0.784328
vt 0.365701 0.665305
vt 0.361994 0.663075
vt 0.366837 0.796174
vt 0.362303 0.791761
vt 0.362304 0.655644
vt 0.366836 0.651229
vt 0.358121 0.787139
vt 0.358121 0.660264
vt 0.362899 0.777882
vt 0.358435 0.779823
vt 0.362895 0.669518
vt 0.358434 0.667579
vt 0.361317 0.752026
vt 0.367018 0.751955
vt 0.361317 0.695378
vt 0.367018 0.695449
vt 0.358400 0.760227
vt 0.355381 0.752246
vt 0.355377 0.695155
vt 0.358402 0.687180
vt 0.358857 0.743061
vt 0.364839 0.742999
vt 0.364840 0.704405
vt 0.358853 0.704342
vt 0.352933 0.743349
vt 0.352928 0.704055
vt 0.353031 0.760642
vt 0.361555 0.766802
vt 0.356365 0.767503
vt 0.353032 0.686763
vt 0.356367 0.679901
vt 0.361555 0.680600
vt 0.350030 0.752646
vt 0.350029 0.694756
vt 0.347682 0.743615
vt 0.347686 0.703791
vt 0.351368 0.768498
vt 0.348003 0.761378
vt 0.348004 0.686026
vt 0.351368 0.678906
vt 0.345031 0.753192
vt 0.345033 0.694212
vt 0.359646 0.773195
vt 0.359647 0.674206
vt 0.354914 0.774576
vt 0.354914 0.672827
vt 0.370572 0.743031
vt 0.370572 0.704372
vt 0.363429 0.733435
vt 0.369213 0.733444
vt 0.369213 0.713960
vt 0.363429 0.713969
vt 0.357383 0.733531
vt 0.357381 0.713872
vt 0.351389 0.733686
vt 0.351387 0.713718
vt 0.346187 0.733859
vt 0.346189 0.713545
vt 0.342755 0.743993
vt 0.342756 0.703411
vt 0.341298 0.734070
vt 0.341298 0.713334
vt 0.098246 0.732616
vt 0.100910 0.728332
vt 0.098244 0.504339
vt 0.100910 0.508624
vt 0.095156 0.737531
vt 0.095156 0.499425
vt 0.085221 0.731512
vt 0.088809 0.726790
vt 0.088809 0.510166
vt 0.085219 0.505442
vt 0.091922 0.722585
vt 0.091920 0.514372
vt 0.092107 0.742305
vt 0.092106 0.494648
vt 0.081767 0.736071
vt 0.081766 0.500884
vt 0.072415 0.729334
vt 0.076263 0.724939
vt 0.076263 0.512016
vt 0.072417 0.507622
vt 0.080300 0.720388
vt 0.080299 0.516569
vt 0.209773 0.527923
vt 0.215876 0.529528
vt 0.343298 0.159904
vt 0.349403 0.161511
vt 0.221565 0.531381
vt 0.337610 0.158051
vt 0.068119 0.717831
vt 0.068118 0.519124
vt 0.072535 0.713502
vt 0.072535 0.523455
vt 0.354122 0.782057
vt 0.354171 0.790166
vt 0.349669 0.784726
vt 0.354120 0.665345
vt 0.349660 0.662670
vt 0.354174 0.657235
vt 0.358640 0.795467
vt 0.358643 0.651936
vt 0.051010 0.414398
vt 0.045709 0.414139
vt 0.043595 0.419135
vt 0.049036 0.419125
vt 0.189240 0.414139
vt 0.183941 0.414399
vt 0.185916 0.419127
vt 0.191355 0.419135
vt 0.363840 0.800178
vt 0.363836 0.647220
vt 0.016685 0.255110
vt 0.016479 0.260311
vt 0.011668 0.258487
vt 0.011689 0.253091
vt 0.024584 0.430434
vt 0.024376 0.435627
vt 0.029372 0.437652
vt 0.029395 0.432251
vt 0.350262 0.776361
vt 0.350262 0.671043
vt 0.345511 0.778564
vt 0.345514 0.668839
vt 0.056450 0.414163
vt 0.054905 0.419092
vt 0.178506 0.414167
vt 0.180043 0.419094
vt 0.341590 0.771653
vt 0.346546 0.769864
vt 0.346548 0.677540
vt 0.341605 0.675758
vt 0.047689 0.424523
vt 0.053826 0.424526
vt 0.181121 0.424526
vt 0.187261 0.424525
vt 0.041991 0.424496
vt 0.192957 0.424497
vt 0.369391 0.804903
vt 0.369392 0.642496
vt 0.016547 0.265862
vt 0.011684 0.264427
vt 0.024517 0.424878
vt 0.029375 0.426312
vt 0.209563 0.518934
vt 0.215646 0.520944
vt 0.349613 0.170501
vt 0.343528 0.168487
vt 0.083852 0.716347
vt 0.083851 0.520610
vt 0.209268 0.510864
vt 0.215368 0.513211
vt 0.343806 0.176222
vt 0.349908 0.178570
vt 0.221177 0.515761
vt 0.221377 0.523175
vt 0.337797 0.166257
vt 0.337996 0.173673
vt 0.617604 0.789891
vt 0.610191 0.783967
vt 0.613033 0.780422
vt 0.620085 0.786055
vt 0.610191 0.600040
vt 0.617606 0.594116
vt 0.620087 0.597950
vt 0.613037 0.603589
vt 0.625811 0.795461
vt 0.627949 0.791372
vt 0.625812 0.588546
vt 0.627949 0.592632
vt 0.215135 0.506130
vt 0.221006 0.508986
vt 0.338169 0.180445
vt 0.344038 0.183302
vt 0.603415 0.777725
vt 0.606766 0.774310
vt 0.606767 0.609697
vt 0.603418 0.606279
vt 0.038468 0.454076
vt 0.045563 0.454175
vt 0.048020 0.448100
vt 0.041058 0.447908
vt 0.213743 0.454169
vt 0.220839 0.454074
vt 0.218247 0.447907
vt 0.211284 0.448098
vt 0.069627 0.702568
vt 0.076479 0.709664
vt 0.065351 0.706140
vt 0.076480 0.527293
vt 0.069628 0.534388
vt 0.065351 0.530816
vt 0.063341 0.694862
vt 0.058732 0.698092
vt 0.063340 0.542095
vt 0.058732 0.538865
vt 0.053270 0.454222
vt 0.055559 0.448216
vt 0.206036 0.454218
vt 0.203748 0.448214
vt 0.060633 0.710126
vt 0.053694 0.701713
vt 0.060633 0.526830
vt 0.053695 0.535243
vt 0.208967 0.503492
vt 0.350206 0.185941
vt 0.597254 0.771015
vt 0.600819 0.768028
vt 0.600815 0.615975
vt 0.597255 0.612993
vt 0.043931 0.442037
vt 0.050642 0.442190
vt 0.215377 0.442037
vt 0.208664 0.442189
vt 0.057633 0.686349
vt 0.052699 0.689169
vt 0.057634 0.550608
vt 0.052699 0.547787
vt 0.061783 0.454230
vt 0.063747 0.448238
vt 0.197524 0.454229
vt 0.195560 0.448237
vt 0.047334 0.692331
vt 0.047333 0.544625
vt 0.591645 0.763754
vt 0.586422 0.755912
vt 0.590628 0.753612
vt 0.595492 0.761125
vt 0.586422 0.628091
vt 0.591646 0.620252
vt 0.595494 0.622882
vt 0.590629 0.630392
vt 0.065744 0.442345
vt 0.057902 0.442342
vt 0.201405 0.442341
vt 0.193566 0.442343
vt 0.072744 0.448199
vt 0.074347 0.442301
vt 0.184960 0.442300
vt 0.186561 0.448198
vt 0.581687 0.747310
vt 0.586036 0.745461
vt 0.581690 0.636696
vt 0.586033 0.638542
vt 0.071160 0.454182
vt 0.188146 0.454178
vt 0.083840 0.442249
vt 0.082612 0.448099
vt 0.175469 0.442247
vt 0.176695 0.448096
vt 0.085219 0.437065
vt 0.076196 0.437136
vt 0.183114 0.437137
vt 0.174090 0.437068
vt 0.343161 0.762410
vt 0.343165 0.684995
vt 0.060511 0.424484
vt 0.067874 0.424404
vt 0.068522 0.418949
vt 0.061364 0.419043
vt 0.167073 0.424403
vt 0.174436 0.424483
vt 0.173583 0.419043
vt 0.166425 0.418949
vt 0.594889 0.741603
vt 0.599028 0.748965
vt 0.595341 0.750972
vt 0.591046 0.743248
vt 0.599028 0.635041
vt 0.594889 0.642404
vt 0.591044 0.640758
vt 0.595341 0.633034
vt 0.591112 0.733424
vt 0.587155 0.734694
vt 0.591113 0.650582
vt 0.587155 0.649312
vt 0.076053 0.424271
vt 0.076538 0.418859
vt 0.158895 0.424270
vt 0.158414 0.418856
vt 0.077420 0.414147
vt 0.069523 0.414047
vt 0.165418 0.414040
vt 0.157525 0.414143
vt 0.062611 0.414148
vt 0.172337 0.414147
vt 0.340134 0.753944
vt 0.340134 0.693461
vt 0.338178 0.763756
vt 0.338188 0.683651
vt 0.335063 0.755021
vt 0.335065 0.692385
vt 0.337877 0.744540
vt 0.337879 0.702864
vt 0.332679 0.745230
vt 0.332674 0.702171
vt 0.086155 0.413959
vt 0.085536 0.418714
vt 0.148792 0.413957
vt 0.149412 0.418716
vt 0.105826 0.428212
vt 0.106117 0.423802
vt 0.095248 0.423957
vt 0.094669 0.428349
vt 0.128831 0.423802
vt 0.129122 0.428211
vt 0.140279 0.428347
vt 0.139701 0.423955
vt 0.106250 0.418410
vt 0.095470 0.418554
vt 0.139479 0.418553
vt 0.128700 0.418409
vt 0.106474 0.413659
vt 0.095946 0.413844
vt 0.139005 0.413845
vt 0.128480 0.413658
vt 0.085177 0.424120
vt 0.149771 0.424119
vt 0.084239 0.428524
vt 0.150710 0.428523
vt 0.581263 0.714808
vt 0.583836 0.725238
vt 0.578429 0.726508
vt 0.575801 0.715658
vt 0.583833 0.658767
vt 0.581262 0.669198
vt 0.575803 0.668347
vt 0.578422 0.657495
vt 0.579653 0.703651
vt 0.574207 0.704012
vt 0.579654 0.680355
vt 0.574208 0.679994
vt 0.331119 0.734703
vt 0.336407 0.734329
vt 0.336406 0.713074
vt 0.331115 0.712696
vt 0.042248 0.695359
vt 0.036146 0.684441
vt 0.042248 0.541596
vt 0.036146 0.552514
vt 0.047205 0.679331
vt 0.041529 0.681935
vt 0.036404 0.670606
vt 0.042329 0.668549
vt 0.041530 0.555021
vt 0.047205 0.557626
vt 0.042329 0.568407
vt 0.036404 0.566350
vt 0.030743 0.672556
vt 0.030743 0.564399
vt 0.026296 0.659854
vt 0.032130 0.658427
vt 0.032131 0.578529
vt 0.026295 0.577102
vt 0.038228 0.656968
vt 0.038229 0.579988
vt 0.052449 0.676971
vt 0.052450 0.559985
vt 0.081377 0.453977
vt 0.177931 0.453969
vt 0.047806 0.666755
vt 0.047807 0.570201
vt 0.092466 0.453653
vt 0.093355 0.447941
vt 0.166843 0.453646
vt 0.165951 0.447940
vt 0.043843 0.655666
vt 0.043841 0.581289
vt 0.035189 0.644612
vt 0.040935 0.643794
vt 0.040936 0.593162
vt 0.035190 0.592344
vt 0.104338 0.453402
vt 0.104910 0.447798
vt 0.154970 0.453405
vt 0.154397 0.447796
vt 0.116826 0.453366
vt 0.117108 0.447690
vt 0.142198 0.447689
vt 0.142480 0.453371
vt 0.033376 0.631706
vt 0.039276 0.631305
vt 0.039278 0.605651
vt 0.033375 0.605250
vt 0.028939 0.645572
vt 0.028939 0.591384
vt 0.026973 0.632183
vt 0.026972 0.604771
vt 0.094178 0.442082
vt 0.165129 0.442082
vt 0.105438 0.441953
vt 0.153870 0.441952
vt 0.095149 0.436747
vt 0.164161 0.436749
vt 0.105998 0.436621
vt 0.153309 0.436620
vt 0.117347 0.441900
vt 0.141960 0.441898
vt 0.117645 0.436557
vt 0.141662 0.436557
vt 0.022913 0.646521
vt 0.020802 0.632659
vt 0.022914 0.590435
vt 0.020801 0.604294
vt 0.798631 0.716033
vt 0.795780 0.726958
vt 0.798629 0.667973
vt 0.795772 0.657049
vt 0.800348 0.704282
vt 0.800348 0.679726
vt 0.534368 0.746384
vt 0.534368 0.701022
vt 0.414469 0.274303
vt 0.414178 0.279486
vt 0.403628 0.279542
vt 0.403896 0.274346
vt 0.347716 0.279495
vt 0.347421 0.274311
vt 0.357996 0.274351
vt 0.358266 0.279544
vt 0.536025 0.735208
vt 0.536026 0.712206
vt 0.392452 0.279617
vt 0.392650 0.274398
vt 0.369245 0.274398
vt 0.369449 0.279615
vt 0.414747 0.269411
vt 0.347142 0.269417
vt 0.791894 0.725805
vt 0.791891 0.658200
vt 0.404107 0.269426
vt 0.357783 0.269428
vt 0.794713 0.715165
vt 0.794708 0.668841
vt 0.392797 0.269486
vt 0.369094 0.269489
vt 0.796481 0.703855
vt 0.796482 0.680152
vt 0.774035 0.765206
vt 0.771013 0.762885
vt 0.774031 0.618806
vt 0.771011 0.621124
vt 0.765804 0.773787
vt 0.765801 0.610223
vt 0.763059 0.771052
vt 0.763059 0.612953
vt 0.014798 0.398873
vt 0.026263 0.291864
vt 0.720212 0.795426
vt 0.721742 0.799052
vt 0.720213 0.588578
vt 0.721741 0.584958
vt 0.016092 0.343780
vt 0.011183 0.344926
vt 0.024968 0.346961
vt 0.029879 0.345812
vt 0.708621 0.802084
vt 0.708621 0.581922
vt 0.707586 0.798214
vt 0.707587 0.585792
vt 0.005924 0.345768
vt 0.035132 0.344972
vt 0.016149 0.331286
vt 0.011317 0.332182
vt 0.024913 0.359451
vt 0.029744 0.358555
vt 0.434815 0.825896
vt 0.434819 0.621510
vt 0.695456 0.803605
vt 0.695455 0.580401
vt 0.694651 0.799610
vt 0.694651 0.584394
vt 0.006058 0.332832
vt 0.034999 0.357908
vt 0.006160 0.320218
vt 0.011437 0.319722
vt 0.029627 0.371016
vt 0.034902 0.370523
vt 0.016354 0.319162
vt 0.024706 0.371579
vt 0.682350 0.803531
vt 0.682350 0.580475
vt 0.682036 0.799437
vt 0.682036 0.584571
vt 0.016569 0.307734
vt 0.011583 0.307943
vt 0.024496 0.383002
vt 0.029479 0.382799
vt 0.006225 0.308243
vt 0.034837 0.382499
vt 0.669928 0.802060
vt 0.669928 0.581947
vt 0.670061 0.797905
vt 0.670061 0.586101
vt 0.658445 0.799372
vt 0.658445 0.584635
vt 0.658997 0.795195
vt 0.658996 0.588811
vt 0.006342 0.263475
vt 0.034718 0.427266
vt 0.006335 0.257246
vt 0.034725 0.433495
vt 0.623082 0.781542
vt 0.623083 0.602466
vt 0.625294 0.777955
vt 0.625293 0.606051
vt 0.616439 0.776200
vt 0.616440 0.607810
vt 0.619064 0.772867
vt 0.619064 0.611141
vt 0.006328 0.251604
vt 0.034734 0.439139
vt 0.610454 0.770550
vt 0.610454 0.613455
vt 0.613422 0.767487
vt 0.613420 0.616521
vt 0.608254 0.761789
vt 0.605000 0.764521
vt 0.608253 0.622217
vt 0.604997 0.619484
vt 0.603484 0.755651
vt 0.600004 0.758009
vt 0.603484 0.628356
vt 0.600004 0.625997
vt 0.582015 0.736437
vt 0.582012 0.647566
vt 0.074783 0.428668
vt 0.160166 0.428672
vt 0.639386 0.162824
vt 0.649280 0.162824
vt 0.629397 0.162824
vt 0.619303 0.162824
vt 0.609156 0.162824
vt 0.598993 0.162824
vt 0.588797 0.162824
vt 0.578405 0.162824
vt 0.542993 0.162824
vt 0.555774 0.162824
vt 0.529400 0.162824
vt 0.567523 0.162824
vt 0.847273 0.776395
vt 0.847274 0.767041
vt 0.847274 0.757715
vt 0.847273 0.748413
vt 0.847273 0.739132
vt 0.847274 0.729840
vt 0.847273 0.720518
vt 0.847272 0.711179
vt 0.847273 0.701857
vt 0.803202 0.437613
vt 0.803203 0.428255
vt 0.803202 0.418878
vt 0.803202 0.409501
vt 0.803201 0.446968
vt 0.803203 0.474906
vt 0.803203 0.465601
vt 0.803202 0.456291
vt 0.803202 0.484196
vt 0.803202 0.493475
vt 0.659128 0.162824
vt 0.669033 0.162824
vt 0.679070 0.162824
vt 0.689285 0.162824
vt 0.699651 0.162824
vt 0.710067 0.162824
vt 0.515685 0.162824
vt 0.491018 0.162824
vt 0.502676 0.162824
vt 0.481015 0.162824
vt 0.320669 0.618478
vt 0.326000 0.618477
vt 0.314781 0.618478
vt 0.459456 0.162824
vt 0.465561 0.162825
vt 0.121297 0.789032
vt 0.121296 0.783956
vt 0.121295 0.794914
vt 0.472635 0.162825
vt 0.847273 0.692577
vt 0.847273 0.683290
vt 0.847274 0.673943
vt 0.026255 0.168324
vt 0.033239 0.168324
vt 0.040038 0.168324
vt 0.046710 0.168324
vt 0.053279 0.168323
vt 0.005000 0.168326
vt 0.011519 0.168325
vt 0.161819 0.347444
vt 0.161817 0.338989
vt 0.161822 0.357378
vt 0.018915 0.168325
vt 0.161821 0.378146
vt 0.161822 0.367769
vt 0.575828 0.451077
vt 0.588167 0.451076
vt 0.561468 0.451077
vt 0.598534 0.451076
vt 0.161818 0.406138
vt 0.161821 0.397643
vt 0.607765 0.451075
vt 0.615424 0.451075
vt 0.161822 0.388175
vt 0.803202 0.512048
vt 0.803203 0.502755
vt 0.803202 0.521342
vt 0.803203 0.530608
vt 0.803204 0.539784
vt 0.803203 0.548744
vt 0.803203 0.557406
vt 0.803204 0.565591
vt 0.803204 0.573271
vt 0.803201 0.580318
vt 0.803198 0.586613
vt 0.793901 0.590692
vt 0.803200 0.591028
vt 0.812499 0.590694
vt 0.379731 0.723703
vt 0.384897 0.723704
vt 0.374409 0.723703
vt 0.720349 0.162824
vt 0.730276 0.162824
vt 0.325595 0.451077
vt 0.340089 0.451077
vt 0.356455 0.451077
vt 0.303662 0.451079
vt 0.313633 0.451077
vt 0.294876 0.451085
vt 0.288594 0.451081
vt 0.284957 0.168324
vt 0.292294 0.168324
vt 0.277968 0.168324
vt 0.299936 0.168324
vt 0.271256 0.168326
vt 0.307842 0.168324
vt 0.316112 0.168323
vt 0.323541 0.168323
vt 0.329582 0.168318
vt 0.739614 0.162824
vt 0.748241 0.162824
vt 0.756052 0.162824
vt 0.763087 0.162824
vt 0.769417 0.162824
vt 0.775232 0.162824
vt 0.144424 0.888387
vt 0.159371 0.888077
vt 0.159372 0.883772
vt 0.174300 0.888373
vt 0.144246 0.873403
vt 0.159368 0.877935
vt 0.159372 0.873729
vt 0.174504 0.873398
vt 0.008971 0.618478
vt 0.014381 0.618476
vt 0.875189 0.034443
vt 0.875192 0.024640
vt 0.875188 0.044561
vt 0.875191 0.015179
vt 0.875187 0.006359
vt 0.875180 0.054341
vt 0.875183 0.063573
vt 0.875185 0.071220
vt 0.302905 0.618476
vt 0.308780 0.618477
vt 0.806290 0.692003
vt 0.810977 0.692004
vt 0.683432 0.687825
vt 0.683432 0.682732
vt 0.683431 0.677055
vt 0.683427 0.671353
vt 0.297615 0.618474
vt 0.529401 0.451077
vt 0.545729 0.451077
vt 0.513404 0.451077
vt 0.497897 0.451077
vt 0.059591 0.168321
vt 0.065010 0.168323
vt 0.069707 0.168322
vt 0.075896 0.168324
vt 0.082079 0.168324
vt 0.105728 0.168324
vt 0.111270 0.168324
vt 0.116633 0.168323
vt 0.100007 0.168324
vt 0.088154 0.168324
vt 0.507849 0.723702
vt 0.515598 0.723702
vt 0.521649 0.723702
vt 0.486698 0.723699
vt 0.492908 0.723701
vt 0.499954 0.723702
vt 0.526238 0.723702
vt 0.531568 0.723702
vt 0.467916 0.451076
vt 0.482808 0.451077
vt 0.453055 0.451076
vt 0.847276 0.951941
vt 0.847274 0.945756
vt 0.847273 0.939034
vt 0.847283 0.957520
vt 0.121809 0.168319
vt 0.126134 0.168315
vt 0.847274 0.916028
vt 0.847274 0.907493
vt 0.847274 0.898572
vt 0.847273 0.931819
vt 0.847274 0.924167
vt 0.847274 0.889412
vt 0.847274 0.880083
vt 0.847274 0.870670
vt 0.847273 0.861214
vt 0.847273 0.851738
vt 0.847274 0.842266
vt 0.847274 0.832803
vt 0.847274 0.823349
vt 0.847274 0.813919
vt 0.847273 0.804510
vt 0.847273 0.795128
vt 0.847273 0.785760
vt 0.847273 0.664489
vt 0.847273 0.654980
vt 0.847273 0.636217
vt 0.847273 0.627108
vt 0.847274 0.645520
vt 0.847273 0.618327
vt 0.847273 0.610102
vt 0.847272 0.602789
vt 0.847269 0.596849
vt 0.482802 0.723701
vt 0.472886 0.723697
vt 0.477899 0.723701
vt 0.422956 0.451076
vt 0.438115 0.451076
vt 0.407313 0.451076
vt 0.390931 0.451076
vt 0.803201 0.247287
vt 0.803202 0.240639
vt 0.803202 0.254531
vt 0.803204 0.234602
vt 0.803209 0.229170
vt 0.206072 0.168331
vt 0.209928 0.168330
vt 0.214998 0.168325
vt 0.803202 0.279289
vt 0.803202 0.270610
vt 0.803203 0.262327
vt 0.803202 0.316028
vt 0.803202 0.306693
vt 0.803202 0.297416
vt 0.803202 0.288259
vt 0.803202 0.334771
vt 0.803203 0.325397
vt 0.803202 0.353475
vt 0.803202 0.344131
vt 0.803202 0.362782
vt 0.803202 0.390739
vt 0.803202 0.381385
vt 0.803202 0.372073
vt 0.803203 0.400114
vt 0.373850 0.451076
vt 0.255238 0.168326
vt 0.260725 0.168325
vt 0.265130 0.168328
vt 0.225759 0.168324
vt 0.231423 0.168324
vt 0.220268 0.168324
vt 0.237250 0.168324
vt 0.243158 0.168324
vt 0.249162 0.168324
vt 0.363012 0.723702
vt 0.368870 0.723702
vt 0.356924 0.723702
vt 0.351003 0.723703
vt 0.345887 0.723702
vt 0.340991 0.723702
vt 0.117474 0.428459
vt 0.117474 0.424049
vt 0.117474 0.418648
vt 0.330869 0.723702
vt 0.336088 0.723702
vt 0.117474 0.413901
vt 0.129652 0.453641
vt 0.129654 0.447962
vt 0.032935 0.618479
vt 0.038983 0.618479
vt 0.026448 0.618478
vt 0.129654 0.442173
vt 0.129653 0.436817
vt 0.020230 0.618477
vt 0.800739 0.692002
vt 0.536160 0.723702
vt 0.380945 0.279357
vt 0.380945 0.274221
vt 0.380942 0.269218
vt 0.796600 0.692000
vt 0.573950 0.692004
vt 0.579397 0.692004
vt 0.094141 0.168324
# 6212 texture coordinates

vn 0.749902 -0.634377 -0.187650
vn 0.723262 -0.639639 -0.260296
vn 0.460460 -0.855751 -0.235938
vn 0.031801 -0.999223 -0.023304
vn 0.165374 -0.978639 -0.122140
vn 0.397841 -0.869202 -0.293615
vn 0.829928 -0.336129 -0.445238
vn 0.807618 0.004273 -0.589691
vn 0.805275 -0.023873 -0.592420
vn 0.801331 -0.093936 -0.590800
vn 0.889412 0.002831 -0.457098
vn 0.885377 -0.017013 -0.464562
vn 0.876304 -0.092333 -0.472827
vn 0.038696 -0.999135 -0.015251
vn 0.007364 -0.999961 -0.004790
vn 0.035307 -0.999162 -0.020690
vn 0.187482 -0.977077 -0.100851
vn 0.873299 -0.370847 -0.315945
vn 0.224723 -0.971045 -0.081057
vn 0.689709 -0.631018 -0.355131
vn 0.939142 -0.086299 -0.332513
vn 0.945528 -0.006529 -0.325476
vn 0.676125 0.558919 -0.480067
vn 0.795798 0.208060 -0.568698
vn 0.809187 0.058572 -0.584625
vn -0.005771 0.999983 -0.000577
vn 0.044631 0.998513 -0.031309
vn -0.019382 0.999790 0.006696
vn 0.328868 0.915373 -0.232245
vn 0.033988 0.998701 -0.037953
vn 0.923748 0.220612 -0.313080
vn 0.767393 0.584513 -0.263540
vn 0.947196 0.004663 -0.320620
vn 0.946413 0.051755 -0.318783
vn 0.870030 0.214156 -0.444055
vn 0.735571 0.565015 -0.373756
vn 0.888880 0.056678 -0.454620
vn 0.010132 0.999848 0.014176
vn 0.000429 0.999973 0.007332
vn 0.046547 0.998657 -0.022764
vn -0.008203 0.999919 -0.009745
vn 0.350404 0.928254 -0.124752
vn 0.354592 0.917409 -0.180625
vn -0.000165 -0.999994 0.003383
vn -0.001441 -0.999996 0.002351
vn -0.000354 -0.999997 0.002612
vn -0.000461 -0.999998 0.002086
vn -0.001084 -0.999995 0.002927
vn -0.000477 -0.999997 0.002288
vn -0.000463 -0.999998 0.001769
vn -0.001163 -0.999997 0.001950
vn -0.000351 -1.000000 0.000772
vn 0.005268 -0.999986 0.000103
vn 0.005101 -0.999987 -0.000381
vn 0.007546 -0.999971 -0.000357
vn 0.013369 -0.999907 -0.002709
vn 0.012620 -0.999920 -0.000591
vn 0.024394 -0.999697 -0.003137
vn 0.006392 -0.999979 0.000555
vn 0.007786 -0.999970 0.000445
vn 0.055728 -0.998287 -0.017846
vn 0.006165 -0.999981 0.000038
vn 0.906613 -0.364715 -0.212215
vn 0.461935 -0.880152 -0.109308
vn 0.052659 -0.998588 -0.006942
vn 0.055448 -0.998408 -0.010304
vn 0.873231 0.444688 -0.199298
vn 0.538076 0.834128 -0.121266
vn 0.151795 -0.987815 -0.034344
vn 0.159666 -0.985701 -0.053864
vn 0.022928 -0.999737 0.000515
vn 0.007531 -0.999971 0.001429
vn 0.011002 -0.999939 0.000960
vn 0.007943 -0.999968 0.000630
vn 0.011867 -0.999930 -0.000138
vn 0.530361 0.847656 -0.014024
vn 0.876361 0.480956 -0.025930
vn 0.454862 -0.890484 -0.011804
vn 0.930795 -0.364613 -0.026046
vn 0.048491 -0.998823 -0.001028
vn 0.139012 -0.990284 -0.003748
vn 0.877571 0.465004 -0.116790
vn 0.457353 -0.886904 -0.065035
vn 0.923120 -0.362905 -0.127083
vn 0.544427 0.836187 -0.066265
vn 0.023931 -0.999711 -0.002222
vn 0.143232 -0.989465 -0.021049
vn 0.005878 -0.999980 -0.002402
vn 0.012262 -0.999914 -0.004615
vn 0.007444 -0.999969 -0.002769
vn 0.916673 -0.350991 -0.191094
vn 0.264614 -0.962424 -0.060994
vn 0.526023 -0.829677 -0.186909
vn 0.553258 -0.820756 -0.142354
vn 0.986116 -0.013669 -0.165493
vn 0.020293 -0.999793 0.001389
vn 0.007569 -0.999971 -0.001238
vn 0.013329 -0.999910 -0.001721
vn 0.780322 -0.625360 0.004744
vn 0.768992 -0.627972 -0.119594
vn 0.552408 -0.833569 0.002821
vn 0.277675 -0.960669 0.003330
vn 0.106971 -0.994255 0.003737
vn 0.077006 -0.997012 -0.006157
vn 0.277709 -0.959697 -0.043124
vn 0.552142 -0.828606 -0.092468
vn 0.009640 -0.999953 -0.000582
vn 0.053466 -0.998538 -0.007953
vn 0.986465 0.008056 -0.163772
vn 0.981079 -0.088263 -0.172318
vn 0.937378 -0.336676 -0.089280
vn 0.999755 -0.022146 0.000185
vn 0.999883 0.015201 -0.001809
vn 0.993988 -0.109311 0.006315
vn 0.786834 0.603490 -0.129196
vn 0.985612 0.055520 -0.159645
vn -0.015357 0.999594 0.024000
vn -0.014059 0.999739 0.017983
vn -0.014716 0.999855 0.008624
vn 0.000785 0.999552 0.029925
vn 0.335122 0.940454 -0.056924
vn -0.025504 0.999632 0.009191
vn 0.030637 0.999440 -0.013419
vn 0.781737 0.623588 0.004982
vn -0.037596 0.999293 0.000756
vn -0.019328 0.999800 -0.005198
vn -0.031246 0.999368 0.016932
vn 0.315556 0.948901 0.003374
vn 0.007891 0.999965 0.002702
vn -0.031216 0.999508 0.003102
vn 0.016675 0.999859 -0.002019
vn 0.962097 0.224559 -0.154737
vn 0.003501 -0.999981 0.005079
vn 0.003400 -0.999979 0.005499
vn 0.003669 -0.999977 0.005720
vn 0.003366 -0.999977 0.005804
vn 0.001766 -0.999983 0.005511
vn 0.002288 -0.999982 0.005499
vn 0.001757 -0.999979 0.006166
vn 0.002893 -0.999981 0.005500
vn 0.001124 -0.999990 0.004272
vn 0.001550 -0.999989 0.004477
vn 0.001218 -0.999984 0.005594
vn 0.000407 -0.999984 0.005652
vn 0.000341 -0.999991 0.004185
vn 0.970486 0.241130 0.003521
vn 0.997497 0.070706 -0.000047
vn 0.593514 0.007586 0.804788
vn 0.602413 0.005067 0.798169
vn 0.480638 -0.000307 0.876919
vn 0.341849 -0.000572 0.939755
vn 0.343624 0.002954 0.939103
vn 0.130894 -0.000698 0.991396
vn 0.591051 0.005143 0.806618
vn 0.477310 0.003662 0.878727
vn 0.340786 0.001560 0.940140
vn 0.131945 -0.001621 0.991256
vn 0.131784 0.005217 0.991265
vn 0.581967 0.004157 0.813202
vn 0.470564 0.003532 0.882359
vn 0.466687 -0.000903 0.884422
vn 0.589757 0.004881 0.807566
vn 0.473494 0.004874 0.880784
vn 0.336215 0.003296 0.941780
vn 0.134532 0.013973 0.990811
vn 0.129653 0.003768 0.991552
vn 0.575468 0.004479 0.817812
vn 0.342443 0.003651 0.939532
vn 0.350218 0.007099 0.936641
vn 0.141991 0.010722 0.989810
vn 0.691925 0.010213 0.721897
vn 0.578810 0.009583 0.815407
vn 0.452562 0.006683 0.891708
vn 0.463448 0.005478 0.886107
vn 0.461557 0.013905 0.887002
vn 0.341593 0.007728 0.939816
vn 0.136835 -0.002579 0.990591
vn 0.003675 -0.999983 0.004599
vn 0.004414 -0.999979 0.004703
vn 0.002901 -0.999983 0.004992
vn 0.002878 -0.999986 0.004463
vn 0.003813 -0.999984 0.004124
vn 0.002733 -0.999991 0.003358
vn 0.002827 -0.999989 0.003845
vn 0.000952 -0.999994 0.003310
vn 0.001702 -0.999990 0.004042
vn 0.002078 -0.999986 0.004778
vn 0.000670 -0.999997 0.002548
vn 0.000137 -0.999997 0.002342
vn -0.000581 -0.999998 0.002050
vn 0.000188 -0.999998 0.002118
vn -0.000053 -0.999999 0.001399
vn -0.000080 -1.000000 0.000745
vn 0.885023 0.008053 0.465477
vn 0.801791 0.009522 0.597528
vn 0.797675 0.009784 0.603008
vn 0.705066 0.010505 0.709064
vn 0.884392 0.011557 0.466602
vn 0.801720 0.009629 0.597622
vn 0.702181 0.006364 0.711970
vn 0.980152 0.021911 0.197035
vn 0.984222 0.000630 0.176935
vn 0.979391 0.011504 0.201648
vn 0.979314 0.013914 0.201867
vn 0.946310 0.001953 0.323254
vn 0.938296 0.013774 0.345559
vn 0.942157 0.013446 0.334903
vn 0.707984 0.011386 0.706137
vn 0.874173 0.011556 0.485477
vn 0.876869 0.007946 0.480663
vn 0.881884 0.007387 0.471409
vn 0.800341 0.005620 0.599519
vn 0.800239 0.004842 0.599662
vn 0.700018 0.005415 0.714105
vn 0.934568 0.008786 0.355676
vn 0.797264 0.010660 0.603536
vn 0.696039 0.006040 0.717979
vn 0.699962 0.007271 0.714143
vn 0.979845 0.006948 0.199638
vn 0.935080 0.010831 0.354270
vn 0.936392 0.011371 0.350772
vn 0.979136 0.007620 0.203065
vn 0.872910 0.007368 0.487825
vn 0.871421 -0.000010 0.490536
vn 0.788361 0.005024 0.615192
vn 0.790779 0.005210 0.612080
vn 0.005251 -0.999976 0.004555
vn 0.998322 0.013853 0.056233
vn 0.980466 0.004890 0.196629
vn 0.975181 0.004463 0.221364
vn 0.933852 0.006788 0.357595
vn 0.691677 0.004272 0.722194
vn 0.680587 0.001929 0.732665
vn 0.004581 -0.999980 0.004338
vn 0.670838 -0.001749 0.741601
vn 0.010675 -0.999934 0.004233
vn 0.021741 -0.999746 0.005938
vn 0.006943 -0.999970 0.003461
vn 0.010855 -0.999937 0.002995
vn 0.022832 -0.999731 0.003954
vn 0.006082 -0.999978 0.002730
vn 0.006996 -0.999972 0.002738
vn 0.457341 -0.887970 0.048468
vn 0.870426 0.485829 0.079554
vn 0.638086 0.011930 0.769873
vn 0.154878 -0.987470 0.030257
vn 0.047271 -0.998832 0.010053
vn 0.519540 0.853155 0.046948
vn 0.926665 -0.365400 0.088175
vn 0.147283 -0.988926 0.018269
vn 0.047512 -0.998850 0.006383
vn 0.732766 0.006528 0.680450
vn 0.046627 -0.998755 0.017718
vn 0.047726 -0.998610 0.022354
vn 0.006892 -0.999962 0.005367
vn 0.020843 -0.999743 0.008889
vn 0.007017 -0.999967 0.004201
vn 0.010677 -0.999928 0.005521
vn 0.451789 -0.881069 0.140016
vn 0.800677 0.540740 0.257908
vn 0.903302 -0.324440 0.280685
vn 0.478385 0.862414 0.165500
vn 0.460376 -0.883155 0.089955
vn 0.845840 0.503408 0.176453
vn 0.917869 -0.352281 0.182796
vn 0.502366 0.856906 0.115504
vn 0.150370 -0.987389 0.049526
vn 0.003972 -0.999987 0.003264
vn 0.003877 -0.999986 0.003644
vn 0.002718 -0.999991 0.003240
vn 0.002812 -0.999992 0.002738
vn 0.000512 -0.999995 0.002977
vn 0.000795 -0.999996 0.002807
vn 0.001231 -0.999994 0.003248
vn -0.001122 -0.999996 0.002438
vn -0.000731 -0.999999 0.001278
vn 0.000436 -0.999996 0.002703
vn -0.001493 -0.999997 0.002131
vn -0.001366 -0.999996 0.002376
vn -0.001426 -0.999996 0.002557
vn 0.989653 0.016007 -0.142586
vn 0.989711 0.009355 -0.142774
vn 0.999627 0.011024 0.024977
vn 0.999399 0.020828 0.027730
vn 0.990952 0.011658 -0.133707
vn 0.959249 0.006110 -0.282496
vn 0.952657 0.004527 -0.304013
vn 0.902839 -0.001941 -0.429973
vn 0.906518 0.015895 -0.421868
vn 0.904953 0.003341 -0.425498
vn 0.841309 0.012411 -0.540412
vn 0.834771 0.001154 -0.550596
vn 0.957038 0.013549 -0.289645
vn 0.954194 0.015967 -0.298763
vn 0.913244 0.006675 -0.407358
vn 0.908936 0.014137 -0.416696
vn 0.841516 0.012188 -0.540096
vn 0.999459 0.011464 0.030825
vn 0.915218 0.007259 -0.402894
vn 0.999233 0.003341 0.039012
vn 0.992998 0.005748 -0.117994
vn 0.991883 0.010090 -0.126756
vn 0.994968 0.004147 -0.100104
vn 0.965148 0.008986 -0.261552
vn 0.961678 0.009299 -0.274024
vn 0.849042 0.003620 -0.528314
vn 0.844734 0.009141 -0.535108
vn 0.913782 0.006604 -0.406150
vn 0.848512 0.007749 -0.529119
vn 0.850031 0.000480 -0.526733
vn 0.997078 0.012598 0.075340
vn 0.999022 0.001480 0.044184
vn 0.996165 0.014197 -0.086338
vn 0.995876 0.016347 -0.089243
vn 0.967503 0.011369 -0.252605
vn 0.966993 0.012165 -0.254511
vn 0.916725 0.010172 -0.399389
vn 0.914305 0.010209 -0.404898
vn 0.761474 0.003487 -0.648186
vn 0.002879 -0.999994 0.002151
vn 0.002908 -0.999994 0.001685
vn 0.004219 -0.999989 0.002076
vn 0.000665 -0.999998 0.001864
vn 0.004339 -0.999990 0.000857
vn 0.000923 -0.999998 0.001595
vn 0.000523 -0.999997 0.002212
vn -0.001519 -0.999996 0.002240
vn -0.001466 -0.999997 0.002095
vn -0.001140 -0.999997 0.002257
vn 0.741928 0.005855 -0.670454
vn 0.742643 0.009617 -0.669618
vn 0.629787 0.000992 -0.776767
vn 0.502608 -0.000860 -0.864514
vn 0.361709 0.003584 -0.932284
vn 0.372025 0.004106 -0.928214
vn 0.151615 0.014805 -0.988329
vn 0.635206 0.013444 -0.772226
vn 0.502501 0.010769 -0.864510
vn 0.632432 0.010055 -0.774550
vn 0.507493 -0.000659 -0.861656
vn 0.141325 0.007624 -0.989934
vn 0.157830 -0.000078 -0.987466
vn 0.755512 0.003855 -0.655124
vn 0.748943 0.012026 -0.662525
vn 0.759705 -0.001701 -0.650266
vn 0.637499 0.004786 -0.770436
vn 0.505678 0.007670 -0.862689
vn 0.370675 0.005378 -0.928747
vn 0.505195 -0.002228 -0.863002
vn 0.503623 0.005809 -0.863904
vn 0.362273 -0.000581 -0.932072
vn 0.362247 0.002806 -0.932078
vn 0.143690 0.005494 -0.989607
vn 0.150504 -0.003611 -0.988603
vn 0.377088 0.002970 -0.926173
vn 0.152758 0.008816 -0.988224
vn 0.141474 -0.003615 -0.989936
vn 0.761108 0.012317 -0.648508
vn 0.640625 -0.001188 -0.767853
vn 0.641477 0.009414 -0.767084
vn 0.641886 0.000598 -0.766800
vn 0.507737 0.014695 -0.861387
vn 0.375570 0.006158 -0.926774
vn 0.372159 0.002140 -0.928166
vn 0.155480 0.002141 -0.987837
vn 0.007711 -0.999969 0.001316
vn 0.017269 -0.999845 0.003539
vn 0.007259 -0.999974 -0.000082
vn 0.012773 -0.999918 -0.000093
vn 0.062493 -0.998045 -0.000472
vn 0.063976 -0.997917 0.008251
vn 0.790941 -0.599555 0.122255
vn 0.787195 -0.590536 0.177742
vn 0.535538 -0.835159 0.125335
vn 0.245275 -0.967800 0.056608
vn 0.550875 -0.830094 0.086493
vn 0.081825 -0.996566 0.012698
vn 0.268272 -0.962390 0.042840
vn 0.014568 -0.999885 0.004187
vn 0.056157 -0.998237 0.019210
vn 0.007833 -0.999966 0.002598
vn 0.014467 -0.999894 0.001607
vn 0.015441 -0.999868 0.005132
vn 0.934572 -0.301712 0.188533
vn 0.065948 -0.997725 0.013985
vn 0.917839 -0.396808 0.010750
vn 0.944053 -0.312679 0.104866
vn 0.986438 -0.021441 0.162730
vn 0.979651 -0.102626 0.172488
vn 0.003177 -0.999995 0.000619
vn 0.002997 -0.999995 0.001124
vn 0.001369 -0.999998 0.001324
vn 0.004328 -0.999991 0.000243
vn 0.003304 -0.999995 0.000099
vn 0.004300 -0.999991 -0.000144
vn 0.000372 -0.999998 0.001877
vn -0.000509 -0.999997 0.002322
vn -0.000568 -0.999995 0.003208
vn 0.001911 -0.999998 0.000704
vn 0.002382 -0.999997 0.000020
vn 0.000048 -0.999995 0.003013
vn 0.000038 -0.999993 0.003685
vn 0.000265 -0.999998 0.002005
vn 0.000190 -0.999994 0.003519
vn 0.003286 -0.999995 -0.000364
vn 0.003240 -0.999994 -0.000977
vn 0.004085 -0.999991 -0.001235
vn 0.002664 -0.999996 -0.000730
vn 0.001277 -0.999999 0.000890
vn 0.001824 -0.999998 -0.000374
vn 0.759823 0.639152 0.118968
vn 0.954756 0.256926 0.149768
vn 0.002020 -0.999997 -0.001504
vn 0.002740 -0.999995 -0.001593
vn 0.000634 -0.999998 0.001714
vn 0.000987 -1.000000 -0.000046
vn 0.000325 -1.000000 0.000122
vn 0.000394 -0.999999 -0.001206
vn 0.001190 -0.999998 -0.001331
vn -0.019701 0.999588 -0.020888
vn -0.004880 0.999524 -0.030481
vn 0.302597 0.951945 0.047277
vn 0.009984 0.999950 -0.000110
vn -0.020572 0.999736 -0.010202
vn 0.001331 -0.999995 -0.002955
vn 0.000408 -0.999997 -0.002224
vn 0.726200 0.646413 0.234060
vn 0.945836 0.079680 0.314715
vn -0.003491 0.999952 -0.009143
vn -0.000647 0.999822 -0.018870
vn 0.001885 0.999631 -0.027114
vn 0.283266 0.954966 0.088325
vn 0.013997 0.999901 0.001488
vn 0.984585 0.077708 0.156699
vn 0.986976 0.019664 0.159663
vn 0.001752 -0.999976 0.006724
vn 0.002474 -0.999975 0.006640
vn 0.003008 -0.999967 0.007623
vn 0.001132 -0.999976 0.006799
vn 0.001950 -0.999970 0.007525
vn 0.002343 -0.999979 0.006044
vn 0.001155 -0.999979 0.006297
vn 0.010446 -0.999910 0.008438
vn 0.005483 -0.999962 0.006718
vn 0.005103 -0.999975 0.004942
vn 0.006948 -0.999958 0.005910
vn 0.006475 -0.999961 0.006025
vn 0.004814 -0.999974 0.005329
vn 0.004330 -0.999974 0.005825
vn 0.004368 -0.999960 0.007789
vn 0.003948 -0.999972 0.006441
vn 0.003832 -0.999969 0.006837
vn 0.003352 -0.999972 0.006720
vn 0.004620 -0.999956 0.008125
vn 0.345157 0.873264 0.343913
vn 0.037319 -0.998746 0.033377
vn 0.012355 -0.999752 0.018559
vn 0.007233 -0.999909 0.011355
vn 0.014136 -0.999696 0.020187
vn 0.031159 -0.998720 0.039848
vn 0.009095 -0.999913 0.009512
vn 0.015703 -0.999774 0.014332
vn 0.004565 -0.999960 0.007751
vn 0.007126 -0.999913 0.011070
vn 0.406209 0.883979 0.231461
vn 0.429644 -0.870425 0.240346
vn 0.835955 -0.277320 0.473575
vn 0.691672 0.606969 0.391381
vn 0.146224 -0.986089 0.079034
vn 0.018142 -0.999744 0.013524
vn 0.042459 -0.998818 0.023672
vn 0.037509 -0.998903 0.028016
vn 0.010499 -0.999920 0.007086
vn 0.020065 -0.999739 0.010947
vn 0.010556 -0.999912 0.007993
vn 0.018965 -0.999739 0.012760
vn 0.875416 -0.301871 0.377519
vn 0.438797 -0.877736 0.192450
vn 0.749632 0.578111 0.322241
vn 0.149254 -0.986538 0.066836
vn 0.388529 -0.848900 0.358349
vn 0.720566 -0.149295 0.677123
vn 0.543531 0.653131 0.527252
vn 0.123655 -0.985947 0.112330
vn 0.784034 -0.223131 0.579226
vn 0.371874 0.884233 0.282565
vn 0.619114 0.629794 0.469103
vn 0.411422 -0.861849 0.296561
vn 0.133016 -0.986489 0.095636
vn 0.000413 -0.999980 0.006380
vn 0.048186 -0.998579 0.022780
vn 0.007483 -0.999959 0.005026
vn 0.036051 -0.999090 0.022807
vn 0.195477 -0.975873 0.097267
vn 0.010267 -0.999933 0.005262
vn 0.849239 -0.289341 0.441674
vn 0.710718 -0.601309 0.365115
vn 0.456695 -0.858902 0.231768
vn 0.898813 -0.303845 0.315932
vn 0.752932 -0.599960 0.270447
vn 0.217550 -0.972785 0.079763
vn 0.497154 -0.848477 0.181449
vn 0.887726 -0.012426 0.460204
vn 0.883203 -0.084922 0.461238
vn 0.947353 -0.013288 0.319914
vn 0.948049 0.022565 0.317322
vn 0.941530 -0.095764 0.323033
vn 0.642498 -0.604514 0.470913
vn 0.773104 -0.282102 0.568091
vn 0.354740 -0.863352 0.358862
vn 0.405765 -0.864850 0.295616
vn 0.170162 -0.978016 0.120542
vn 0.805633 -0.017389 0.592159
vn 0.802877 -0.084602 0.590111
vn 0.888119 0.079289 0.452723
vn 0.686515 0.641294 0.342693
vn 0.864847 0.247488 0.436795
vn 0.889404 0.021456 0.456618
vn 0.917500 0.258648 0.302151
vn 0.007438 0.999945 0.007450
vn -0.009271 0.999933 0.006905
vn -0.017557 0.999846 0.000103
vn -0.011125 0.999797 0.016771
vn 0.258698 0.957391 0.128370
vn 0.786195 0.237096 0.570687
vn 0.805587 0.017291 0.592225
vn 0.805007 0.069976 0.589124
vn 0.619844 0.644087 0.448269
vn 0.225479 0.960558 0.162752
vn -0.015727 0.999850 -0.007207
vn 0.000590 1.000000 0.000707
vn 0.001366 -0.999938 0.011072
vn 0.000369 -0.999968 0.008062
vn 0.001085 -0.999970 0.007714
vn 0.000207 -0.999933 0.011584
vn 0.002971 -0.999936 0.010901
vn 0.006627 -0.999759 0.020944
vn 0.003418 -0.999812 0.019089
vn 0.037710 0.919798 0.390575
vn 0.051090 -0.828362 0.557859
vn 0.068706 0.647252 0.759174
vn 0.088400 -0.157787 0.983508
vn 0.000590 -0.999839 0.017946
vn 0.014034 -0.987039 0.159863
vn 0.001947 -0.999311 0.037069
vn 0.129738 -0.831476 0.540200
vn 0.180591 0.653716 0.734875
vn 0.223587 -0.165726 0.960492
vn 0.159699 0.916207 0.367506
vn 0.175325 -0.832233 0.525974
vn 0.325107 -0.150522 0.933621
vn 0.263933 0.669780 0.694071
vn 0.106400 0.919586 0.378207
vn 0.018565 -0.998494 0.051616
vn 0.058019 -0.983444 0.171671
vn 0.012293 -0.999049 0.041826
vn 0.045917 -0.984992 0.166380
vn 0.002872 -0.999978 0.005926
vn 0.004095 -0.999978 0.005143
vn 0.003794 -0.999977 0.005541
vn 0.258889 0.881752 0.394323
vn 0.028861 -0.998489 0.046770
vn 0.088960 -0.984647 0.150189
vn 0.008058 -0.999743 0.021207
vn 0.020888 -0.998378 0.052971
vn 0.006603 -0.999925 0.010336
vn 0.004184 -0.999935 0.010596
vn 0.012790 -0.999731 0.019346
vn 0.435567 0.680985 0.588677
vn 0.345039 -0.815058 0.465434
vn 0.295211 0.864500 0.406804
vn 0.596314 -0.041618 0.801671
vn 0.100170 -0.985357 0.137979
vn 0.323256 0.864576 0.384726
vn 0.371320 -0.828711 0.418761
vn 0.480662 0.670807 0.564785
vn 0.654218 -0.081507 0.751902
vn 0.113129 -0.985392 0.127297
vn 0.030299 -0.998610 0.043117
vn 0.300558 -0.817756 0.490856
vn 0.537118 -0.054435 0.841749
vn 0.400001 0.691427 0.601604
vn 0.212564 0.904519 0.369679
vn 0.236160 -0.828440 0.507854
vn 0.343693 0.689416 0.637637
vn 0.441471 -0.105700 0.891028
vn 0.070281 -0.984056 0.163385
vn 0.689548 0.008020 0.724196
vn 0.580004 0.011916 0.814527
vn 0.575333 0.007443 0.817886
vn 0.441713 0.003242 0.897151
vn 0.441156 0.006814 0.897405
vn 0.312867 0.003456 0.949791
vn 0.309762 0.010195 0.950759
vn 0.126299 -0.008718 0.991954
vn 0.324769 -0.002554 0.945790
vn 0.117361 0.012432 0.993012
vn -0.000333 -0.999983 0.005744
vn 0.003026 -0.999807 0.019405
vn 0.001222 -0.999948 0.010108
vn 0.000652 -0.999996 0.002712
vn 0.006761 -0.999887 0.013436
vn 0.006408 -0.999814 0.018173
vn 0.003000 -0.999960 0.008466
vn 0.001709 -0.999997 0.001908
vn 0.096437 -0.639141 0.763020
vn 0.118281 -0.337768 0.933768
vn 0.059972 -0.879316 0.472448
vn -0.000874 -0.999942 0.010775
vn 0.061796 -0.985035 0.160897
vn 0.019316 -0.986434 0.163018
vn 0.123961 -0.027747 0.991899
vn 0.124913 -0.119571 0.984936
vn 0.093225 -0.981681 0.166169
vn 0.004373 -0.999958 0.008088
vn 0.016292 -0.999589 0.023572
vn 0.575842 -0.308712 0.757035
vn 0.124324 -0.979233 0.160147
vn 0.478826 -0.613636 0.627835
vn 0.024626 -0.999233 0.030455
vn 0.301950 -0.868149 0.393883
vn 0.869889 0.008064 0.493182
vn 0.787091 0.008724 0.616776
vn 0.779750 0.007545 0.626046
vn 0.972539 0.000911 0.232739
vn 0.971874 0.000508 0.235501
vn 0.928875 0.004558 0.370365
vn 0.929229 0.005745 0.369460
vn 0.931480 -0.001211 0.363791
vn 0.600754 -0.010006 0.799371
vn 0.598147 0.015708 0.801233
vn 0.600595 -0.098144 0.793507
vn 0.309734 -0.329537 0.891891
vn 0.367674 -0.627569 0.686274
vn 0.445869 -0.318703 0.836439
vn 0.254091 -0.640409 0.724785
vn 0.230671 -0.873697 0.428305
vn 0.160666 -0.880032 0.446911
vn 0.325609 -0.025086 0.945172
vn 0.325028 -0.110667 0.939207
vn 0.465959 -0.017408 0.884635
vn 0.464873 0.014727 0.885255
vn 0.464893 -0.102758 0.879384
vn 0.560372 -0.604711 0.565958
vn 0.675902 -0.291463 0.676909
vn 0.707345 -0.013079 0.706747
vn 0.706219 -0.089977 0.702253
vn 0.005590 -0.999977 0.003855
vn 0.004928 -0.999983 0.003270
vn 0.004745 -0.999982 0.003798
vn 0.005956 -0.999977 0.003270
vn 0.005070 -0.999984 0.002665
vn 0.004103 -0.999988 0.002702
vn -0.025060 0.999304 -0.027631
vn -0.019443 0.999787 -0.006949
vn -0.025290 0.999673 0.003720
vn -0.038343 0.999003 -0.022847
vn 0.079033 0.690542 0.718962
vn 0.116856 0.097543 0.988347
vn 0.225794 0.685245 0.692428
vn 0.301904 0.292807 0.907258
vn 0.109468 0.294874 0.949245
vn 0.016846 0.970752 0.239494
vn -0.016388 0.999840 0.007233
vn 0.069846 0.967620 0.242554
vn -0.015534 0.999868 -0.004734
vn 0.996334 -0.003849 0.085463
vn 0.997310 -0.002169 -0.073271
vn 0.996828 -0.004943 -0.079434
vn 0.968921 -0.003340 -0.247346
vn 0.919225 -0.001493 -0.393730
vn 0.856052 0.003618 -0.516877
vn 0.765639 0.003165 -0.643262
vn 0.849887 0.012041 -0.526827
vn 0.441647 0.647075 0.621484
vn 0.564901 0.272754 0.778776
vn 0.592857 0.071914 0.802090
vn -0.002015 0.999887 0.014870
vn 0.130103 0.956401 0.261480
vn -0.018730 0.999588 -0.021752
vn -0.008663 0.999962 0.001220
vn 0.178955 0.950267 0.254888
vn 0.199063 0.955691 0.216862
vn -0.004745 0.999946 -0.009295
vn 0.008399 0.999886 0.012559
vn 0.323088 0.015366 0.946244
vn 0.318231 0.090220 0.943710
vn 0.440296 0.285258 0.851333
vn 0.344258 0.660507 0.667246
vn 0.459929 0.081312 0.884225
vn 0.525801 0.643207 0.556613
vn 0.675666 0.244838 0.695363
vn 0.704457 0.016313 0.709559
vn 0.701344 0.064743 0.709877
vn 0.006103 -0.999980 0.001767
vn 0.005212 -0.999985 0.001911
vn 0.006298 -0.999980 0.000964
vn 0.005379 -0.999985 0.001304
vn 0.004315 -0.999990 0.001540
vn 0.005423 -0.999985 0.000684
vn 0.764398 0.010086 -0.644665
vn 0.643996 0.014188 -0.764897
vn 0.645975 -0.002515 -0.763355
vn 0.511743 -0.001591 -0.859137
vn 0.505036 -0.001374 -0.863097
vn 0.371905 0.012142 -0.928191
vn 0.506571 0.008279 -0.862159
vn 0.374493 0.003788 -0.927222
vn 0.156164 0.007228 -0.987705
vn 0.154380 0.010256 -0.987958
vn 0.644407 0.009269 -0.764627
vn 0.641466 -0.011055 -0.767072
vn 0.524564 0.012149 -0.851285
vn 0.528826 0.013087 -0.848629
vn 0.520161 -0.012748 -0.853973
vn 0.383633 -0.006230 -0.923465
vn 0.388517 0.009313 -0.921395
vn 0.157505 -0.003480 -0.987512
vn 0.157065 0.006624 -0.987566
vn 0.674284 0.003512 -0.738464
vn 0.660584 0.005788 -0.750730
vn 0.537780 0.001577 -0.843084
vn 0.388479 0.012877 -0.921368
vn 0.392541 0.001505 -0.919733
vn 0.682798 0.002847 -0.730602
vn 0.545945 -0.004012 -0.837812
vn 0.397120 -0.010612 -0.917706
vn 0.158766 0.011187 -0.987253
vn 0.162402 0.000197 -0.986725
vn 0.162284 -0.019817 -0.986545
vn 0.696862 -0.027074 -0.716694
vn 0.577314 -0.043417 -0.815367
vn 0.557777 -0.025641 -0.829595
vn 0.397060 -0.031505 -0.917252
vn 0.715862 -0.046598 -0.696685
vn 0.598364 -0.027389 -0.800756
vn 0.439743 0.120779 -0.889965
vn 0.430870 -0.016470 -0.902264
vn 0.406970 -0.034078 -0.912805
vn 0.159518 -0.025058 -0.986877
vn 0.173489 -0.001914 -0.984834
vn 0.156772 -0.045675 -0.986578
vn 0.513168 0.555185 -0.654544
vn 0.606198 0.137683 -0.783306
vn 0.373501 0.523096 -0.766073
vn 0.250050 0.800485 -0.544701
vn 0.181198 0.110086 -0.977266
vn 0.155065 0.495072 -0.854903
vn 0.102803 0.782487 -0.614122
vn 0.192293 0.859454 -0.473668
vn 0.077161 0.851616 -0.518457
vn 0.121039 0.016973 0.992503
vn 0.004220 -0.999991 -0.000593
vn 0.003927 -0.999991 -0.001871
vn 0.003234 -0.999993 -0.001680
vn 0.002714 -0.999994 -0.002327
vn 0.003157 -0.999991 -0.002857
vn 0.003205 -0.999992 -0.002336
vn 0.001290 -0.999997 -0.002212
vn 0.002119 -0.999995 -0.002277
vn 0.002179 -0.999993 -0.002956
vn 0.002730 -0.999990 -0.003540
vn 0.002688 -0.999992 -0.002903
vn 0.000428 -0.999993 -0.003775
vn 0.001349 -0.999992 -0.003715
vn 0.000408 -0.999996 -0.002929
vn 0.471086 -0.856149 -0.212338
vn 0.820194 0.432016 -0.375024
vn 0.477674 0.848816 -0.226579
vn 0.852386 -0.353539 -0.385289
vn 0.466716 -0.869790 -0.160130
vn 0.506208 0.843496 -0.179634
vn 0.881761 -0.363368 -0.300768
vn 0.853461 0.432378 -0.290954
vn 0.028391 -0.999469 -0.016007
vn 0.056325 -0.998157 -0.022580
vn 0.168194 -0.982996 -0.073689
vn 0.057851 -0.997701 -0.035301
vn 0.170881 -0.980003 -0.101951
vn 0.005940 -0.999982 -0.000795
vn 0.007721 -0.999968 -0.002104
vn 0.013610 -0.999895 -0.004989
vn 0.024736 -0.999651 -0.009303
vn 0.013503 -0.999892 -0.005785
vn 0.024857 -0.999606 -0.013042
vn 0.024392 -0.999677 -0.007181
vn 0.172915 -0.976160 -0.131193
vn 0.442754 0.828967 -0.341735
vn 0.437416 -0.830180 -0.345643
vn 0.714566 0.414226 -0.563749
vn 0.742029 -0.316954 -0.590705
vn 0.786299 -0.323502 -0.526384
vn 0.751908 0.430445 -0.499351
vn 0.068462 -0.996515 -0.047659
vn 0.066148 -0.996830 -0.044199
vn 0.173910 -0.977651 -0.118128
vn 0.463511 0.844001 -0.269852
vn 0.465808 -0.843791 -0.266534
vn 0.780742 0.436353 -0.447256
vn 0.818872 -0.337506 -0.464262
vn 0.463821 0.834240 -0.298185
vn 0.454826 -0.836706 -0.305052
vn 0.005926 -0.999981 -0.001536
vn 0.005879 -0.999981 -0.002017
vn 0.004973 -0.999986 -0.001551
vn 0.004788 -0.999986 -0.002154
vn 0.005047 -0.999987 -0.000954
vn 0.008424 -0.999960 -0.003044
vn 0.007501 -0.999957 -0.005379
vn 0.009884 -0.999917 -0.008281
vn 0.009164 -0.999911 -0.009685
vn 0.025657 -0.999445 -0.021241
vn 0.062878 -0.996549 -0.054193
vn 0.004601 -0.999986 -0.002730
vn 0.005681 -0.999980 -0.002706
vn 0.005582 -0.999979 -0.003414
vn 0.007256 -0.999961 -0.005112
vn 0.009629 -0.999925 -0.007523
vn 0.011634 -0.999913 -0.006270
vn 0.008309 -0.999961 -0.002950
vn 0.013562 -0.999893 -0.005477
vn 0.007333 -0.999965 -0.004020
vn 0.029160 -0.999409 -0.018199
vn 0.003157 -0.999989 -0.003460
vn 0.004299 -0.999986 -0.003170
vn 0.003520 -0.999982 -0.004891
vn 0.003926 -0.999982 -0.004627
vn 0.006655 -0.999960 -0.006026
vn 0.003800 -0.999990 -0.002424
vn 0.003670 -0.999989 -0.002802
vn 0.003605 -0.999988 -0.003294
vn 0.005648 -0.999977 -0.003626
vn 0.004512 -0.999985 -0.002985
vn 0.005055 -0.999980 -0.003934
vn 0.287004 0.914261 -0.285930
vn 0.710499 0.050895 -0.701855
vn 0.698938 0.206515 -0.684717
vn 0.589538 0.562384 -0.579801
vn 0.238809 0.916953 -0.319636
vn -0.016237 0.999618 0.022355
vn 0.027760 0.998884 -0.038201
vn -0.034345 0.999237 0.018584
vn -0.025815 0.999271 0.028129
vn 0.585041 0.209546 -0.783465
vn 0.490954 0.573651 -0.655659
vn 0.016159 0.999356 -0.032036
vn 0.184082 0.922037 -0.340530
vn 0.595018 0.043774 -0.802520
vn 0.451377 0.034063 -0.891683
vn 0.383151 0.574008 -0.723678
vn 0.450763 0.197617 -0.870494
vn -0.042391 0.998144 0.043714
vn -0.053639 0.998474 0.013141
vn -0.038715 0.999201 0.009958
vn -0.017945 0.999248 0.034365
vn 0.004579 0.999847 -0.016873
vn 0.117333 0.925997 -0.358836
vn -0.027179 0.998238 0.052754
vn -0.003899 0.999625 -0.027117
vn 0.034170 0.913040 -0.406435
vn -0.013843 0.997274 0.072476
vn -0.010665 0.997557 0.069034
vn 0.303570 -0.003555 -0.952803
vn 0.303792 0.029614 -0.952278
vn 0.251561 0.568430 -0.783329
vn 0.298319 0.187025 -0.935963
vn 0.711378 -0.077511 -0.698522
vn 0.709046 -0.008461 -0.705111
vn 0.707946 0.007530 -0.706227
vn 0.352127 -0.869099 -0.347380
vn 0.628188 -0.625935 -0.462152
vn 0.555324 -0.628995 -0.544041
vn 0.682097 -0.304284 -0.664948
vn 0.767007 -0.305052 -0.564485
vn 0.590917 0.000459 -0.806733
vn 0.298091 -0.865983 -0.401517
vn 0.462663 -0.637663 -0.615897
vn 0.568039 -0.318109 -0.759038
vn 0.027794 -0.999208 -0.028473
vn 0.126758 -0.976813 -0.172539
vn 0.145882 -0.978585 -0.145224
vn 0.023497 -0.998477 -0.049914
vn 0.002326 -0.999980 -0.005964
vn 0.113257 -0.971203 -0.209611
vn 0.007011 -0.999930 -0.009546
vn 0.004895 -0.999969 -0.006206
vn 0.005095 -0.999935 -0.010208
vn 0.003368 -0.999971 -0.006867
vn 0.005443 -0.999972 -0.005132
vn 0.592201 -0.072542 -0.802519
vn 0.592442 0.007903 -0.805574
vn 0.442385 -0.079464 -0.893298
vn 0.440316 -0.013986 -0.897734
vn 0.445599 0.002293 -0.895230
vn 0.377075 -0.639063 -0.670383
vn 0.335710 -0.645415 -0.686104
vn 0.367298 -0.318517 -0.873864
vn 0.442960 -0.320025 -0.837479
vn 0.233065 -0.851952 -0.468891
vn 0.253012 -0.857481 -0.448007
vn 0.001884 -0.999955 -0.009356
vn 0.002126 -0.999972 -0.007212
vn 0.002119 -0.999954 -0.009384
vn 0.000474 -0.999972 -0.007450
vn 0.000635 -0.999976 -0.006965
vn 0.002305 -0.999573 -0.029142
vn 0.051006 -0.967718 -0.246822
vn 0.089809 -0.857669 -0.506298
vn 0.161431 -0.853556 -0.495361
vn 0.131149 -0.637104 -0.759539
vn 0.232996 -0.657105 -0.716886
vn 0.279505 -0.393920 -0.875616
vn 0.006634 -0.998483 -0.054657
vn 0.023846 -0.996848 -0.075662
vn 0.109469 -0.965543 -0.236101
vn 0.094945 -0.950950 -0.294415
vn 0.021394 -0.974214 -0.224611
vn 0.039474 -0.860485 -0.507945
vn 0.001027 -0.999928 -0.011990
vn 0.385910 0.833946 -0.394471
vn 0.655985 0.413753 -0.631262
vn 0.690278 -0.313682 -0.652013
vn 0.130322 -0.978843 -0.157742
vn 0.105126 -0.981539 -0.159782
vn 0.345285 -0.832964 -0.432376
vn 0.319018 0.852240 -0.414625
vn 0.272757 0.853649 -0.443720
vn 0.291370 -0.842635 -0.452846
vn 0.509449 -0.322186 -0.797909
vn 0.584425 -0.313170 -0.748580
vn 0.548746 0.440208 -0.710701
vn 0.022487 -0.999536 -0.020565
vn 0.057737 -0.996766 -0.055889
vn 0.017873 -0.999606 -0.021651
vn 0.046679 -0.997308 -0.056553
vn 0.165544 -0.974606 -0.150791
vn 0.154354 -0.975422 -0.157248
vn 0.414780 -0.823082 -0.387936
vn 0.389453 -0.824183 -0.411156
vn 0.605775 0.430848 -0.668885
vn 0.349120 0.845662 -0.403697
vn 0.224032 0.935465 -0.273338
vn 0.645771 -0.311264 -0.697205
vn 0.011595 -0.999757 -0.018731
vn 0.029958 -0.998167 -0.052578
vn 0.014942 -0.999665 -0.021111
vn 0.037686 -0.997809 -0.054373
vn 0.005013 -0.999963 -0.006942
vn 0.007413 -0.999913 -0.010906
vn 0.477071 0.446676 -0.756891
vn 0.366594 -0.341093 -0.865601
vn 0.340814 0.468140 -0.815286
vn 0.086857 -0.983428 -0.159137
vn 0.202762 -0.862028 -0.464538
vn 0.195387 0.859286 -0.472707
vn 0.245792 -0.852346 -0.461621
vn 0.236575 0.855575 -0.460461
vn 0.411133 0.457717 -0.788331
vn 0.439080 -0.334591 -0.833821
vn 0.003606 -0.999947 -0.009617
vn 0.005294 -0.999939 -0.009724
vn 0.008568 -0.999785 -0.018893
vn 0.002269 -0.999987 -0.004533
vn 0.002179 -0.999991 -0.003612
vn 0.002711 -0.999975 -0.006513
vn 0.003158 -0.999984 -0.004659
vn 0.004001 -0.999970 -0.006578
vn 0.004446 -0.999966 -0.006944
vn 0.006522 -0.999926 -0.010318
vn 0.000084 -0.999971 -0.007653
vn -0.000632 -0.999905 -0.013798
vn 0.000733 -0.999938 -0.011071
vn 0.001318 -0.999751 -0.022275
vn 0.000361 -0.999987 -0.005094
vn 0.001275 -0.999988 -0.004764
vn 0.001176 -0.999976 -0.006861
vn 0.161739 0.857366 -0.488635
vn 0.100030 -0.875332 -0.473063
vn 0.146428 0.846085 -0.512541
vn 0.202325 0.443438 -0.873171
vn 0.195329 -0.355802 -0.913921
vn 0.145080 -0.869228 -0.472647
vn 0.275913 -0.346165 -0.896684
vn 0.263841 0.469285 -0.842709
vn 0.006158 -0.999779 -0.020127
vn 0.043574 -0.989199 -0.139951
vn 0.021744 -0.998553 -0.049179
vn 0.013911 -0.998884 -0.045130
vn 0.067531 -0.986730 -0.147663
vn -0.000772 -0.999724 -0.023502
vn 0.000078 -0.999061 -0.043324
vn 0.008890 -0.992172 -0.124561
vn 0.026724 -0.990633 -0.133912
vn 0.043249 -0.880210 -0.472610
vn 0.067149 0.836009 -0.544591
vn 0.085228 -0.357881 -0.929870
vn 0.089703 0.411293 -0.907078
vn 0.005367 -0.999069 -0.042795
vn 0.114420 0.003539 -0.993426
vn 0.109308 0.046825 -0.992904
vn 0.081905 0.545951 -0.833804
vn 0.100967 0.192001 -0.976187
vn 0.297560 -0.086338 -0.950791
vn 0.300896 -0.030233 -0.953178
vn 0.116371 -0.023720 -0.992922
vn 0.202895 -0.301136 -0.931746
vn 0.111733 -0.072849 -0.991064
vn 0.059456 -0.610269 -0.789960
vn 0.088919 -0.273581 -0.957730
vn 0.213422 0.924985 0.314409
vn 0.238235 0.910445 0.338134
vn 0.270325 0.908064 0.319913
vn 0.382548 0.597871 0.704420
vn 0.459396 0.321277 0.828092
vn 0.211724 0.895308 0.391915
vn 0.154439 0.938014 0.310287
vn 0.252932 0.888947 0.381837
vn 0.179389 0.931170 0.317401
vn 0.170367 0.933048 0.316854
vn 0.202908 0.919956 0.335425
vn 0.087693 0.950288 0.298767
vn 0.131354 0.944168 0.302147
vn 0.033696 0.946232 0.321729
vn 0.031626 0.952064 0.304258
vn 0.324089 0.601844 0.729897
vn 0.256369 0.612624 0.747641
vn 0.182816 0.902088 0.390917
vn 0.224907 0.689771 0.688210
vn 0.268667 0.490806 0.828811
vn 0.293739 0.322453 0.899856
vn 0.182292 0.499668 0.846819
vn 0.291724 0.686338 0.666211
vn 0.379985 0.313851 0.870120
vn 0.349927 0.490415 0.798151
vn 0.180276 0.618844 0.764548
vn 0.089566 0.945535 0.312956
vn 0.110452 0.905387 0.409969
vn 0.150911 0.904965 0.397825
vn 0.124797 0.943455 0.307112
vn 0.054471 0.692418 0.719437
vn 0.148714 0.692772 0.705657
vn 0.067444 0.624677 0.777966
vn 0.040430 0.908071 0.416861
vn 0.203023 0.336803 0.919427
vn 0.065984 0.507873 0.858901
vn 0.075857 0.349170 0.933984
vn -0.009254 0.999597 -0.026828
vn -0.007700 0.999772 -0.019895
vn 0.005948 0.999976 0.003651
vn -0.028017 0.999304 -0.024633
vn -0.011849 0.999657 -0.023353
vn -0.021395 0.999172 -0.034617
vn -0.010115 0.999684 -0.023034
vn -0.014317 0.999765 0.016286
vn -0.036812 0.999065 0.022655
vn -0.024770 0.999679 0.005264
vn -0.030323 0.999145 0.028108
vn -0.019099 0.999423 0.028074
vn -0.031118 0.999516 -0.000444
vn -0.017908 0.999806 -0.008183
vn -0.048406 0.998222 -0.034767
vn -0.040079 0.998663 -0.032657
vn -0.048427 0.997778 -0.045754
vn -0.033766 0.998526 -0.042500
vn -0.024558 0.999094 -0.034756
vn -0.027082 0.998466 -0.048295
vn -0.035380 0.999068 0.024714
vn -0.038816 0.999053 0.019640
vn -0.043132 0.999066 -0.002775
vn -0.040155 0.999186 -0.003896
vn -0.015873 0.999388 0.031168
vn -0.020431 0.999791 -0.000424
vn 0.011495 -0.999872 0.011093
vn 0.007083 -0.999954 0.006533
vn 0.005194 -0.999979 0.003753
vn 0.002670 -0.999991 0.003260
vn 0.028277 -0.999201 0.028242
vn 0.146802 -0.977891 0.148924
vn 0.045867 -0.996998 0.062378
vn 0.010037 -0.999856 0.013724
vn 0.005461 -0.999955 0.007801
vn 0.008327 -0.999836 0.016087
vn 0.481584 -0.807751 0.340022
vn 0.250912 -0.951902 0.175858
vn 0.013667 -0.999878 0.007627
vn 0.007163 -0.999965 0.004210
vn 0.057744 -0.997867 0.030460
vn 0.007568 -0.999956 0.005557
vn 0.057104 -0.997588 0.039477
vn 0.052871 -0.997233 0.052266
vn 0.012673 -0.999882 0.008715
vn 0.382798 -0.883484 0.270039
vn 0.354279 -0.798964 0.485945
vn 0.198708 -0.941610 0.271818
vn 0.424360 -0.804371 0.415820
vn 0.228691 -0.946986 0.225648
vn 0.273565 -0.799638 0.534547
vn 0.159341 -0.938014 0.307800
vn 0.180324 -0.801716 0.569855
vn 0.107863 -0.936290 0.334256
vn 0.027566 -0.996243 0.082100
vn 0.038048 -0.996650 0.072395
vn 0.072547 -0.807065 0.585989
vn 0.042955 -0.941089 0.335420
vn 0.010948 -0.996635 0.081232
vn -0.009231 -0.999934 -0.006815
vn -0.010169 -0.999884 -0.011383
vn 0.060801 -0.996761 0.052630
vn 0.327348 -0.890948 0.314731
vn 0.038335 -0.997924 0.051761
vn 0.257728 -0.899484 0.352852
vn 0.012798 -0.999034 0.042044
vn 0.189284 -0.909787 0.369403
vn -0.000911 -0.998703 0.050902
vn 0.119276 -0.917277 0.379969
vn 0.042772 -0.917342 0.395796
vn 0.001226 -0.999998 0.001604
vn 0.001987 -0.999995 0.002672
vn 0.002663 -0.999991 0.003259
vn 0.004257 -0.999972 0.006200
vn 0.004786 -0.999968 0.006469
vn -0.009670 -0.999869 -0.012986
vn -0.004905 -0.999927 -0.011072
vn 0.025086 -0.998597 0.046644
vn 0.002996 -0.999921 0.012227
vn 0.001238 -0.999985 0.005254
vn 0.002175 -0.999992 0.003508
vn 0.001062 -0.999997 0.002276
vn 0.000944 -0.999997 0.002489
vn 0.002217 -0.999982 0.005563
vn -0.002391 -0.999996 -0.001190
vn -0.002510 -0.999969 -0.007449
vn 0.292796 0.904843 0.309078
vn 0.035704 0.908637 0.416059
vn 0.093575 0.906278 0.412194
vn 0.091590 0.985704 0.141418
vn 0.076137 0.985683 0.150442
vn 0.098613 0.983159 0.153864
vn 0.125404 0.983463 0.130671
vn 0.111346 0.983146 0.145006
vn 0.260749 0.902051 0.343967
vn 0.079340 0.983514 0.162500
vn 0.185942 0.900271 0.393621
vn 0.140932 0.902923 0.406039
vn 0.226442 0.900277 0.371787
vn 0.021942 0.962657 0.269834
vn 0.058875 0.962246 0.265738
vn 0.013418 0.984150 0.176829
vn 0.087973 0.962274 0.257466
vn 0.036412 0.984722 0.170286
vn 0.054949 0.985300 0.161752
vn 0.011755 0.986884 0.161004
vn 0.037152 0.985992 0.162605
vn 0.058513 0.984503 0.165319
vn 0.329836 0.911236 0.246695
vn 0.318742 0.916444 0.241936
vn 0.446421 0.872372 0.199188
vn 0.629227 0.680617 0.375278
vn 0.780587 0.426973 0.456485
vn 0.391824 0.902020 0.181200
vn 0.370002 0.912937 0.172178
vn 0.420338 0.886109 0.195260
vn 0.400606 0.883559 0.242568
vn 0.348094 0.913646 0.209956
vn 0.372652 0.882563 0.286729
vn 0.365459 0.905651 0.215025
vn 0.671892 0.381361 0.634921
vn 0.506943 0.618129 0.600771
vn 0.550362 0.640269 0.535871
vn 0.281059 0.918833 0.277040
vn 0.332578 0.882970 0.331293
vn 0.540931 0.678060 0.497623
vn 0.637087 0.495586 0.590351
vn 0.570248 0.495185 0.655446
vn 0.609579 0.356619 0.707981
vn 0.297458 0.885104 0.357925
vn 0.250393 0.921086 0.298167
vn 0.295076 0.910391 0.290030
vn 0.484998 0.676929 0.553664
vn 0.533654 0.338773 0.774885
vn 0.445498 0.604286 0.660583
vn 0.358181 0.677150 0.642786
vn 0.426968 0.492245 0.758547
vn 0.497053 0.494420 0.713083
vn 0.492421 0.759154 0.425684
vn 0.498103 0.789556 0.358462
vn 0.406218 0.861823 0.303723
vn 0.379883 0.862267 0.334939
vn 0.453443 0.797552 0.397870
vn 0.639892 0.260288 0.723041
vn 0.448698 0.754188 0.479447
vn 0.400047 0.809720 0.429321
vn 0.342836 0.864747 0.366983
vn 0.544656 0.589006 0.597010
vn 0.340776 0.817272 0.464691
vn 0.292793 0.867266 0.402645
vn 0.751159 0.498810 0.432375
vn 0.639487 0.676901 0.364501
vn 0.729898 0.407228 0.549012
vn 0.595004 0.662619 0.454870
vn 0.592323 0.677427 0.436172
vn 0.696467 0.498016 0.516637
vn 0.483549 0.221378 0.846860
vn 0.416096 0.525142 0.742355
vn 0.221311 0.883792 0.412229
vn 0.214050 0.747655 0.628645
vn 0.237042 0.817799 0.524420
vn 0.187361 0.809916 0.555816
vn 0.198865 0.870329 0.450533
vn 0.055158 0.750033 0.659097
vn 0.045450 0.797498 0.601607
vn 0.142403 0.751093 0.644656
vn 0.127835 0.802774 0.582419
vn 0.279633 0.745543 0.604955
vn 0.394751 0.751420 0.528716
vn 0.337900 0.747919 0.571350
vn -0.002198 0.999637 -0.026858
vn -0.017804 0.999622 0.020969
vn -0.012137 0.999645 0.023727
vn -0.033210 0.999328 -0.015530
vn -0.038913 0.999156 0.013169
vn -0.029857 0.999442 0.015003
vn -0.005190 0.999782 -0.020240
vn 0.008856 0.999518 -0.029759
vn -0.017678 0.999620 -0.021135
vn -0.028530 0.999505 -0.013240
vn -0.031426 0.999445 -0.011038
vn -0.026675 0.999411 0.021606
vn -0.035977 0.999236 0.015257
vn -0.006939 0.999975 0.001260
vn -0.011261 0.999546 0.027953
vn -0.016191 0.999850 0.006199
vn -0.013936 0.999863 -0.008960
vn -0.029117 0.999514 -0.011145
vn -0.018839 0.999811 -0.004894
vn -0.003474 0.999976 -0.006048
vn 0.459116 -0.877421 0.139091
vn 0.559993 -0.810217 0.173080
vn 0.061808 -0.997888 0.019993
vn 0.274507 -0.957681 0.086560
vn 0.424080 -0.879822 0.214639
vn 0.526758 -0.807742 0.264724
vn 0.263698 -0.955321 0.133510
vn 0.573102 -0.814912 0.086442
vn 0.282641 -0.958303 0.042070
vn 0.001103 -0.999999 0.001135
vn 0.002945 -0.999995 0.001377
vn 0.006517 -0.999974 0.003068
vn 0.003485 -0.999993 0.001115
vn 0.006429 -0.999977 0.002204
vn -0.012171 -0.999921 -0.003164
vn -0.010443 -0.999934 -0.004733
vn 0.002035 -0.999997 0.001339
vn 0.005568 -0.999974 0.004609
vn 0.004769 -0.999972 0.005822
vn 0.083032 -0.995576 0.043984
vn 0.077709 -0.995541 0.053477
vn -0.008844 -0.999961 0.000125
vn 0.110929 -0.993827 -0.001702
vn -0.010646 -0.999942 -0.001476
vn 0.102480 -0.994656 0.012540
vn 0.474352 -0.877641 0.068823
vn 0.091180 -0.995475 0.026770
vn 0.008563 -0.999963 -0.000485
vn 0.008398 -0.999964 0.001188
vn 0.008246 -0.999961 0.003143
vn 0.002555 -0.999997 -0.000123
vn 0.002856 -0.999996 0.000460
vn 0.005172 -0.999985 0.001754
vn 0.003400 -0.999994 0.000903
vn 0.004015 -0.999992 0.000471
vn 0.003457 -0.999993 0.001547
vn 0.002855 -0.999995 0.001141
vn 0.002567 -0.999994 0.002250
vn 0.210100 -0.955492 0.207104
vn 0.021783 -0.999325 0.029573
vn 0.003823 -0.999983 0.004414
vn 0.028114 -0.999271 0.025823
vn 0.025347 -0.999360 0.025227
vn 0.004029 -0.999982 0.004363
vn 0.182966 -0.952548 0.243262
vn 0.001808 -0.999996 0.002162
vn 0.001761 -0.999997 0.001812
vn 0.001266 -0.999998 0.001370
vn 0.000943 -0.999999 0.001274
vn 0.001589 -0.999997 0.001748
vn 0.002664 -0.999994 0.002353
vn 0.002585 -0.999991 0.003292
vn 0.349005 -0.013364 0.937025
vn 0.140995 -0.014657 0.989902
vn 0.604679 -0.019382 0.796234
vn 0.483698 -0.017787 0.875054
vn 0.481418 -0.016358 0.876338
vn 0.477071 -0.049100 0.877493
vn 0.143038 -0.038371 0.988973
vn 0.345471 -0.042549 0.937464
vn 0.126489 -0.491289 0.861763
vn 0.125776 -0.940171 0.316638
vn 0.602794 -0.053879 0.796076
vn 0.513166 -0.524310 0.679529
vn 0.301965 -0.497514 0.813201
vn 0.412755 -0.512263 0.753140
vn 0.158939 -0.947168 0.278587
vn 0.023102 -0.999134 0.034614
vn 0.052921 -0.937020 0.345244
vn 0.010942 -0.998133 0.060095
vn 0.024657 -0.998545 0.047963
vn 0.005745 -0.999945 0.008819
vn 0.004391 -0.999975 0.005630
vn 0.001838 -0.999996 0.002338
vn 0.338363 0.000462 0.941016
vn 0.135193 -0.004524 0.990809
vn 0.344290 0.002356 0.938861
vn 0.599411 0.004256 0.800431
vn 0.603065 0.000467 0.797692
vn 0.472420 -0.000309 0.881373
vn 0.474024 0.003979 0.880503
vn 0.480355 -0.004732 0.877062
vn 0.349525 -0.017645 0.936761
vn 0.134182 0.002880 0.990953
vn 0.347474 -0.009308 0.937643
vn 0.133558 -0.011802 0.990971
vn 0.136802 -0.019835 0.990400
vn 0.705803 -0.001482 0.708406
vn 0.602711 -0.015921 0.797801
vn 0.599983 -0.001546 0.800011
vn 0.475745 0.003961 0.879574
vn 0.982956 -0.014503 0.183268
vn 0.942988 -0.008491 0.332719
vn 0.940913 -0.013879 0.338364
vn 0.982167 -0.018610 0.187089
vn 0.979152 -0.069258 0.190956
vn 0.824647 -0.542298 0.160841
vn 0.939126 -0.069765 0.336416
vn 0.787146 -0.549517 0.280056
vn 0.300088 -0.952203 0.057067
vn 0.280042 -0.954928 0.098434
vn 0.884042 -0.012775 0.467233
vn 0.885206 -0.000423 0.465199
vn 0.882274 -0.071151 0.465328
vn 0.811146 -0.014238 0.584671
vn 0.715251 -0.017801 0.698641
vn 0.736959 -0.550725 0.391910
vn 0.254845 -0.956723 0.140483
vn 0.809318 -0.067890 0.583434
vn 0.677204 -0.543777 0.495683
vn 0.232764 -0.956230 0.177331
vn 0.713685 -0.060363 0.697861
vn 0.602028 -0.534672 0.593033
vn 0.043377 -0.999033 0.007208
vn 0.042738 -0.998987 0.014121
vn 0.035678 -0.999108 0.022602
vn 0.006857 -0.999964 0.005102
vn 0.004705 -0.999974 0.005480
vn 0.980847 0.000446 0.194779
vn 0.944256 -0.000335 0.329212
vn 0.942175 0.000293 0.335121
vn 0.999595 -0.001076 0.028443
vn 0.999610 -0.012665 0.024894
vn 0.981570 0.001525 0.191100
vn 0.982313 -0.005254 0.187171
vn 0.981666 0.002750 0.190589
vn 0.944924 -0.007995 0.327191
vn 0.882546 -0.001763 0.470223
vn 0.887523 -0.005282 0.460734
vn 0.883070 -0.005668 0.469207
vn 0.805464 -0.008899 0.592578
vn 0.804621 0.000966 0.593788
vn 0.804159 -0.005876 0.594386
vn 0.888058 -0.004104 0.459713
vn 0.803274 -0.001401 0.595608
vn 0.806894 -0.001366 0.590695
vn 0.708779 0.000075 0.705431
vn 0.709528 -0.009557 0.704612
vn 0.713483 -0.001425 0.700671
vn 0.713924 -0.005865 0.700198
vn 0.347574 0.002545 0.937649
vn 0.137727 0.001598 0.990469
vn 0.137567 0.006846 0.990469
vn 0.702693 0.004663 0.711478
vn 0.592570 0.004314 0.805507
vn 0.596144 0.006528 0.802851
vn 0.602012 -0.005314 0.798469
vn 0.479176 0.002301 0.877716
vn 0.337014 0.000263 0.941500
vn 0.135083 -0.003375 0.990829
vn 0.608162 -0.001587 0.793811
vn 0.330900 -0.002833 0.943662
vn 0.475413 -0.008534 0.879721
vn 0.337877 -0.003288 0.941184
vn 0.341219 0.002001 0.939982
vn 0.131566 -0.001530 0.991306
vn 0.602391 0.000769 0.798201
vn 0.600957 -0.004678 0.799268
vn 0.472519 -0.003581 0.881313
vn 0.481765 -0.000597 0.876300
vn 0.479505 0.002416 0.877536
vn 0.340264 -0.000484 0.940330
vn 0.343573 -0.002970 0.939121
vn 0.134024 -0.000371 0.990978
vn 0.135261 -0.009175 0.990768
vn 0.715652 -0.000583 0.698457
vn 0.473678 0.005930 0.880678
vn 0.982592 -0.006869 0.185648
vn 0.945573 -0.000591 0.325410
vn 0.980948 -0.006480 0.194164
vn 0.941742 0.000847 0.336337
vn 0.940390 -0.003788 0.340077
vn 0.885192 0.004197 0.465207
vn 0.804213 0.004237 0.594326
vn 0.802565 0.001002 0.596564
vn 0.884615 0.005691 0.466288
vn 0.804473 0.007603 0.593941
vn 0.706256 0.004786 0.707941
vn 0.999840 -0.001193 0.017870
vn 0.981001 -0.002067 0.193992
vn 0.945736 -0.008595 0.324823
vn 0.980855 0.000084 0.194738
vn 0.947553 -0.003752 0.319577
vn 0.888603 -0.007228 0.458621
vn 0.890206 0.016502 0.455260
vn 0.814846 0.011810 0.579557
vn 0.814616 -0.004435 0.579984
vn 0.887736 -0.000986 0.460352
vn 0.888859 -0.015136 0.457931
vn 0.806339 -0.012654 0.591318
vn 0.710276 -0.005961 0.703898
vn 0.705485 0.001438 0.708723
vn 0.140151 0.003390 0.990124
vn 0.607799 -0.012010 0.794000
vn 0.606584 -0.003504 0.795012
vn 0.489097 0.006495 0.872205
vn 0.490944 -0.005401 0.871174
vn 0.129411 -0.004798 0.991579
vn 0.342625 -0.002268 0.939470
vn 0.133154 0.005012 0.991083
vn 0.605751 0.000386 0.795654
vn 0.485738 -0.009610 0.874052
vn 0.351383 0.004495 0.936221
vn 0.145646 0.000852 0.989336
vn 0.605893 0.010507 0.795477
vn 0.484785 0.007394 0.874602
vn 0.482251 0.009108 0.875985
vn 0.358986 0.004679 0.933331
vn 0.353065 -0.002253 0.935596
vn 0.147944 0.012345 0.988919
vn 0.145263 0.009079 0.989351
vn 0.604742 0.008636 0.796375
vn 0.486493 0.011166 0.873613
vn 0.360751 0.011292 0.932594
vn 0.358711 0.006049 0.933429
vn 0.947551 -0.003422 0.319585
vn 0.890463 -0.006685 0.455007
vn 0.981686 0.008466 0.190317
vn 0.983754 0.002924 0.179500
vn 0.983307 0.006497 0.181840
vn 0.942594 -0.003678 0.333920
vn 0.947094 0.011870 0.320736
vn 0.943274 0.013023 0.331759
vn 0.891690 -0.000759 0.452645
vn 0.707695 -0.001475 0.706516
vn 0.807870 -0.003752 0.589349
vn 0.813520 0.000163 0.581537
vn 0.890235 0.011660 0.455351
vn 0.808039 0.003268 0.589121
vn 0.710296 -0.006818 0.703871
vn 0.715999 0.003450 0.698093
vn 0.982935 0.014334 0.183392
vn 0.983782 -0.001356 0.179365
vn 0.944695 0.003904 0.327928
vn 0.982773 0.012169 0.184415
vn 0.943932 0.005071 0.330100
vn 0.942142 0.017566 0.334752
vn 0.888497 0.008230 0.458809
vn 0.890141 0.016655 0.455380
vn 0.812153 0.008843 0.583378
vn 0.813919 0.012499 0.580844
vn 0.717712 0.010087 0.696267
vn 0.717646 0.009982 0.696337
vn 0.713388 0.005488 0.700748
vn 0.342211 0.000443 0.939623
vn 0.134016 -0.001938 0.990977
vn 0.344619 0.005738 0.938725
vn 0.609502 0.001988 0.792782
vn 0.481774 0.001268 0.876294
vn 0.136069 0.004848 0.990688
vn 0.139241 -0.001740 0.990257
vn 0.716596 0.008448 0.697438
vn 0.608243 0.003710 0.793742
vn 0.604850 0.008776 0.796291
vn 0.605542 0.009630 0.795755
vn 0.481521 0.006361 0.876412
vn 0.983195 0.009292 0.182324
vn 0.946664 0.007196 0.322143
vn 0.999672 0.009471 0.023792
vn 0.983562 0.003453 0.180539
vn 0.983296 0.013264 0.181528
vn 0.946249 0.015103 0.323085
vn 0.946703 0.004654 0.322074
vn 0.883391 0.003164 0.468627
vn 0.883593 0.008232 0.468183
vn 0.797581 0.004293 0.603197
vn 0.805157 0.008815 0.592997
vn 0.710402 0.002510 0.703792
vn 0.888475 0.007871 0.458857
vn 0.887216 0.014173 0.461136
vn 0.811132 0.009347 0.584788
vn 0.712876 0.002875 0.701284
vn 0.131894 0.013221 0.991176
vn 0.325055 0.009598 0.945647
vn 0.122751 0.022396 0.992185
vn 0.664481 0.001382 0.747304
vn 0.565557 -0.002063 0.824707
vn 0.562527 0.001871 0.826777
vn 0.449407 0.005434 0.893311
vn 0.446559 0.001329 0.894753
vn 0.318302 0.009872 0.947938
vn 0.570203 -0.001276 0.821503
vn 0.438491 0.016427 0.898585
vn 0.124756 0.002462 0.992184
vn 0.323199 0.004729 0.946319
vn 0.632027 0.012903 0.774839
vn 0.542849 0.009527 0.839776
vn 0.447153 0.005478 0.894441
vn 0.322447 -0.004108 0.946579
vn 0.322833 -0.008354 0.946419
vn 0.128658 -0.004905 0.991677
vn 0.130810 -0.005428 0.991393
vn 0.657895 -0.005165 0.753092
vn 0.559713 -0.006536 0.828661
vn 0.450889 -0.011153 0.892511
vn 0.554697 -0.009892 0.831993
vn 0.451767 -0.004934 0.892122
vn 0.992546 0.003836 0.121810
vn 0.994119 0.009274 0.107894
vn 0.964074 0.006480 0.265555
vn 0.968331 -0.000221 0.249668
vn 0.924940 0.004077 0.380092
vn 0.995821 -0.000243 0.091327
vn 0.858745 -0.000267 0.512403
vn 0.770241 0.000893 0.637752
vn 0.765129 -0.000555 0.643877
vn 0.760533 -0.002832 0.649294
vn 0.928468 -0.003015 0.371401
vn 0.864749 0.000578 0.502204
vn 0.867215 0.008795 0.497856
vn 0.991297 0.007012 0.131454
vn 0.987924 -0.000671 0.154940
vn 0.981388 0.008036 0.191865
vn 0.958248 0.010886 0.285730
vn 0.953612 -0.001439 0.301034
vn 0.903541 0.011603 0.428345
vn 0.992281 0.009655 0.123632
vn 0.961223 0.015709 0.275325
vn 0.915411 0.010075 0.402394
vn 0.893958 0.002593 0.448143
vn 0.836373 0.005937 0.548129
vn 0.823384 0.003536 0.567474
vn 0.810290 0.004265 0.586014
vn 0.740097 0.006242 0.672471
vn 0.647519 -0.005724 0.762028
vn 0.749291 -0.000259 0.662241
vn 0.848550 0.000873 0.529115
vn 0.562250 0.799236 0.212359
vn 0.171006 0.981712 0.083659
vn 0.149327 0.983306 0.103973
vn 0.162632 0.983172 0.083210
vn 0.341382 0.923183 0.176609
vn 0.547816 0.785033 0.289173
vn 0.151512 0.982802 0.105567
vn 0.139224 0.983104 0.118845
vn 0.331733 0.916170 0.224911
vn 0.317448 0.909471 0.268494
vn 0.331192 0.943163 0.027488
vn 0.565703 0.814410 0.129294
vn 0.339505 0.940604 -0.001042
vn 0.519773 0.852398 0.057036
vn 0.330612 0.942661 0.045667
vn 0.206097 0.977890 0.035436
vn 0.174411 0.984595 0.012424
vn 0.170072 0.984872 0.033206
vn 0.191251 0.979656 0.060800
vn 0.305608 0.947509 0.093967
vn 0.270304 0.953609 0.132534
vn 0.338852 0.938249 0.069778
vn 0.165200 0.984515 0.058648
vn 0.341034 0.931562 0.126045
vn 0.298624 0.036609 0.953668
vn 0.115049 0.028271 0.992958
vn 0.122255 0.026515 0.992145
vn 0.609223 0.040611 0.791959
vn 0.507187 0.047915 0.860503
vn 0.427039 0.023536 0.903927
vn 0.411418 0.046210 0.910275
vn 0.315403 0.023887 0.948657
vn 0.319543 0.015893 0.947439
vn 0.121574 0.019671 0.992388
vn 0.718898 0.015215 0.694949
vn 0.621670 0.019907 0.783027
vn 0.520495 0.023028 0.853554
vn 0.530709 0.017539 0.847372
vn 0.361281 0.862106 0.355316
vn 0.202401 0.958513 0.200715
vn 0.329574 0.862856 0.383224
vn 0.406928 0.854042 0.324072
vn 0.218612 0.958578 0.182584
vn 0.342554 0.898231 0.275388
vn 0.310984 0.898816 0.308899
vn 0.509203 0.659506 0.552959
vn 0.376075 0.846592 0.376630
vn 0.359485 0.843423 0.399260
vn 0.237777 0.909582 0.340770
vn 0.291742 0.901186 0.320546
vn 0.178921 0.958427 0.222271
vn 0.286538 0.856100 0.430103
vn 0.152818 0.958751 0.239674
vn 0.105005 0.985380 0.134166
vn 0.133047 0.984174 0.117045
vn 0.121384 0.984857 0.123785
vn 0.309321 0.841604 0.442745
vn 0.263526 0.190639 0.945627
vn 0.101039 0.180832 0.978310
vn 0.180563 0.669863 0.720194
vn 0.677159 0.192433 0.710229
vn 0.584970 0.205066 0.784703
vn 0.429470 0.670948 0.604470
vn 0.479685 0.211189 0.851646
vn 0.345621 0.675460 0.651383
vn 0.378065 0.205276 0.902734
vn 0.266441 0.675168 0.687865
vn 0.182216 0.916951 0.354963
vn 0.036702 0.851826 0.522537
vn 0.108667 0.845802 0.522313
vn 0.230492 0.850165 0.473385
vn 0.174669 0.845794 0.504106
vn 0.121602 0.960729 0.249427
vn 0.068222 0.667428 0.741543
vn 0.025743 0.917357 0.397232
vn 0.083913 0.921372 0.379517
vn 0.034030 0.825106 0.563953
vn 0.110998 0.829779 0.546943
vn 0.135648 0.921369 0.364250
vn 0.246732 0.837724 0.487177
vn 0.186811 0.833255 0.520373
vn 0.994408 0.013199 0.104775
vn 0.962294 0.022435 0.271085
vn 0.929126 0.010912 0.369603
vn 0.972625 0.011200 0.232109
vn 0.943877 0.001856 0.330293
vn 0.912167 0.025153 0.409046
vn 0.849797 0.025345 0.526500
vn 0.779423 0.027569 0.625891
vn 0.795760 0.012322 0.605487
vn 0.703360 0.031736 0.710125
vn 0.867934 0.009790 0.496583
vn 0.883176 0.001389 0.469041
vn 0.976684 0.152561 0.151044
vn 0.758115 0.585221 0.287711
vn 0.936945 0.164357 0.308417
vn 0.837329 0.545925 0.029080
vn 0.529355 0.846741 0.053038
vn 0.534101 0.844319 0.043142
vn 0.806956 0.566300 0.167709
vn 0.509928 0.849965 0.132410
vn 0.499317 0.857152 0.126389
vn 0.493500 0.858957 0.136570
vn 0.468462 0.858284 0.209504
vn 0.239635 0.957799 0.158734
vn 0.448192 0.852862 0.267863
vn 0.881207 0.175017 0.439140
vn 0.699127 0.604633 0.381628
vn 0.815077 0.182212 0.549953
vn 0.628523 0.626189 0.461353
vn 0.746335 0.185309 0.639253
vn 0.563984 0.644439 0.516352
vn 0.451729 0.872487 0.186298
vn 0.486877 0.849886 0.201608
vn 0.399832 0.887872 0.227634
vn 0.462132 0.847771 0.260228
vn 0.386551 0.917634 0.092343
vn 0.396646 0.907611 0.137532
vn 0.374382 0.919558 0.119382
vn 0.850153 0.458022 0.259723
vn 0.435908 0.895561 0.089190
vn 0.823549 0.510108 0.248108
vn 0.706423 0.676051 0.209575
vn 0.816839 0.446725 0.364980
vn 0.653453 0.695634 0.298486
vn 0.436803 0.890166 0.129640
vn 0.684108 0.699577 0.206369
vn 0.676967 0.677311 0.288036
vn 0.791883 0.504118 0.344654
vn 0.392914 0.918823 0.037179
vn 0.363799 0.930613 0.040110
vn 0.357849 0.930361 0.079827
vn 0.438645 0.897140 0.052249
vn 0.682471 0.727898 0.066316
vn 0.865853 0.496335 0.062850
vn 0.741489 0.669905 0.037705
vn 0.857842 0.511470 0.050061
vn 0.696323 0.705029 0.134419
vn 0.868749 0.469105 0.158794
vn 0.729673 0.672404 0.124299
vn 0.847232 0.510245 0.147807
vn 0.492692 0.847081 0.199269
vn 0.580753 0.781091 0.229397
vn 0.668606 0.693610 0.268089
vn 0.856891 0.375862 0.352797
vn 0.817457 0.339960 0.464964
vn 0.469886 0.838904 0.274677
vn 0.737322 0.520331 0.430827
vn 0.541784 0.785577 0.298895
vn 0.524185 0.770649 0.362395
vn 0.629177 0.777258 -0.002371
vn 0.556791 0.828794 0.055541
vn 0.626088 0.776196 0.074396
vn 0.609621 0.777672 0.153586
vn 0.529117 0.836904 0.140097
vn 0.013062 0.999626 0.024030
vn 0.020069 0.999502 0.024356
vn 0.006894 0.999975 0.001782
vn 0.014853 0.999869 -0.006420
vn -0.023345 0.999425 0.024577
vn -0.024903 0.999639 0.010090
vn 0.023088 0.999369 0.026992
vn 0.023674 0.999058 0.036364
vn -0.047726 0.998834 0.007253
vn -0.011077 0.999693 0.022186
vn -0.030927 0.999167 0.026640
vn 0.007876 0.999331 0.035718
vn -0.024268 0.999663 0.009254
vn -0.036546 0.999146 0.019260
vn -0.030554 0.999470 0.011196
vn -0.006811 0.999975 0.001932
vn -0.010598 0.999925 -0.006079
vn -0.003444 0.999993 0.001260
vn -0.040561 0.999133 -0.009386
vn -0.058103 0.998303 -0.003837
vn -0.033602 0.999435 0.000739
vn -0.048135 0.998753 0.013224
vn -0.013304 0.999830 -0.012757
vn 0.556259 -0.824893 -0.100635
vn 0.258852 -0.964844 -0.045506
vn 0.281949 -0.959425 -0.002793
vn 0.480933 -0.876738 -0.005916
vn 0.574049 -0.818797 -0.006244
vn 0.476566 -0.843156 -0.248943
vn 0.484458 -0.837304 -0.253422
vn 0.041954 -0.998853 -0.023095
vn 0.203439 -0.973102 -0.108101
vn 0.494140 -0.852693 -0.169529
vn 0.524760 -0.832127 -0.179421
vn 0.059246 -0.998202 -0.009048
vn 0.228414 -0.970266 -0.080072
vn 0.050822 -0.998532 -0.018750
vn 0.492023 -0.865902 -0.090147
vn 0.121809 -0.992280 -0.023304
vn 0.002416 -0.999997 -0.000636
vn 0.003396 -0.999994 -0.001264
vn 0.002415 -0.999996 -0.001187
vn 0.005493 -0.999983 -0.001999
vn -0.011015 -0.999939 0.001059
vn 0.003152 -0.999994 -0.001076
vn 0.003773 -0.999993 -0.000318
vn 0.003360 -0.999994 -0.000816
vn 0.008181 -0.999965 -0.001647
vn 0.002852 -0.999996 0.000034
vn 0.004761 -0.999989 -0.000011
vn 0.143871 -0.986693 -0.075748
vn 0.135069 -0.989622 -0.049035
vn 0.005483 -0.999981 -0.002644
vn 0.007876 -0.999963 -0.003431
vn -0.011514 -0.999912 0.006577
vn -0.010531 -0.999899 0.009538
vn 0.002485 -0.999995 -0.001772
vn 0.003909 -0.999990 -0.002230
vn 0.002833 -0.999993 -0.002440
vn 0.002359 -0.999996 -0.001692
vn 0.003327 -0.999992 -0.002119
vn 0.006991 -0.999968 -0.003872
vn 0.003998 -0.999990 -0.002015
vn -0.012802 -0.999916 0.001975
vn 0.956512 -0.025850 -0.290544
vn 0.902811 -0.058211 -0.426080
vn 0.905978 -0.001224 -0.423323
vn 0.905682 -0.025150 -0.423211
vn 0.835340 -0.010327 -0.549637
vn 0.835681 -0.023784 -0.548700
vn 0.774925 -0.512096 -0.370472
vn 0.720874 -0.496662 -0.483392
vn 0.833078 -0.047042 -0.551152
vn 0.301817 -0.948688 -0.094329
vn 0.041011 -0.999067 -0.013567
vn 0.007934 -0.999965 -0.002455
vn 0.289554 -0.946960 -0.139375
vn 0.037651 -0.999117 -0.018650
vn 0.007136 -0.999967 -0.003965
vn 0.003281 -0.999992 -0.002048
vn 0.997197 -0.070556 0.024885
vn 0.999453 -0.023685 0.023065
vn 0.989244 -0.000431 -0.146277
vn 0.989714 -0.025391 -0.140790
vn 0.989539 -0.011596 -0.143797
vn 0.955934 -0.014321 -0.293231
vn 0.844095 -0.535778 0.021088
vn 0.838978 -0.530537 -0.121022
vn 0.987632 -0.068877 -0.140851
vn 0.954858 -0.065389 -0.289777
vn 0.814595 -0.523762 -0.249215
vn 0.312371 -0.949934 0.007007
vn 0.044468 -0.999011 0.000233
vn 0.043719 -0.999020 -0.006834
vn 0.310538 -0.949480 -0.045312
vn 0.896836 -0.008765 -0.442276
vn 0.828774 -0.005040 -0.559561
vn 0.906673 -0.013142 -0.421630
vn 0.901038 0.001241 -0.433738
vn 0.832418 -0.007057 -0.554104
vn 0.827587 -0.007172 -0.561291
vn 0.999592 0.003663 0.028325
vn 0.989961 0.005464 -0.141233
vn 0.990151 0.004406 -0.139936
vn 0.948437 0.002723 -0.316954
vn 0.999601 0.001057 0.028218
vn 0.952861 -0.001807 -0.303403
vn 0.989752 0.003993 -0.142743
vn 0.955643 0.007160 -0.294441
vn 0.955665 0.000371 -0.294455
vn 0.009210 -0.999929 -0.007539
vn 0.002794 -0.999993 -0.002321
vn 0.001965 -0.999997 -0.001624
vn 0.003480 -0.999989 -0.003056
vn 0.001960 -0.999995 -0.002304
vn 0.740244 -0.010763 -0.672252
vn 0.739365 -0.039545 -0.672143
vn 0.255317 -0.939424 -0.228681
vn 0.273160 -0.943906 -0.185538
vn 0.649836 -0.480940 -0.588567
vn 0.038931 -0.998574 -0.036529
vn 0.034163 -0.998986 -0.029341
vn 0.035090 -0.999068 -0.025117
vn 0.006247 -0.999967 -0.005175
vn 0.006857 -0.999962 -0.005433
vn 0.138807 -0.009858 -0.990270
vn 0.145229 -0.041708 -0.988519
vn 0.128250 -0.435090 -0.891206
vn 0.138726 -0.918384 -0.370576
vn 0.053782 -0.912120 -0.406379
vn 0.195958 -0.928007 -0.316866
vn 0.025143 -0.997267 -0.069475
vn 0.039249 -0.997854 -0.052406
vn 0.345651 -0.004863 -0.938350
vn 0.351748 -0.021045 -0.935858
vn 0.740863 -0.020974 -0.671329
vn 0.626292 -0.016237 -0.779419
vn 0.490528 -0.006413 -0.871402
vn 0.495214 -0.010391 -0.868709
vn 0.490182 -0.015552 -0.871481
vn 0.356905 -0.042605 -0.933168
vn 0.625518 -0.037743 -0.779297
vn 0.558070 -0.473210 -0.681638
vn 0.445866 -0.468143 -0.762919
vn 0.494915 -0.039840 -0.868028
vn 0.233847 -0.934054 -0.269923
vn 0.318068 -0.450466 -0.834214
vn 0.742841 -0.003737 -0.669457
vn 0.738853 0.001333 -0.673865
vn 0.139767 0.000746 -0.990184
vn 0.137723 0.003375 -0.990465
vn 0.134106 -0.003027 -0.990962
vn 0.144057 -0.025532 -0.989240
vn 0.354832 0.006214 -0.934909
vn 0.354145 -0.003991 -0.935182
vn 0.627723 0.005319 -0.778418
vn 0.631006 0.000140 -0.775778
vn 0.625607 -0.007764 -0.780100
vn 0.499800 0.000412 -0.866141
vn 0.346467 -0.005119 -0.938048
vn 0.737767 -0.011258 -0.674962
vn 0.737208 -0.008787 -0.675609
vn 0.627602 -0.010687 -0.778461
vn 0.626786 -0.012492 -0.779092
vn 0.498221 0.008614 -0.867007
vn 0.497064 -0.007864 -0.867678
vn 0.896286 0.003223 -0.443466
vn 0.827968 0.012844 -0.560628
vn 0.889303 0.008097 -0.457246
vn 0.892531 0.006000 -0.450947
vn 0.892870 -0.004848 -0.450288
vn 0.830279 0.005380 -0.557323
vn 0.999596 0.004215 0.028115
vn 0.999451 -0.009229 0.031838
vn 0.999464 -0.008247 0.031688
vn 0.990704 -0.009741 -0.135683
vn 0.989576 0.000850 -0.144006
vn 0.950521 -0.005015 -0.310620
vn 0.999551 0.004350 0.029659
vn 0.990498 -0.002905 -0.137495
vn 0.947741 0.004465 -0.319009
vn 0.953539 0.004843 -0.301232
vn 0.824454 -0.002643 -0.565923
vn 0.896432 0.002422 -0.443175
vn 0.954058 0.000940 -0.299620
vn 0.952634 0.000075 -0.304121
vn 0.953363 0.003657 -0.301804
vn 0.896346 0.005102 -0.443325
vn 0.825090 0.002478 -0.564997
vn 0.827743 0.003384 -0.561098
vn 0.824320 0.003252 -0.566115
vn 0.999716 0.000043 0.023856
vn 0.988794 -0.001559 -0.149280
vn 0.982322 0.000533 0.187201
vn 0.988674 0.001136 -0.150077
vn 0.737203 0.012344 -0.675559
vn 0.832494 -0.008089 -0.553975
vn 0.134366 0.007060 -0.990907
vn 0.133149 -0.007881 -0.991065
vn 0.134986 -0.006181 -0.990828
vn 0.132151 -0.009227 -0.991187
vn 0.346292 -0.004500 -0.938116
vn 0.625532 -0.001087 -0.780198
vn 0.627026 0.009692 -0.778938
vn 0.495826 0.003798 -0.868414
vn 0.349294 -0.008511 -0.936974
vn 0.349447 -0.001827 -0.936955
vn 0.742050 -0.000738 -0.670344
vn 0.629955 -0.006123 -0.776608
vn 0.500389 -0.008449 -0.865760
vn 0.732938 0.004815 -0.680278
vn 0.136619 -0.006329 -0.990603
vn 0.133775 0.006602 -0.990990
vn 0.360282 -0.007796 -0.932811
vn 0.362376 -0.000180 -0.932032
vn 0.355935 0.003716 -0.934503
vn 0.624135 0.004443 -0.781304
vn 0.624834 -0.006289 -0.780732
vn 0.504597 -0.001928 -0.863353
vn 0.504982 -0.003398 -0.863123
vn 0.732969 -0.002769 -0.680256
vn 0.735543 0.001414 -0.677477
vn 0.495140 -0.000073 -0.868813
vn 0.346336 0.004892 -0.938098
vn 0.952354 0.000700 -0.304995
vn 0.824611 0.004614 -0.565682
vn 0.952615 0.006096 -0.304119
vn 0.895382 0.006021 -0.445257
vn 0.895759 0.000999 -0.444540
vn 0.822118 0.004231 -0.569302
vn 0.999884 0.002893 0.014926
vn 0.999837 0.005788 0.017112
vn 0.999863 0.008237 0.014392
vn 0.987989 0.007073 -0.154362
vn 0.988515 0.008120 -0.150904
vn 0.950982 0.001671 -0.309243
vn 0.950131 0.010066 -0.311688
vn 0.899564 0.011949 -0.436625
vn 0.897473 0.002891 -0.441061
vn 0.825497 0.007123 -0.564361
vn 0.824897 0.010718 -0.565182
vn 0.950815 0.008413 -0.309647
vn 0.896121 0.002967 -0.443801
vn 0.895619 0.011992 -0.444661
vn 0.896766 0.000280 -0.442505
vn 0.827707 -0.000513 -0.561160
vn 0.999922 -0.000091 0.012522
vn 0.987450 0.001883 -0.157923
vn 0.987753 0.011268 -0.155617
vn 0.999892 0.012717 0.007383
vn 0.999879 0.013009 0.008537
vn 0.988146 0.011623 -0.153079
vn 0.988035 0.001001 -0.154227
vn 0.146705 0.010077 -0.989129
vn 0.142857 0.004244 -0.989734
vn 0.367947 -0.002990 -0.929842
vn 0.146134 -0.004679 -0.989254
vn 0.737347 0.005495 -0.675492
vn 0.626316 -0.000372 -0.779569
vn 0.627456 0.002751 -0.778647
vn 0.501215 -0.002857 -0.865318
vn 0.367024 0.008038 -0.930177
vn 0.740194 0.001687 -0.672391
vn 0.737647 -0.002768 -0.675181
vn 0.624350 -0.001051 -0.781144
vn 0.499036 0.005536 -0.866564
vn 0.498055 -0.001718 -0.867144
vn 0.740144 0.010336 -0.672369
vn 0.736795 0.000476 -0.676116
vn 0.137238 0.010780 -0.990479
vn 0.139865 0.015065 -0.990056
vn 0.362802 0.001184 -0.931866
vn 0.357786 0.012067 -0.933726
vn 0.739582 0.009042 -0.673006
vn 0.739350 0.009576 -0.673253
vn 0.632502 0.007820 -0.774519
vn 0.631492 0.012073 -0.775289
vn 0.503969 0.009819 -0.863666
vn 0.503852 0.009252 -0.863740
vn 0.357626 0.016655 -0.933716
vn 0.142777 -0.003600 -0.989748
vn 0.625983 0.005377 -0.779818
vn 0.498583 0.015848 -0.866697
vn 0.499299 0.006291 -0.866407
vn 0.839615 0.003863 -0.543169
vn 0.951294 0.009646 -0.308135
vn 0.952125 0.008683 -0.305586
vn 0.897914 0.008693 -0.440085
vn 0.830328 0.015730 -0.557053
vn 0.828534 0.008380 -0.559876
vn 0.999431 0.013804 0.030780
vn 0.989608 -0.000031 -0.143788
vn 0.999650 -0.001814 0.026393
vn 0.952621 -0.001080 -0.304157
vn 0.999769 0.005551 0.020779
vn 0.988778 0.007753 -0.149194
vn 0.987960 0.008525 -0.154477
vn 0.744390 0.001373 -0.667744
vn 0.744085 0.003530 -0.668076
vn 0.742157 0.016852 -0.670015
vn 0.138412 0.004917 -0.990363
vn 0.134858 0.007879 -0.990834
vn 0.133453 -0.004593 -0.991044
vn 0.356645 0.004584 -0.934229
vn 0.627786 0.002359 -0.778382
vn 0.628630 -0.002500 -0.777701
vn 0.495281 0.002411 -0.868730
vn 0.632048 0.012431 -0.774830
vn 0.630343 0.013516 -0.776199
vn 0.496490 0.006297 -0.868019
vn 0.351407 0.004069 -0.936214
vn 0.353367 0.002166 -0.935482
vn 0.927982 0.002106 -0.372620
vn 0.970337 0.007296 -0.241645
vn 0.867061 0.000875 -0.498201
vn 0.865410 -0.001291 -0.501064
vn 0.926922 0.001541 -0.375250
vn 0.924091 -0.001371 -0.382169
vn 0.862027 0.005285 -0.506835
vn 0.997962 -0.000709 -0.063806
vn 0.997479 0.012182 -0.069910
vn 0.971820 -0.000348 -0.235722
vn 0.970275 -0.005239 -0.241948
vn 0.940090 0.012763 -0.340688
vn 0.933607 0.011006 -0.358130
vn 0.870417 0.008058 -0.492250
vn 0.867408 0.009913 -0.497499
vn 0.779654 0.004942 -0.626191
vn 0.999982 0.002705 -0.005343
vn 0.999346 0.007641 -0.035342
vn 0.985854 0.006147 -0.167495
vn 0.998524 0.003026 -0.054225
vn 0.980424 0.011777 -0.196547
vn 0.975768 0.004401 -0.218765
vn 0.767704 0.002015 -0.640801
vn 0.762909 -0.004002 -0.646494
vn 0.792736 0.005551 -0.609541
vn 0.773841 0.002229 -0.633377
vn 0.525976 0.838228 -0.143955
vn 0.547482 0.836695 -0.014331
vn 0.537713 0.839144 -0.081869
vn 0.204065 0.977255 -0.057707
vn 0.331531 0.938173 -0.099590
vn 0.189920 0.978624 -0.078902
vn 0.297565 0.945163 -0.134619
vn 0.321352 0.945100 -0.059324
vn 0.171961 0.984238 -0.041300
vn 0.167994 0.983768 -0.063076
vn 0.322216 0.941340 -0.100279
vn 0.212404 0.977156 0.007131
vn 0.528237 0.848875 -0.019386
vn 0.212155 0.976856 -0.027269
vn 0.342057 0.938212 -0.052485
vn 0.323965 0.945943 -0.015423
vn 0.175042 0.984452 -0.014670
vn 0.333267 0.914051 -0.231178
vn 0.328788 0.907376 -0.261856
vn 0.188051 0.969987 -0.154151
vn 0.334478 0.892945 -0.301288
vn 0.199832 0.962926 -0.181220
vn 0.442978 0.814513 -0.374618
vn 0.476867 0.827095 -0.297509
vn 0.459103 0.822346 -0.336113
vn 0.170605 0.980908 -0.093343
vn 0.169365 0.981867 -0.085165
vn 0.176840 0.977773 -0.112637
vn 0.513606 0.833418 -0.204021
vn 0.327151 0.933924 -0.144078
vn 0.496341 0.829344 -0.256581
vn 0.333420 0.923462 -0.189865
vn 0.963490 -0.022578 -0.266793
vn 0.921256 -0.018833 -0.388500
vn 0.906063 -0.033637 -0.421803
vn 0.840200 -0.023572 -0.541763
vn 0.821146 -0.042815 -0.569110
vn 0.955025 -0.007690 -0.296427
vn 0.946661 0.006159 -0.322172
vn 0.893298 -0.015830 -0.449187
vn 0.880506 0.004335 -0.474015
vn 0.807139 -0.023993 -0.589873
vn 0.989351 0.144489 -0.017557
vn 0.997676 0.001598 -0.068126
vn 0.972592 -0.010021 -0.232301
vn 0.997952 0.002349 0.063920
vn 0.994323 -0.009815 -0.105953
vn 0.999564 0.007547 0.028563
vn 0.990600 0.000680 -0.136786
vn 0.477223 0.864205 -0.159398
vn 0.412984 0.883616 -0.220606
vn 0.747570 0.537239 -0.390529
vn 0.854383 0.139914 -0.500454
vn 0.746828 0.144247 -0.649185
vn 0.550853 0.821604 -0.146725
vn 0.488730 0.850133 -0.196004
vn 0.521823 0.817308 -0.244353
vn 0.514199 0.852423 -0.094728
vn 0.972801 0.139889 -0.184633
vn 0.812049 0.525618 -0.253581
vn 0.928991 0.137585 -0.343578
vn 0.532657 0.845683 -0.033115
vn 0.551913 0.832283 -0.051930
vn 0.841439 0.527906 -0.115303
vn 0.520281 0.845915 -0.117203
vn 0.734656 -0.026676 -0.677915
vn 0.359900 0.876499 -0.319721
vn 0.244165 0.881715 -0.403686
vn 0.151434 0.982947 -0.104319
vn 0.258124 0.940418 -0.221329
vn 0.192433 0.970150 -0.147574
vn 0.119310 0.980015 -0.159172
vn 0.185465 0.960327 -0.208264
vn 0.193133 0.937836 -0.288382
vn 0.275902 0.908691 -0.313304
vn 0.147509 0.980725 -0.128141
vn 0.150571 0.978300 -0.142327
vn 0.220057 0.952574 -0.210184
vn 0.159531 0.975820 -0.149414
vn 0.103760 0.984787 -0.139389
vn 0.212606 0.948751 -0.233817
vn 0.260437 0.928603 -0.264326
vn 0.137318 0.978398 -0.154535
vn 0.180451 0.967649 -0.176334
vn 0.127513 0.982162 -0.138195
vn 0.245453 0.957682 -0.150326
vn 0.331356 0.914277 -0.233024
vn 0.644318 0.554441 -0.526735
vn 0.456480 0.817634 -0.350857
vn 0.347355 0.830202 -0.436016
vn 0.433683 0.853922 -0.287640
vn 0.371790 0.927284 -0.043788
vn 0.411968 0.910027 -0.046193
vn 0.408466 0.912757 -0.005523
vn 0.378367 0.925655 -0.001218
vn 0.438091 0.898920 -0.004404
vn 0.829604 0.542355 -0.132698
vn 0.418759 0.906390 -0.055660
vn 0.625054 0.775034 -0.092894
vn 0.742406 0.656832 -0.131932
vn 0.843426 0.517527 -0.144214
vn 0.656170 0.754334 -0.020520
vn 0.851289 0.523158 -0.040156
vn 0.744999 0.665568 -0.044665
vn 0.856453 0.513968 -0.048227
vn 0.386628 0.917333 -0.094964
vn 0.396693 0.911320 -0.110144
vn 0.349868 0.931906 -0.095627
vn 0.756138 0.581086 -0.300989
vn 0.329673 0.934269 -0.135856
vn 0.553971 0.802768 -0.220634
vn 0.711158 0.641906 -0.286726
vn 0.792153 0.521183 -0.317588
vn 0.797062 0.562818 -0.218923
vn 0.592106 0.789720 -0.160480
vn 0.731007 0.648453 -0.212457
vn 0.819826 0.522876 -0.233422
vn 0.538313 0.834839 -0.115164
vn 0.595180 0.790614 -0.143842
vn 0.616940 0.783491 -0.074337
vn 0.737637 0.552748 -0.387764
vn 0.783231 0.462894 -0.415064
vn 0.624281 0.737142 -0.258643
vn 0.816886 0.468692 -0.336193
vn 0.492885 0.842934 -0.215699
vn 0.594768 0.737440 -0.320052
vn 0.463907 0.846988 -0.259619
vn 0.569379 0.795788 -0.206228
vn 0.517530 0.837886 -0.173522
vn 0.539730 0.802021 -0.255840
vn 0.509356 0.806842 -0.299269
vn 0.480471 0.808408 -0.340036
vn -0.017096 0.999586 -0.023138
vn -0.021942 0.998850 -0.042630
vn 0.022276 0.999477 0.023460
vn -0.020828 0.999315 -0.030597
vn -0.032982 0.996666 -0.074624
vn -0.029001 0.997768 -0.060153
vn -0.049883 0.998337 -0.028892
vn -0.037939 0.998302 -0.044193
vn -0.028241 0.999589 -0.004932
vn -0.035841 0.999013 -0.026256
vn -0.002838 0.999684 0.024975
vn -0.011277 0.999627 0.024878
vn 0.002733 0.999994 0.002123
vn -0.050393 0.998729 -0.001150
vn -0.038695 0.999246 -0.003151
vn -0.053243 0.998510 -0.011979
vn -0.016775 0.999811 -0.009784
vn -0.045172 0.998959 -0.006318
vn -0.034346 0.999404 0.003367
vn -0.054198 0.998505 -0.007094
vn -0.020649 0.999779 -0.004015
vn -0.020915 0.999771 -0.004447
vn 0.172941 -0.976801 -0.126301
vn 0.029913 -0.999058 -0.031431
vn 0.006432 -0.999968 -0.004832
vn 0.009717 -0.999932 -0.006409
vn 0.430274 -0.844175 -0.319739
vn 0.037803 -0.998954 -0.025715
vn 0.010091 -0.999933 -0.005600
vn 0.006809 -0.999970 -0.003591
vn 0.333315 -0.818016 -0.468776
vn 0.365445 -0.851450 -0.376143
vn 0.135197 -0.980724 -0.141072
vn 0.444641 -0.832479 -0.330565
vn 0.007258 -0.999949 -0.006986
vn 0.006092 -0.999963 -0.006150
vn 0.026586 -0.999073 -0.033866
vn 0.008363 -0.999928 -0.008618
vn 0.008284 -0.999945 -0.006463
vn 0.300855 -0.855012 -0.422423
vn 0.106931 -0.982668 -0.151427
vn 0.022738 -0.999224 -0.032163
vn 0.150856 -0.855147 -0.495950
vn 0.050530 -0.983323 -0.174709
vn 0.008387 -0.999381 -0.034178
vn 0.081735 -0.983214 -0.163126
vn 0.016517 -0.999306 -0.033384
vn 0.168202 -0.823498 -0.541811
vn 0.255056 -0.821601 -0.509821
vn 0.231445 -0.856589 -0.461181
vn 0.065683 -0.818514 -0.570720
vn 0.058360 -0.858361 -0.509716
vn 0.017006 -0.985811 -0.166993
vn 0.136074 -0.980843 -0.139395
vn 0.113908 -0.979722 -0.164830
vn -0.011565 -0.999880 0.010358
vn 0.145768 -0.983466 -0.107452
vn 0.398040 -0.822008 -0.407268
vn 0.002617 -0.999983 -0.005229
vn 0.004656 -0.999934 -0.010537
vn -0.006099 -0.999930 0.010117
vn 0.005130 -0.999948 -0.008823
vn -0.000172 -0.999929 0.011959
vn -0.010901 -0.999888 0.010305
vn 0.004222 -0.999979 -0.004970
vn 0.010928 -0.999861 -0.012608
vn 0.002305 -0.999992 -0.003299
vn 0.002465 -0.999989 -0.004014
vn 0.004252 -0.999956 -0.008388
vn 0.002879 -0.999992 -0.002693
vn 0.003805 -0.999981 -0.004948
vn 0.000496 -0.999972 -0.007471
vn 0.001037 -0.999992 -0.003729
vn 0.002462 -0.999981 -0.005669
vn 0.002489 -0.999985 -0.004949
vn 0.006400 -0.997250 -0.073841
vn 0.001039 -0.999823 -0.018761
vn 0.006686 -0.999815 -0.018045
vn 0.002751 -0.999971 -0.007052
vn 0.001700 -0.999990 -0.004027
vn 0.059927 -0.981110 -0.183933
vn 0.087582 -0.980261 -0.177249
vn -0.001346 -0.999969 0.007766
vn 0.020454 -0.978890 -0.203362
vn 0.358344 0.868007 -0.343736
vn 0.429976 0.809138 -0.400521
vn 0.411475 0.804685 -0.427985
vn 0.400485 0.814534 -0.419698
vn 0.385623 0.803761 -0.453061
vn 0.091387 0.969331 -0.228134
vn 0.184305 0.896986 -0.401805
vn 0.145521 0.901577 -0.407410
vn 0.232876 0.822614 -0.518725
vn 0.232853 0.890834 -0.390121
vn 0.281154 0.817806 -0.502141
vn 0.175273 0.920644 -0.348846
vn 0.084928 0.985867 -0.144406
vn 0.079500 0.983203 -0.164293
vn 0.109734 0.968578 -0.223195
vn 0.122120 0.972824 -0.196723
vn 0.181465 0.957076 -0.225998
vn 0.383681 0.836414 -0.391408
vn 0.150676 0.963392 -0.221749
vn 0.291546 0.883082 -0.367652
vn 0.337907 0.863436 -0.374563
vn 0.260711 0.889273 -0.375796
vn 0.023168 0.981280 -0.191186
vn 0.023690 0.972911 -0.229962
vn 0.039565 0.900077 -0.433931
vn 0.072673 0.970856 -0.228380
vn 0.108659 0.901414 -0.419102
vn 0.180360 0.825590 -0.534670
vn 0.058659 0.898361 -0.435324
vn 0.038853 0.952745 -0.301278
vn 0.145406 0.904860 -0.400106
vn 0.117734 0.964580 -0.236059
vn 0.096289 0.956496 -0.275397
vn 0.064331 0.981394 -0.180906
vn 0.048225 0.819681 -0.570787
vn 0.125591 0.822587 -0.554597
vn 0.348130 0.927449 -0.136545
vn 0.473800 0.835034 -0.279699
vn 0.335416 0.922297 -0.192002
vn 0.303032 0.929331 -0.210986
vn 0.330952 0.929808 -0.161022
vn 0.307675 0.935754 -0.172337
vn 0.714828 0.599176 -0.360567
vn 0.513190 0.819574 -0.254822
vn 0.378400 0.912775 -0.153806
vn 0.359371 0.916601 -0.175199
vn 0.319828 0.934793 -0.154505
vn 0.760910 0.518493 -0.390103
vn 0.284838 0.932273 -0.223012
vn 0.286378 0.939497 -0.187973
vn 0.323447 0.924044 -0.203776
vn 0.263585 0.936146 -0.232708
vn 0.329606 0.925117 -0.188464
vn 0.332413 0.856448 -0.394965
vn 0.352174 0.808975 -0.470674
vn 0.471487 0.733876 -0.489006
vn 0.345101 0.815605 -0.464429
vn 0.306952 0.860467 -0.406667
vn 0.436189 0.735554 -0.518362
vn 0.270198 0.865220 -0.422360
vn 0.574374 0.455440 -0.680198
vn 0.374920 0.814594 -0.442573
vn 0.436811 0.849242 -0.296622
vn 0.453134 0.811230 -0.369562
vn 0.411769 0.851723 -0.324059
vn 0.426414 0.814314 -0.393781
vn 0.386440 0.854902 -0.346132
vn 0.535945 0.734402 -0.416432
vn 0.511978 0.731713 -0.449971
vn 0.670480 0.620878 -0.406161
vn 0.429035 0.848232 -0.310533
vn 0.618653 0.640914 -0.454421
vn 0.621384 0.626227 -0.470873
vn 0.581419 0.625413 -0.520395
vn 0.676794 0.534818 -0.505885
vn 0.683733 0.637026 -0.355959
vn 0.654083 0.632308 -0.415165
vn 0.722300 0.524937 -0.450249
vn 0.483741 0.674864 -0.557274
vn 0.230065 0.935056 -0.269705
vn 0.329285 0.866079 -0.376138
vn 0.247676 0.946290 -0.207826
vn 0.238071 0.937662 -0.253203
vn 0.214976 0.947073 -0.238409
vn 0.234936 0.936194 -0.261429
vn 0.527341 0.663044 -0.531304
vn 0.351508 0.864531 -0.359204
vn 0.568260 0.653758 -0.499680
vn 0.382606 0.858945 -0.340332
vn 0.631946 0.540085 -0.555835
vn 0.541463 0.628158 -0.558780
vn 0.588371 0.544658 -0.597635
vn 0.430321 0.686488 -0.586138
vn 0.297180 0.867448 -0.399022
vn 0.402816 0.631828 -0.662217
vn 0.425793 0.574136 -0.699334
vn 0.348372 0.631612 -0.692606
vn 0.536413 0.555814 -0.635084
vn 0.449060 0.627881 -0.635697
vn 0.481196 0.568042 -0.667667
vn 0.497978 0.626875 -0.599204
vn 0.317298 0.814419 -0.485843
vn 0.312577 0.816827 -0.484860
vn 0.274699 0.818109 -0.505212
vn 0.389856 0.533471 -0.750614
vn 0.407316 0.454992 -0.791882
vn 0.231132 0.819184 -0.524896
vn 0.200426 0.860247 -0.468833
vn 0.176382 0.820370 -0.543951
vn 0.156726 0.860553 -0.484650
vn 0.234153 0.864482 -0.444796
vn 0.303156 0.746539 -0.592263
vn 0.251243 0.750932 -0.610719
vn 0.065416 0.538789 -0.839897
vn 0.177873 0.486714 -0.855261
vn 0.172686 0.536742 -0.825886
vn 0.132268 0.767800 -0.626887
vn 0.050799 0.767776 -0.638701
vn 0.046373 0.819959 -0.570540
vn 0.039901 0.867169 -0.496413
vn 0.118460 0.819583 -0.560580
vn 0.104298 0.864293 -0.492056
vn 0.186013 0.934979 -0.302015
vn 0.214451 0.933967 -0.285861
vn 0.213198 0.936563 -0.278202
vn 0.201096 0.942858 -0.265666
vn 0.211019 0.943439 -0.255721
vn 0.169395 0.933602 -0.315741
vn 0.149952 0.931466 -0.331491
vn 0.135813 0.940951 -0.310106
vn 0.176647 0.943501 -0.280359
vn 0.156006 0.942974 -0.294044
vn 0.376790 0.693440 -0.614141
vn 0.327071 0.699504 -0.635388
vn 0.261283 0.869376 -0.419424
vn 0.230723 0.870454 -0.434830
vn 0.190015 0.934343 -0.301493
vn 0.366304 0.579744 -0.727817
vn 0.144340 0.927457 -0.344949
vn 0.168183 0.930712 -0.324792
vn 0.212900 0.719924 -0.660592
vn 0.136927 0.729952 -0.669643
vn 0.107982 0.875625 -0.470767
vn 0.201228 0.869648 -0.450799
vn 0.161887 0.869824 -0.466047
vn 0.275979 0.708380 -0.649642
vn 0.228832 0.623848 -0.747295
vn 0.233238 0.603622 -0.762392
vn 0.292774 0.628085 -0.720967
vn 0.304363 0.590689 -0.747295
vn 0.049047 0.737449 -0.673620
vn 0.038844 0.885425 -0.463157
vn 0.152177 0.612480 -0.775700
vn 0.054539 0.625768 -0.778100
vn 0.055596 0.616498 -0.785391
vn 0.149368 0.623406 -0.767499
vn 0.098199 0.943581 -0.316246
vn 0.116185 0.928862 -0.351733
vn 0.126169 0.930212 -0.344656
vn 0.118672 0.939041 -0.322674
vn 0.127661 0.924405 -0.359414
vn 0.050012 0.938855 -0.340662
vn 0.093512 0.934206 -0.344260
vn 0.036346 0.941287 -0.335645
vn 0.040482 0.951758 -0.304168
vn 0.411870 0.848906 0.331244
vn 0.094584 0.885249 0.455399
vn 0.032851 0.886504 0.461554
vn 0.153679 0.867808 0.472539
vn 0.255329 0.559844 0.788277
vn 0.105375 0.864365 0.491701
vn 0.168919 0.572799 0.802102
vn 0.034724 0.862259 0.505275
vn 0.060834 0.577263 0.814289
vn 0.425333 0.672804 0.605332
vn 0.229156 0.874264 0.427960
vn 0.338727 0.523730 0.781646
vn 0.394813 0.212346 0.893886
vn 0.182219 0.882841 0.432884
vn 0.188660 0.877006 0.441892
vn 0.259648 0.518171 0.814912
vn 0.302039 0.205024 0.930987
vn 0.178316 0.507853 0.842786
vn 0.140305 0.886397 0.441152
vn 0.147754 0.881352 0.448763
vn 0.093538 0.887376 0.451459
vn 0.203373 0.204351 0.957539
vn 0.076603 0.207542 0.975222
vn 0.066788 0.504443 0.860858
vn 0.032099 0.886745 0.461144
vn 0.483202 0.565511 0.668366
vn 0.288283 0.820030 0.494412
vn 0.248439 0.869330 0.427252
vn 0.417013 0.552914 0.721378
vn 0.338338 0.551028 0.762821
vn 0.322440 0.869362 0.374489
vn 0.327406 0.868852 0.371350
vn 0.562607 0.235650 0.792428
vn 0.487677 0.522484 0.699415
vn 0.271271 0.880310 0.389186
vn 0.282782 0.872029 0.399500
vn 0.587582 0.617719 0.522658
vn 0.420460 0.852817 0.309704
vn 0.372450 0.861328 0.345536
vn 0.622996 0.522313 0.582293
vn 0.708784 0.289378 0.643340
vn 0.369329 0.860047 0.352017
vn 0.558674 0.518546 0.647297
vn 0.613672 0.646139 0.453774
vn 0.464661 0.845214 0.264015
vn 0.763461 0.313546 0.564638
vn 0.419739 0.850742 0.316319
vn 0.680818 0.523944 0.511829
vn 0.447500 0.857362 0.254310
vn 0.645572 0.672242 0.362392
vn 0.782189 0.524241 0.336676
vn 0.504972 0.836255 0.213732
vn 0.515169 0.827179 0.224446
vn 0.679016 0.711144 0.182242
vn 0.536044 0.829255 0.158090
vn 0.813299 0.531440 0.236888
vn 0.878414 0.410981 0.243894
vn 0.549925 0.819080 0.163372
vn 0.682835 0.724567 0.093486
vn 0.574276 0.812676 0.098819
vn 0.559047 0.823777 0.094117
vn 0.830818 0.539322 0.137379
vn 0.887598 0.441091 0.132695
vn 0.568213 0.822832 0.008972
vn 0.884335 0.465850 0.030587
vn 0.680433 0.732588 0.018069
vn 0.556607 0.827644 0.072078
vn 0.578449 0.815244 0.027838
vn 0.593178 0.804420 0.032389
vn 0.833775 0.550635 0.040248
vn 0.673692 0.737549 -0.046484
vn 0.878594 0.473538 -0.061925
vn 0.590161 0.806568 -0.034034
vn 0.829262 0.556153 -0.054936
vn 0.558395 0.828144 -0.048706
vn 0.661481 0.738711 -0.129419
vn 0.867280 0.469849 -0.164520
vn 0.600259 0.799050 -0.034753
vn 0.594200 0.797552 -0.104100
vn 0.593985 0.797843 -0.103090
vn 0.816939 0.557218 -0.148722
vn 0.843670 0.470371 -0.258789
vn 0.644761 0.736590 -0.204250
vn 0.590293 0.788751 -0.171541
vn 0.794786 0.558961 -0.236387
vn 0.582198 0.795236 -0.169248
vn 0.768065 0.557602 -0.314892
vn 0.575427 0.783761 -0.233673
vn 0.565368 0.791943 -0.230618
vn 0.544994 0.787957 -0.286542
vn 0.554399 0.779565 -0.291410
vn 0.565149 0.736634 -0.371453
vn 0.744179 0.460489 -0.483889
vn 0.702928 0.459418 -0.542981
vn 0.531869 0.776105 -0.338786
vn 0.701806 0.549917 -0.452836
vn 0.520459 0.785948 -0.333779
vn 0.492789 0.785821 -0.373690
vn 0.662993 0.551168 -0.506610
vn 0.666265 0.455930 -0.590101
vn 0.354951 0.857379 -0.372708
vn 0.621879 0.454138 -0.637985
vn 0.506601 0.771934 -0.384023
vn 0.464371 0.781269 -0.417107
vn 0.474098 0.766837 -0.432658
vn 0.622919 0.554546 -0.551771
vn 0.580730 0.553469 -0.597014
vn 0.437670 0.774544 -0.456646
vn 0.537246 0.546775 -0.642187
vn 0.407308 0.738470 -0.537367
vn 0.529359 0.451402 -0.718342
vn 0.358302 0.741202 -0.567662
vn 0.446355 0.763459 -0.466794
vn 0.403596 0.773881 -0.488077
vn 0.412946 0.763185 -0.497016
vn 0.492709 0.539191 -0.683016
vn 0.366630 0.771074 -0.520603
vn 0.473182 0.446758 -0.759280
vn 0.445120 0.534727 -0.718286
vn 0.369402 0.762393 -0.531318
vn 0.337311 0.766333 -0.546767
vn 0.198708 0.756525 -0.623045
vn 0.261042 0.480240 -0.837393
vn 0.133960 0.764265 -0.630836
vn 0.068402 0.489124 -0.869528
vn 0.337775 0.761769 -0.552826
vn 0.298728 0.764927 -0.570656
vn 0.325197 0.534715 -0.779953
vn 0.252086 0.765661 -0.591790
vn 0.297563 0.760054 -0.577732
vn 0.253226 0.757075 -0.602257
vn 0.335491 0.469562 -0.816674
vn 0.251992 0.536388 -0.805474
vn 0.196408 0.768610 -0.608820
vn 0.199249 0.756526 -0.622871
vn 0.129244 0.754769 -0.643133
vn 0.048005 0.764951 -0.642298
vn 0.046150 0.750933 -0.658765
vn 0.000424 -0.999977 0.006813
vn 0.121208 0.000967 0.992627
vn 0.000527 -0.999996 0.002814
vn 0.000362 -0.999996 0.002785
vn 0.000597 -0.999986 0.005261
vn 0.000485 -0.999992 -0.003862
vn -0.750253 -0.633656 -0.188681
vn -0.723151 -0.639473 -0.261009
vn -0.462152 -0.854634 -0.236676
vn -0.031523 -0.999231 -0.023314
vn -0.164676 -0.978747 -0.122212
vn -0.398021 -0.868972 -0.294051
vn -0.829503 -0.337723 -0.444823
vn -0.807600 0.004448 -0.589714
vn -0.805220 -0.023381 -0.592515
vn -0.801267 -0.093757 -0.590916
vn -0.889427 0.002917 -0.457069
vn -0.885450 -0.016786 -0.464432
vn -0.876418 -0.091900 -0.472701
vn -0.037340 -0.999195 -0.014660
vn -0.007006 -0.999965 -0.004505
vn -0.034342 -0.999202 -0.020388
vn -0.186695 -0.977239 -0.100740
vn -0.873233 -0.370727 -0.316267
vn -0.225208 -0.970954 -0.080805
vn -0.690172 -0.630555 -0.355053
vn -0.939228 -0.086396 -0.332243
vn -0.945565 -0.006978 -0.325359
vn -0.676088 0.558728 -0.480342
vn -0.795807 0.207834 -0.568768
vn -0.809207 0.058573 -0.584597
vn 0.005675 0.999984 0.000365
vn -0.045256 0.998482 -0.031397
vn 0.019843 0.999780 0.006732
vn -0.329405 0.915022 -0.232866
vn -0.034660 0.998643 -0.038874
vn -0.923621 0.221339 -0.312942
vn -0.767178 0.584904 -0.263298
vn -0.947197 0.004649 -0.320618
vn -0.946397 0.051903 -0.318810
vn -0.870115 0.214142 -0.443896
vn -0.735681 0.565018 -0.373535
vn -0.888899 0.056795 -0.454569
vn -0.010806 0.999842 0.014099
vn 0.000314 0.999968 0.007945
vn -0.046343 0.998671 -0.022543
vn 0.008008 0.999927 -0.009050
vn -0.351288 0.927859 -0.125200
vn -0.355060 0.917221 -0.180662
vn 0.000166 -0.999994 0.003382
vn 0.001445 -0.999996 0.002346
vn 0.000356 -0.999997 0.002608
vn 0.000463 -0.999998 0.002083
vn 0.001088 -0.999995 0.002924
vn 0.000479 -0.999997 0.002288
vn 0.000466 -0.999998 0.001766
vn 0.001162 -0.999997 0.001948
vn 0.000353 -1.000000 0.000768
vn -0.005273 -0.999986 0.000094
vn -0.005109 -0.999987 -0.000385
vn -0.007579 -0.999971 -0.000355
vn -0.013295 -0.999908 -0.002697
vn -0.012486 -0.999922 -0.000568
vn -0.024575 -0.999693 -0.003145
vn -0.006387 -0.999979 0.000548
vn -0.007853 -0.999969 0.000413
vn -0.056279 -0.998252 -0.018051
vn -0.006177 -0.999981 0.000015
vn -0.908183 -0.360705 -0.212359
vn -0.463313 -0.879387 -0.109636
vn -0.052487 -0.998597 -0.007026
vn -0.055768 -0.998389 -0.010420
vn -0.872543 0.446193 -0.198948
vn -0.537204 0.834692 -0.121245
vn -0.151532 -0.987853 -0.034413
vn -0.159420 -0.985742 -0.053829
vn -0.023016 -0.999735 0.000468
vn -0.007487 -0.999971 0.001424
vn -0.011021 -0.999939 0.000955
vn -0.007970 -0.999968 0.000620
vn -0.011806 -0.999930 -0.000140
vn -0.530523 0.847560 -0.013677
vn -0.875810 0.481967 -0.025784
vn -0.455701 -0.890056 -0.011698
vn -0.931035 -0.364002 -0.026009
vn -0.047833 -0.998855 -0.001205
vn -0.139540 -0.990209 -0.003841
vn -0.876885 0.466405 -0.116361
vn -0.458587 -0.886255 -0.065191
vn -0.924238 -0.360063 -0.127041
vn -0.544426 0.836205 -0.066037
vn -0.024145 -0.999706 -0.002234
vn -0.143149 -0.989475 -0.021177
vn -0.005610 -0.999981 -0.002389
vn -0.011998 -0.999918 -0.004561
vn -0.007409 -0.999969 -0.002868
vn -0.917434 -0.348654 -0.191718
vn -0.265360 -0.962253 -0.060444
vn -0.527675 -0.828515 -0.187407
vn -0.552590 -0.821149 -0.142683
vn -0.986094 -0.014219 -0.165578
vn -0.020343 -0.999792 0.001603
vn -0.007333 -0.999972 -0.001242
vn -0.013047 -0.999913 -0.001705
vn -0.780882 -0.624659 0.004984
vn -0.770136 -0.626649 -0.119173
vn -0.550937 -0.834541 0.003222
vn -0.277203 -0.960806 0.003172
vn -0.108053 -0.994139 0.003489
vn -0.078503 -0.996893 -0.006425
vn -0.277314 -0.959799 -0.043403
vn -0.550043 -0.830038 -0.092140
vn -0.009443 -0.999955 -0.000652
vn -0.053638 -0.998532 -0.007531
vn -0.986471 0.008029 -0.163742
vn -0.981004 -0.088612 -0.172568
vn -0.937844 -0.335311 -0.089529
vn -0.999757 -0.022048 0.000003
vn -0.999883 0.015193 -0.001779
vn -0.993902 -0.110110 0.005895
vn -0.786740 0.603578 -0.129361
vn -0.985612 0.055525 -0.159643
vn 0.014980 0.999594 0.024221
vn 0.013154 0.999755 0.017800
vn 0.016105 0.999830 0.009002
vn -0.001778 0.999560 0.029603
vn -0.336453 0.939960 -0.057225
vn 0.026688 0.999602 0.009095
vn -0.029825 0.999464 -0.013499
vn -0.782096 0.623139 0.004879
vn 0.037889 0.999282 0.000467
vn 0.020273 0.999784 -0.004652
vn 0.030569 0.999398 0.016412
vn -0.316686 0.948524 0.003414
vn -0.007547 0.999968 0.002634
vn 0.031491 0.999501 0.002638
vn -0.015663 0.999876 -0.001880
vn -0.961887 0.225404 -0.154809
vn -0.003491 -0.999981 0.005079
vn -0.003382 -0.999979 0.005508
vn -0.003637 -0.999977 0.005712
vn -0.003339 -0.999978 0.005800
vn -0.001767 -0.999983 0.005505
vn -0.002290 -0.999982 0.005494
vn -0.001758 -0.999979 0.006168
vn -0.002892 -0.999981 0.005502
vn -0.001129 -0.999990 0.004274
vn -0.001552 -0.999989 0.004476
vn -0.001218 -0.999984 0.005591
vn -0.000410 -0.999984 0.005652
vn -0.000344 -0.999991 0.004187
vn -0.970424 0.241381 0.003494
vn -0.997494 0.070750 0.000015
vn -0.593524 0.007582 0.804781
vn -0.602445 0.005073 0.798144
vn -0.480627 -0.000291 0.876925
vn -0.341850 -0.000566 0.939755
vn -0.343623 0.002956 0.939103
vn -0.130908 -0.000708 0.991394
vn -0.591040 0.005129 0.806626
vn -0.477312 0.003649 0.878726
vn -0.340816 0.001565 0.940129
vn -0.131963 -0.001602 0.991253
vn -0.131781 0.005222 0.991265
vn -0.582014 0.004178 0.813168
vn -0.470593 0.003546 0.882343
vn -0.466724 -0.000899 0.884403
vn -0.589782 0.004858 0.807548
vn -0.473502 0.004864 0.880780
vn -0.336230 0.003292 0.941774
vn -0.134541 0.013970 0.990810
vn -0.129676 0.003749 0.991549
vn -0.575470 0.004511 0.817811
vn -0.342426 0.003649 0.939538
vn -0.350216 0.007104 0.936642
vn -0.142019 0.010716 0.989806
vn -0.691912 0.010212 0.721910
vn -0.578787 0.009573 0.815423
vn -0.452583 0.006662 0.891697
vn -0.463456 0.005475 0.886103
vn -0.461555 0.013916 0.887002
vn -0.341617 0.007756 0.939807
vn -0.136892 -0.002553 0.990583
vn -0.003676 -0.999983 0.004592
vn -0.004415 -0.999979 0.004696
vn -0.002893 -0.999983 0.004999
vn -0.002875 -0.999986 0.004463
vn -0.003815 -0.999984 0.004124
vn -0.002735 -0.999991 0.003360
vn -0.002829 -0.999989 0.003847
vn -0.000953 -0.999994 0.003318
vn -0.001697 -0.999990 0.004049
vn -0.002075 -0.999986 0.004781
vn -0.000678 -0.999996 0.002556
vn -0.000137 -0.999997 0.002347
vn 0.000582 -0.999998 0.002051
vn -0.000189 -0.999998 0.002123
vn 0.000046 -0.999999 0.001403
vn 0.000081 -1.000000 0.000747
vn -0.885067 0.008071 0.465394
vn -0.801823 0.009548 0.597485
vn -0.797668 0.009787 0.603017
vn -0.705041 0.010531 0.709089
vn -0.884434 0.011559 0.466523
vn -0.801762 0.009630 0.597566
vn -0.702142 0.006352 0.712009
vn -0.980140 0.021911 0.197092
vn -0.984222 0.000605 0.176935
vn -0.979374 0.011523 0.201726
vn -0.979299 0.014003 0.201933
vn -0.946311 0.001873 0.323252
vn -0.938282 0.013809 0.345597
vn -0.942158 0.013455 0.334898
vn -0.707992 0.011406 0.706128
vn -0.874184 0.011597 0.485456
vn -0.876902 0.007995 0.480603
vn -0.881930 0.007355 0.471323
vn -0.800332 0.005654 0.599531
vn -0.800258 0.004790 0.599636
vn -0.699983 0.005350 0.714139
vn -0.934560 0.008849 0.355696
vn -0.797261 0.010710 0.603539
vn -0.696029 0.006105 0.717988
vn -0.699942 0.007303 0.714163
vn -0.979831 0.006884 0.199711
vn -0.935045 0.010844 0.354363
vn -0.936344 0.011353 0.350901
vn -0.979150 0.007699 0.202992
vn -0.872906 0.007362 0.487832
vn -0.871414 -0.000002 0.490549
vn -0.788370 0.005032 0.615181
vn -0.790792 0.005184 0.612063
vn -0.005232 -0.999976 0.004555
vn -0.998323 0.013903 0.056188
vn -0.980466 0.004932 0.196627
vn -0.975197 0.004416 0.221292
vn -0.933826 0.006842 0.357663
vn -0.691672 0.004247 0.722199
vn -0.680607 0.001918 0.732646
vn -0.004580 -0.999980 0.004335
vn -0.670836 -0.001753 0.741604
vn -0.010716 -0.999934 0.004231
vn -0.021552 -0.999750 0.005901
vn -0.006979 -0.999970 0.003456
vn -0.010908 -0.999936 0.003028
vn -0.022697 -0.999735 0.003923
vn -0.006094 -0.999978 0.002717
vn -0.006971 -0.999972 0.002735
vn -0.457830 -0.887725 0.048338
vn -0.870631 0.485490 0.079378
vn -0.637961 0.011951 0.769976
vn -0.155166 -0.987418 0.030470
vn -0.047165 -0.998835 0.010226
vn -0.519798 0.853012 0.046695
vn -0.926311 -0.366358 0.087913
vn -0.148141 -0.988796 0.018370
vn -0.046819 -0.998883 0.006350
vn -0.732836 0.006526 0.680374
vn -0.046863 -0.998745 0.017677
vn -0.047309 -0.998634 0.022168
vn -0.006905 -0.999962 0.005383
vn -0.020648 -0.999748 0.008801
vn -0.007050 -0.999966 0.004212
vn -0.010698 -0.999928 0.005520
vn -0.452406 -0.880691 0.140403
vn -0.801203 0.539820 0.258202
vn -0.903801 -0.322637 0.281158
vn -0.478808 0.862155 0.165624
vn -0.460720 -0.882982 0.089894
vn -0.846637 0.502157 0.176191
vn -0.917929 -0.352265 0.182528
vn -0.503049 0.856562 0.115081
vn -0.150635 -0.987346 0.049577
vn -0.003974 -0.999987 0.003265
vn -0.003880 -0.999986 0.003646
vn -0.002721 -0.999991 0.003238
vn -0.002815 -0.999992 0.002735
vn -0.000512 -0.999996 0.002976
vn -0.000794 -0.999996 0.002808
vn -0.001229 -0.999994 0.003252
vn 0.001122 -0.999996 0.002437
vn 0.000727 -0.999999 0.001277
vn -0.000437 -0.999996 0.002700
vn 0.001495 -0.999997 0.002131
vn 0.001367 -0.999996 0.002376
vn 0.001425 -0.999996 0.002557
vn -0.989641 0.016034 -0.142665
vn -0.989709 0.009364 -0.142791
vn -0.999626 0.011082 0.024998
vn -0.999395 0.020862 0.027813
vn -0.990938 0.011664 -0.133811
vn -0.959242 0.006125 -0.282519
vn -0.952671 0.004526 -0.303969
vn -0.902837 -0.001925 -0.429979
vn -0.906539 0.015885 -0.421823
vn -0.904961 0.003340 -0.425482
vn -0.841255 0.012383 -0.540497
vn -0.834757 0.001162 -0.550618
vn -0.957035 0.013540 -0.289657
vn -0.954202 0.015959 -0.298736
vn -0.913247 0.006668 -0.407351
vn -0.908961 0.014112 -0.416643
vn -0.841476 0.012195 -0.540158
vn -0.999463 0.011463 0.030699
vn -0.915187 0.007294 -0.402963
vn -0.999240 0.003259 0.038843
vn -0.993000 0.005717 -0.117974
vn -0.991875 0.010071 -0.126818
vn -0.994972 0.004174 -0.100070
vn -0.965173 0.008959 -0.261460
vn -0.961696 0.009335 -0.273959
vn -0.849090 0.003615 -0.528236
vn -0.844759 0.009163 -0.535069
vn -0.913769 0.006607 -0.406180
vn -0.848506 0.007758 -0.529128
vn -0.850036 0.000493 -0.526724
vn -0.997084 0.012547 0.075276
vn -0.999026 0.001514 0.044090
vn -0.996170 0.014186 -0.086285
vn -0.995875 0.016373 -0.089249
vn -0.967493 0.011406 -0.252640
vn -0.966992 0.012150 -0.254516
vn -0.916726 0.010169 -0.399387
vn -0.914331 0.010184 -0.404840
vn -0.761476 0.003499 -0.648184
vn -0.002880 -0.999994 0.002150
vn -0.002909 -0.999994 0.001685
vn -0.004217 -0.999989 0.002076
vn -0.000666 -0.999998 0.001862
vn -0.004339 -0.999990 0.000864
vn -0.000924 -0.999998 0.001593
vn -0.000524 -0.999997 0.002211
vn 0.001515 -0.999996 0.002240
vn 0.001463 -0.999997 0.002092
vn 0.001138 -0.999997 0.002254
vn -0.741982 0.005852 -0.670395
vn -0.742743 0.009679 -0.669506
vn -0.629869 0.001029 -0.776700
vn -0.502645 -0.000895 -0.864493
vn -0.361719 0.003513 -0.932281
vn -0.372060 0.004089 -0.928200
vn -0.151704 0.014799 -0.988315
vn -0.635213 0.013420 -0.772221
vn -0.502446 0.010742 -0.864542
vn -0.632513 0.010107 -0.774484
vn -0.507433 -0.000654 -0.861691
vn -0.141355 0.007597 -0.989930
vn -0.157838 -0.000094 -0.987465
vn -0.755553 0.003815 -0.655077
vn -0.749030 0.012076 -0.662426
vn -0.759722 -0.001728 -0.650246
vn -0.637457 0.004741 -0.770471
vn -0.505577 0.007695 -0.862747
vn -0.370641 0.005375 -0.928761
vn -0.505180 -0.002235 -0.863011
vn -0.503618 0.005783 -0.863907
vn -0.362343 -0.000562 -0.932045
vn -0.362235 0.002811 -0.932083
vn -0.143778 0.005526 -0.989595
vn -0.150450 -0.003624 -0.988611
vn -0.377099 0.002965 -0.926168
vn -0.152836 0.008792 -0.988212
vn -0.141478 -0.003589 -0.989935
vn -0.761105 0.012313 -0.648512
vn -0.640617 -0.001200 -0.767859
vn -0.641485 0.009429 -0.767078
vn -0.641893 0.000589 -0.766794
vn -0.507762 0.014683 -0.861372
vn -0.375590 0.006139 -0.926766
vn -0.372245 0.002149 -0.928132
vn -0.155514 0.002113 -0.987832
vn -0.007824 -0.999968 0.001385
vn -0.017407 -0.999842 0.003590
vn -0.007117 -0.999975 0.000026
vn -0.012668 -0.999920 -0.000092
vn -0.061820 -0.998087 -0.000722
vn -0.063841 -0.997926 0.008219
vn -0.790979 -0.599588 0.121845
vn -0.787338 -0.590131 0.178448
vn -0.534968 -0.835503 0.125473
vn -0.245309 -0.967795 0.056528
vn -0.549948 -0.830725 0.086332
vn -0.082101 -0.996539 0.013035
vn -0.268333 -0.962363 0.043081
vn -0.014543 -0.999886 0.004112
vn -0.056340 -0.998228 0.019136
vn -0.008149 -0.999963 0.002673
vn -0.014575 -0.999893 0.001603
vn -0.015406 -0.999868 0.005110
vn -0.934641 -0.301151 0.189090
vn -0.066212 -0.997707 0.014001
vn -0.917980 -0.396483 0.010668
vn -0.944002 -0.312867 0.104761
vn -0.986436 -0.021254 0.162763
vn -0.979603 -0.102688 0.172723
vn -0.003171 -0.999995 0.000623
vn -0.002993 -0.999995 0.001127
vn -0.001368 -0.999998 0.001327
vn -0.004329 -0.999991 0.000243
vn -0.003302 -0.999995 0.000096
vn -0.004301 -0.999991 -0.000151
vn -0.000369 -0.999998 0.001879
vn 0.000509 -0.999997 0.002320
vn 0.000572 -0.999995 0.003205
vn -0.001908 -0.999998 0.000708
vn -0.002383 -0.999997 0.000021
vn -0.000046 -0.999995 0.003014
vn -0.000040 -0.999993 0.003685
vn -0.000268 -0.999998 0.002007
vn -0.000194 -0.999994 0.003521
vn -0.003288 -0.999995 -0.000367
vn -0.003242 -0.999994 -0.000975
vn -0.004085 -0.999991 -0.001234
vn -0.002666 -0.999996 -0.000730
vn -0.001272 -0.999999 0.000894
vn -0.001821 -0.999998 -0.000374
vn -0.760101 0.638795 0.119113
vn -0.954749 0.256898 0.149862
vn -0.002018 -0.999997 -0.001506
vn -0.002740 -0.999995 -0.001595
vn -0.000631 -0.999998 0.001718
vn -0.000984 -1.000000 -0.000045
vn -0.000327 -1.000000 0.000123
vn -0.000395 -0.999999 -0.001204
vn -0.001189 -0.999998 -0.001331
vn 0.021086 0.999563 -0.020744
vn 0.006094 0.999523 -0.030285
vn -0.303561 0.951634 0.047375
vn -0.010247 0.999947 -0.000307
vn 0.020940 0.999727 -0.010359
vn -0.001331 -0.999995 -0.002956
vn -0.000408 -0.999997 -0.002222
vn -0.725773 0.646795 0.234327
vn -0.945851 0.079706 0.314664
vn 0.004266 0.999952 -0.008836
vn 0.001469 0.999815 -0.019167
vn -0.001511 0.999606 -0.028046
vn -0.283819 0.954745 0.088933
vn -0.013898 0.999902 0.001976
vn -0.984569 0.077836 0.156736
vn -0.986975 0.019700 0.159664
vn -0.001764 -0.999976 0.006728
vn -0.002487 -0.999975 0.006648
vn -0.003012 -0.999967 0.007575
vn -0.001136 -0.999976 0.006787
vn -0.001930 -0.999970 0.007507
vn -0.002358 -0.999979 0.006052
vn -0.001154 -0.999979 0.006300
vn -0.010523 -0.999908 0.008505
vn -0.005483 -0.999962 0.006727
vn -0.005106 -0.999975 0.004952
vn -0.006929 -0.999959 0.005895
vn -0.006444 -0.999961 0.006015
vn -0.004841 -0.999974 0.005331
vn -0.004345 -0.999974 0.005841
vn -0.004370 -0.999960 0.007802
vn -0.003962 -0.999971 0.006448
vn -0.003811 -0.999969 0.006818
vn -0.003320 -0.999972 0.006714
vn -0.004609 -0.999956 0.008143
vn -0.344601 0.873796 0.343118
vn -0.037492 -0.998733 0.033581
vn -0.012584 -0.999745 0.018728
vn -0.007096 -0.999911 0.011283
vn -0.014173 -0.999698 0.020086
vn -0.031173 -0.998717 0.039899
vn -0.009116 -0.999914 0.009468
vn -0.015589 -0.999776 0.014329
vn -0.004588 -0.999960 0.007739
vn -0.007063 -0.999915 0.010939
vn -0.406404 0.883688 0.232233
vn -0.431503 -0.869324 0.241000
vn -0.837017 -0.275004 0.473049
vn -0.691705 0.607213 0.390944
vn -0.145986 -0.986120 0.079089
vn -0.018051 -0.999748 0.013312
vn -0.041992 -0.998839 0.023619
vn -0.037876 -0.998885 0.028180
vn -0.010528 -0.999919 0.007110
vn -0.019966 -0.999740 0.011041
vn -0.010636 -0.999911 0.008035
vn -0.019069 -0.999736 0.012801
vn -0.876224 -0.299127 0.377829
vn -0.440393 -0.876830 0.192933
vn -0.749508 0.578104 0.322542
vn -0.149736 -0.986471 0.066735
vn -0.389005 -0.848646 0.358433
vn -0.720039 -0.151845 0.677116
vn -0.544491 0.651148 0.528711
vn -0.123564 -0.986000 0.111964
vn -0.784286 -0.222988 0.578940
vn -0.371767 0.884332 0.282393
vn -0.619803 0.629030 0.469217
vn -0.412402 -0.861159 0.297202
vn -0.132720 -0.986533 0.095594
vn -0.000416 -0.999980 0.006382
vn -0.047777 -0.998607 0.022386
vn -0.007365 -0.999962 0.004729
vn -0.035604 -0.999113 0.022481
vn -0.195923 -0.975801 0.097090
vn -0.010171 -0.999934 0.005281
vn -0.849522 -0.288766 0.441505
vn -0.711013 -0.600981 0.365078
vn -0.456749 -0.858924 0.231582
vn -0.899000 -0.303453 0.315777
vn -0.753469 -0.599320 0.270370
vn -0.217789 -0.972731 0.079768
vn -0.497002 -0.848609 0.181252
vn -0.887756 -0.012619 0.460141
vn -0.883282 -0.085164 0.461042
vn -0.947357 -0.013499 0.319896
vn -0.948061 0.022599 0.317285
vn -0.941520 -0.096198 0.322934
vn -0.642252 -0.604627 0.471103
vn -0.773077 -0.281926 0.568216
vn -0.354803 -0.863410 0.358661
vn -0.405662 -0.864762 0.296015
vn -0.170451 -0.977887 0.121177
vn -0.805648 -0.017364 0.592140
vn -0.802890 -0.084608 0.590092
vn -0.888098 0.079307 0.452760
vn -0.685808 0.642129 0.342546
vn -0.864579 0.248530 0.436734
vn -0.889399 0.021442 0.456628
vn -0.917344 0.259094 0.302243
vn -0.006925 0.999947 0.007628
vn 0.009555 0.999928 0.007248
vn 0.017448 0.999848 0.000796
vn 0.010673 0.999798 0.017027
vn -0.258778 0.957320 0.128735
vn -0.786318 0.237236 0.570459
vn -0.805587 0.017300 0.592225
vn -0.804984 0.070072 0.589144
vn -0.619971 0.644315 0.447766
vn -0.225126 0.960694 0.162433
vn 0.015774 0.999850 -0.007224
vn -0.000283 1.000000 0.000659
vn -0.001389 -0.999936 0.011216
vn -0.000373 -0.999967 0.008078
vn -0.001097 -0.999969 0.007737
vn -0.000260 -0.999932 0.011680
vn -0.002896 -0.999935 0.011001
vn -0.006412 -0.999757 0.021104
vn -0.003490 -0.999808 0.019309
vn -0.037850 0.919726 0.390732
vn -0.050731 -0.828112 0.558263
vn -0.068843 0.647604 0.758861
vn -0.088330 -0.156154 0.983775
vn -0.000758 -0.999839 0.017927
vn -0.013759 -0.987180 0.159014
vn -0.002084 -0.999308 0.037126
vn -0.130436 -0.830629 0.541333
vn -0.180457 0.655830 0.733023
vn -0.224270 -0.162707 0.960848
vn -0.159886 0.915999 0.367944
vn -0.176283 -0.831444 0.526902
vn -0.326111 -0.147231 0.933796
vn -0.263475 0.673240 0.690890
vn -0.106704 0.919540 0.378232
vn -0.018014 -0.998558 0.050568
vn -0.058260 -0.983437 0.171634
vn -0.011918 -0.999082 0.041143
vn -0.045498 -0.985150 0.165556
vn -0.002873 -0.999978 0.005938
vn -0.004096 -0.999978 0.005134
vn -0.003774 -0.999978 0.005546
vn -0.259357 0.881082 0.395510
vn -0.028899 -0.998489 0.046742
vn -0.089331 -0.984532 0.150720
vn -0.007908 -0.999747 0.021071
vn -0.020720 -0.998408 0.052464
vn -0.006586 -0.999926 0.010265
vn -0.004179 -0.999936 0.010567
vn -0.012618 -0.999739 0.019070
vn -0.435245 0.680992 0.588907
vn -0.344310 -0.815192 0.465738
vn -0.295260 0.864420 0.406939
vn -0.595613 -0.041676 0.802190
vn -0.100063 -0.985373 0.137941
vn -0.322698 0.864990 0.384264
vn -0.371141 -0.828831 0.418682
vn -0.481394 0.669023 0.566275
vn -0.653769 -0.084549 0.751956
vn -0.112596 -0.985511 0.126844
vn -0.030618 -0.998600 0.043131
vn -0.300416 -0.817618 0.491173
vn -0.536592 -0.050951 0.842303
vn -0.398415 0.693372 0.600418
vn -0.212734 0.903901 0.371089
vn -0.236639 -0.828111 0.508168
vn -0.342280 0.692612 0.634928
vn -0.441908 -0.101690 0.891278
vn -0.070825 -0.983927 0.163924
vn -0.689541 0.008027 0.724202
vn -0.579983 0.011901 0.814542
vn -0.575326 0.007461 0.817890
vn -0.441687 0.003266 0.897163
vn -0.441159 0.006802 0.897403
vn -0.312925 0.003406 0.949772
vn -0.309765 0.010190 0.950759
vn -0.126341 -0.008699 0.991949
vn -0.324825 -0.002555 0.945771
vn -0.117423 0.012406 0.993005
vn 0.000005 -0.999979 0.006494
vn -0.003080 -0.999804 0.019537
vn -0.001218 -0.999948 0.010099
vn -0.001186 -0.999991 0.004160
vn -0.006650 -0.999890 0.013255
vn -0.006485 -0.999815 0.018096
vn -0.002978 -0.999961 0.008335
vn -0.002104 -0.999993 0.003062
vn -0.096371 -0.638492 0.763571
vn -0.118223 -0.337593 0.933838
vn -0.059781 -0.879345 0.472417
vn 0.000512 -0.999942 0.010740
vn -0.061157 -0.985374 0.159054
vn -0.019153 -0.986675 0.161571
vn -0.123913 -0.027723 0.991906
vn -0.124870 -0.119593 0.984939
vn -0.092506 -0.981944 0.165011
vn -0.004324 -0.999959 0.007959
vn -0.015650 -0.999612 0.023037
vn -0.576056 -0.308433 0.756987
vn -0.124501 -0.979297 0.159616
vn -0.479097 -0.613564 0.627698
vn -0.024495 -0.999240 0.030327
vn -0.302323 -0.868115 0.393672
vn -0.869894 0.008047 0.493174
vn -0.787095 0.008722 0.616771
vn -0.779760 0.007520 0.626034
vn -0.972546 0.000849 0.232711
vn -0.971876 0.000497 0.235494
vn -0.928880 0.004547 0.370354
vn -0.929222 0.005695 0.369479
vn -0.931448 -0.001233 0.363873
vn -0.600782 -0.009859 0.799352
vn -0.598156 0.015684 0.801226
vn -0.600675 -0.097690 0.793502
vn -0.309798 -0.328685 0.892184
vn -0.367956 -0.627163 0.686495
vn -0.445993 -0.317790 0.836720
vn -0.254361 -0.639702 0.725315
vn -0.230978 -0.873440 0.428664
vn -0.160875 -0.879978 0.446942
vn -0.325639 -0.025065 0.945162
vn -0.325051 -0.110491 0.939220
vn -0.465948 -0.017371 0.884642
vn -0.464864 0.014795 0.885258
vn -0.464842 -0.102368 0.879456
vn -0.560390 -0.604941 0.565694
vn -0.676013 -0.291573 0.676750
vn -0.707409 -0.012948 0.706686
vn -0.706359 -0.089736 0.702143
vn -0.005554 -0.999977 0.003847
vn -0.004930 -0.999983 0.003275
vn -0.004748 -0.999982 0.003796
vn -0.005929 -0.999977 0.003258
vn -0.005067 -0.999984 0.002669
vn -0.004101 -0.999988 0.002700
vn 0.025145 0.999293 -0.027946
vn 0.019421 0.999791 -0.006338
vn 0.025333 0.999674 0.003044
vn 0.037766 0.999025 -0.022860
vn -0.079102 0.690683 0.718818
vn -0.116811 0.097354 0.988371
vn -0.225732 0.685421 0.692274
vn -0.301874 0.294312 0.906782
vn -0.109508 0.295348 0.949093
vn -0.016574 0.970789 0.239361
vn 0.017191 0.999830 0.006642
vn -0.069721 0.967334 0.243731
vn 0.015808 0.999865 -0.004422
vn -0.996335 -0.003857 0.085448
vn -0.997312 -0.002166 -0.073246
vn -0.996835 -0.004925 -0.079348
vn -0.968914 -0.003353 -0.247374
vn -0.919201 -0.001503 -0.393785
vn -0.856085 0.003598 -0.516823
vn -0.765634 0.003145 -0.643269
vn -0.849916 0.012014 -0.526781
vn -0.441348 0.646994 0.621781
vn -0.564747 0.272036 0.779139
vn -0.592833 0.072169 0.802086
vn 0.002066 0.999898 0.014112
vn -0.131051 0.955927 0.262734
vn 0.018343 0.999596 -0.021722
vn 0.009488 0.999955 -0.000588
vn -0.179277 0.950235 0.254780
vn -0.198348 0.955974 0.216268
vn 0.005497 0.999928 -0.010716
vn -0.009303 0.999877 0.012641
vn -0.323108 0.015436 0.946236
vn -0.318267 0.090201 0.943700
vn -0.439888 0.286367 0.851171
vn -0.343867 0.660812 0.667145
vn -0.459901 0.081425 0.884229
vn -0.526137 0.642779 0.556789
vn -0.676028 0.243526 0.695472
vn -0.704522 0.016297 0.709495
vn -0.701391 0.064983 0.709808
vn -0.006127 -0.999980 0.001771
vn -0.005208 -0.999985 0.001907
vn -0.006298 -0.999980 0.000975
vn -0.005378 -0.999985 0.001305
vn -0.004313 -0.999990 0.001541
vn -0.005425 -0.999985 0.000688
vn -0.764405 0.010046 -0.644659
vn -0.644014 0.014158 -0.764882
vn -0.645976 -0.002572 -0.763354
vn -0.511795 -0.001628 -0.859106
vn -0.505042 -0.001360 -0.863094
vn -0.371906 0.012150 -0.928191
vn -0.506602 0.008299 -0.862140
vn -0.374537 0.003799 -0.927204
vn -0.156187 0.007238 -0.987701
vn -0.154412 0.010268 -0.987953
vn -0.644359 0.009336 -0.764666
vn -0.641450 -0.011012 -0.767086
vn -0.524598 0.012148 -0.851264
vn -0.528839 0.013095 -0.848621
vn -0.520226 -0.012736 -0.853934
vn -0.383702 -0.006240 -0.923436
vn -0.388591 0.009289 -0.921363
vn -0.157513 -0.003489 -0.987511
vn -0.157106 0.006615 -0.987560
vn -0.674372 0.003422 -0.738384
vn -0.660554 0.005762 -0.750756
vn -0.537841 0.001590 -0.843045
vn -0.388589 0.012890 -0.921321
vn -0.392685 0.001559 -0.919672
vn -0.682950 0.002861 -0.730459
vn -0.546126 -0.003968 -0.837694
vn -0.397272 -0.010548 -0.917640
vn -0.158863 0.011202 -0.987237
vn -0.162511 0.000223 -0.986707
vn -0.162340 -0.019797 -0.986536
vn -0.696998 -0.026937 -0.716567
vn -0.577385 -0.043324 -0.815322
vn -0.557923 -0.025639 -0.829496
vn -0.397162 -0.031683 -0.917202
vn -0.715989 -0.046586 -0.696555
vn -0.598467 -0.027296 -0.800682
vn -0.440224 0.120713 -0.889737
vn -0.431038 -0.016273 -0.902187
vn -0.407106 -0.033815 -0.912755
vn -0.159694 -0.024800 -0.986855
vn -0.173488 -0.001777 -0.984834
vn -0.156881 -0.045848 -0.986553
vn -0.513862 0.555185 -0.653999
vn -0.606643 0.136517 -0.783165
vn -0.374286 0.522964 -0.765780
vn -0.251690 0.799349 -0.545612
vn -0.180843 0.110386 -0.977298
vn -0.154561 0.494710 -0.855203
vn -0.102662 0.782012 -0.614750
vn -0.194589 0.858884 -0.473765
vn -0.077241 0.851500 -0.518634
vn -0.120991 0.017003 0.992508
vn -0.004219 -0.999991 -0.000592
vn -0.003929 -0.999991 -0.001872
vn -0.003234 -0.999993 -0.001679
vn -0.002713 -0.999994 -0.002329
vn -0.003157 -0.999991 -0.002857
vn -0.003203 -0.999992 -0.002337
vn -0.001290 -0.999997 -0.002211
vn -0.002118 -0.999995 -0.002277
vn -0.002177 -0.999993 -0.002956
vn -0.002730 -0.999990 -0.003533
vn -0.002687 -0.999992 -0.002902
vn -0.000430 -0.999993 -0.003778
vn -0.001347 -0.999992 -0.003718
vn -0.000408 -0.999996 -0.002931
vn -0.472215 -0.855372 -0.212961
vn -0.818165 0.436253 -0.374554
vn -0.476655 0.849498 -0.226172
vn -0.853923 -0.348637 -0.386352
vn -0.467956 -0.869049 -0.160535
vn -0.504665 0.844432 -0.179576
vn -0.883473 -0.358658 -0.301395
vn -0.852088 0.435155 -0.290836
vn -0.028383 -0.999470 -0.015974
vn -0.056699 -0.998135 -0.022620
vn -0.168178 -0.983009 -0.073550
vn -0.057738 -0.997714 -0.035127
vn -0.171162 -0.979957 -0.101924
vn -0.005968 -0.999982 -0.000804
vn -0.007674 -0.999969 -0.002057
vn -0.013686 -0.999894 -0.005000
vn -0.024799 -0.999649 -0.009347
vn -0.013608 -0.999890 -0.005900
vn -0.024874 -0.999605 -0.013103
vn -0.024470 -0.999674 -0.007249
vn -0.172901 -0.976147 -0.131308
vn -0.442292 0.829062 -0.342103
vn -0.437747 -0.829944 -0.345790
vn -0.714324 0.414922 -0.563543
vn -0.742783 -0.314917 -0.590848
vn -0.787291 -0.320290 -0.526866
vn -0.751290 0.432372 -0.498616
vn -0.068580 -0.996501 -0.047773
vn -0.065896 -0.996852 -0.044100
vn -0.174047 -0.977601 -0.118340
vn -0.463472 0.844226 -0.269214
vn -0.466951 -0.842950 -0.267194
vn -0.779096 0.440183 -0.446372
vn -0.820018 -0.333316 -0.465264
vn -0.464062 0.834186 -0.297962
vn -0.455663 -0.836071 -0.305544
vn -0.005951 -0.999981 -0.001519
vn -0.005871 -0.999981 -0.002006
vn -0.004970 -0.999986 -0.001551
vn -0.004786 -0.999986 -0.002155
vn -0.005050 -0.999987 -0.000948
vn -0.008378 -0.999960 -0.003024
vn -0.007497 -0.999957 -0.005403
vn -0.009713 -0.999920 -0.008144
vn -0.009053 -0.999914 -0.009528
vn -0.025754 -0.999442 -0.021278
vn -0.063045 -0.996539 -0.054188
vn -0.004602 -0.999986 -0.002722
vn -0.005664 -0.999980 -0.002711
vn -0.005586 -0.999979 -0.003411
vn -0.007206 -0.999961 -0.005107
vn -0.009601 -0.999926 -0.007448
vn -0.011807 -0.999911 -0.006286
vn -0.008319 -0.999961 -0.002929
vn -0.013742 -0.999890 -0.005577
vn -0.007296 -0.999965 -0.003993
vn -0.029187 -0.999411 -0.018046
vn -0.003166 -0.999989 -0.003462
vn -0.004296 -0.999986 -0.003200
vn -0.003521 -0.999982 -0.004886
vn -0.003923 -0.999982 -0.004611
vn -0.006678 -0.999959 -0.006041
vn -0.003802 -0.999990 -0.002421
vn -0.003667 -0.999989 -0.002805
vn -0.003609 -0.999988 -0.003313
vn -0.005647 -0.999978 -0.003633
vn -0.004509 -0.999985 -0.002990
vn -0.005045 -0.999980 -0.003940
vn -0.287697 0.913840 -0.286579
vn -0.710509 0.050734 -0.701857
vn -0.699152 0.206019 -0.684648
vn -0.589764 0.562276 -0.579676
vn -0.239268 0.916863 -0.319551
vn 0.016541 0.999614 0.022327
vn -0.028102 0.998853 -0.038771
vn 0.035137 0.999173 0.020485
vn 0.025348 0.999277 0.028330
vn -0.585363 0.208352 -0.783543
vn -0.491634 0.573029 -0.655694
vn -0.016612 0.999335 -0.032451
vn -0.184181 0.921945 -0.340727
vn -0.595046 0.043471 -0.802515
vn -0.451447 0.033887 -0.891654
vn -0.383321 0.573015 -0.724375
vn -0.450764 0.196717 -0.870698
vn 0.042775 0.998026 0.045978
vn 0.053356 0.998479 0.013885
vn 0.039706 0.999167 0.009435
vn 0.017400 0.999232 0.035121
vn -0.005036 0.999832 -0.017627
vn -0.117472 0.925609 -0.359789
vn 0.027120 0.998240 0.052735
vn 0.004018 0.999606 -0.027771
vn -0.034315 0.912537 -0.407552
vn 0.013933 0.997205 0.073401
vn 0.011061 0.997522 0.069481
vn -0.303486 -0.003519 -0.952829
vn -0.303615 0.029694 -0.952332
vn -0.251094 0.568544 -0.783396
vn -0.297944 0.187497 -0.935988
vn -0.710873 -0.077973 -0.698985
vn -0.708869 -0.008446 -0.705289
vn -0.707905 0.007697 -0.706266
vn -0.351681 -0.869266 -0.347416
vn -0.628585 -0.625906 -0.461652
vn -0.555074 -0.628963 -0.544334
vn -0.681673 -0.304027 -0.665500
vn -0.766950 -0.306254 -0.563911
vn -0.591064 0.000599 -0.806624
vn -0.298056 -0.866200 -0.401074
vn -0.463010 -0.636758 -0.616573
vn -0.567864 -0.317994 -0.759217
vn -0.027730 -0.999201 -0.028794
vn -0.126477 -0.976916 -0.172158
vn -0.145673 -0.978576 -0.145493
vn -0.023674 -0.998484 -0.049694
vn -0.002578 -0.999975 -0.006572
vn -0.113222 -0.971413 -0.208657
vn -0.006864 -0.999933 -0.009294
vn -0.004744 -0.999971 -0.005972
vn -0.005109 -0.999935 -0.010233
vn -0.003185 -0.999972 -0.006753
vn -0.005809 -0.999967 -0.005715
vn -0.592275 -0.073941 -0.802336
vn -0.592449 0.008107 -0.805567
vn -0.443245 -0.080503 -0.892778
vn -0.440577 -0.012366 -0.897630
vn -0.445648 0.002408 -0.895205
vn -0.377891 -0.637996 -0.670939
vn -0.335138 -0.645284 -0.686506
vn -0.367535 -0.321119 -0.872812
vn -0.443788 -0.320554 -0.836838
vn -0.232852 -0.851711 -0.469434
vn -0.253123 -0.857712 -0.447504
vn -0.002070 -0.999955 -0.009247
vn -0.002114 -0.999971 -0.007323
vn -0.002141 -0.999953 -0.009500
vn -0.000495 -0.999972 -0.007408
vn -0.000725 -0.999974 -0.007145
vn -0.002260 -0.999574 -0.029087
vn -0.050607 -0.967642 -0.247202
vn -0.089757 -0.857611 -0.506406
vn -0.161010 -0.853028 -0.496407
vn -0.131111 -0.638255 -0.758578
vn -0.231912 -0.657677 -0.716713
vn -0.278661 -0.398300 -0.873902
vn -0.006720 -0.998476 -0.054774
vn -0.023799 -0.996869 -0.075407
vn -0.109373 -0.965510 -0.236282
vn -0.094180 -0.950862 -0.294943
vn -0.021708 -0.974019 -0.225423
vn -0.039763 -0.860684 -0.507584
vn -0.001020 -0.999935 -0.011322
vn -0.385177 0.834263 -0.394517
vn -0.655796 0.413929 -0.631344
vn -0.690314 -0.313639 -0.651995
vn -0.130402 -0.978786 -0.158028
vn -0.105101 -0.981561 -0.159661
vn -0.344873 -0.833497 -0.431678
vn -0.319311 0.851829 -0.415245
vn -0.273116 0.852970 -0.444804
vn -0.290888 -0.843320 -0.451880
vn -0.508887 -0.325946 -0.796740
vn -0.583876 -0.316370 -0.747663
vn -0.549194 0.438215 -0.711585
vn -0.022584 -0.999534 -0.020553
vn -0.057745 -0.996781 -0.055610
vn -0.017792 -0.999610 -0.021543
vn -0.046574 -0.997312 -0.056560
vn -0.165685 -0.974621 -0.150542
vn -0.154495 -0.975387 -0.157329
vn -0.414882 -0.823035 -0.387925
vn -0.389240 -0.824334 -0.411054
vn -0.606059 0.429838 -0.669277
vn -0.349255 0.845763 -0.403369
vn -0.224462 0.935396 -0.273225
vn -0.645192 -0.313335 -0.696813
vn -0.011575 -0.999759 -0.018660
vn -0.030045 -0.998176 -0.052365
vn -0.014881 -0.999665 -0.021157
vn -0.037625 -0.997806 -0.054478
vn -0.005027 -0.999963 -0.006923
vn -0.007344 -0.999915 -0.010758
vn -0.477622 0.444545 -0.757797
vn -0.365961 -0.344838 -0.864384
vn -0.341210 0.466155 -0.816257
vn -0.086906 -0.983400 -0.159283
vn -0.202227 -0.862810 -0.463318
vn -0.195841 0.858965 -0.473103
vn -0.245021 -0.853034 -0.460759
vn -0.237030 0.855091 -0.461126
vn -0.411767 0.455495 -0.789286
vn -0.438221 -0.338884 -0.832538
vn -0.003624 -0.999947 -0.009648
vn -0.005297 -0.999938 -0.009789
vn -0.008449 -0.999793 -0.018528
vn -0.002267 -0.999987 -0.004540
vn -0.002173 -0.999991 -0.003609
vn -0.002702 -0.999975 -0.006522
vn -0.003162 -0.999984 -0.004670
vn -0.003994 -0.999970 -0.006570
vn -0.004429 -0.999966 -0.006930
vn -0.006445 -0.999926 -0.010300
vn -0.000100 -0.999970 -0.007704
vn 0.000646 -0.999907 -0.013630
vn -0.000737 -0.999940 -0.010957
vn -0.001268 -0.999755 -0.022121
vn -0.000364 -0.999987 -0.005102
vn -0.001269 -0.999988 -0.004768
vn -0.001158 -0.999976 -0.006908
vn -0.162839 0.856939 -0.489019
vn -0.099503 -0.875649 -0.472586
vn -0.146977 0.845535 -0.513292
vn -0.202805 0.441180 -0.874203
vn -0.194940 -0.356994 -0.913539
vn -0.144710 -0.869984 -0.471367
vn -0.275497 -0.348250 -0.896004
vn -0.264424 0.467232 -0.843667
vn -0.006063 -0.999787 -0.019733
vn -0.043680 -0.989137 -0.140357
vn -0.021692 -0.998557 -0.049129
vn -0.013933 -0.998874 -0.045353
vn -0.067632 -0.986631 -0.148274
vn 0.000820 -0.999721 -0.023603
vn 0.000079 -0.999089 -0.042674
vn -0.008918 -0.992081 -0.125282
vn -0.026979 -0.990555 -0.134436
vn -0.043332 -0.880122 -0.472766
vn -0.066524 0.835581 -0.545325
vn -0.085381 -0.358759 -0.929517
vn -0.089554 0.410126 -0.907622
vn -0.005442 -0.999079 -0.042571
vn -0.114303 0.003774 -0.993439
vn -0.109185 0.047044 -0.992908
vn -0.081839 0.546997 -0.833125
vn -0.100855 0.193043 -0.975993
vn -0.297578 -0.087548 -0.950675
vn -0.300707 -0.028002 -0.953306
vn -0.115950 -0.022494 -0.993000
vn -0.202389 -0.305146 -0.930551
vn -0.110651 -0.071917 -0.991254
vn -0.059483 -0.611159 -0.789270
vn -0.088096 -0.274561 -0.957526
vn -0.213748 0.924846 0.314597
vn -0.238564 0.910362 0.338125
vn -0.270491 0.907985 0.319995
vn -0.382667 0.597268 0.704866
vn -0.459463 0.321511 0.827964
vn -0.212024 0.894867 0.392759
vn -0.154222 0.938179 0.309895
vn -0.253769 0.888193 0.383032
vn -0.179464 0.931235 0.317164
vn -0.170479 0.932671 0.317902
vn -0.203206 0.919853 0.335525
vn -0.088048 0.949894 0.299915
vn -0.131762 0.943582 0.303797
vn -0.033615 0.946296 0.321550
vn -0.031655 0.951936 0.304656
vn -0.324027 0.601607 0.730120
vn -0.256050 0.612772 0.747629
vn -0.182515 0.902145 0.390925
vn -0.224911 0.690021 0.687958
vn -0.268726 0.490843 0.828770
vn -0.293617 0.322038 0.900045
vn -0.182120 0.499372 0.847030
vn -0.291820 0.686302 0.666207
vn -0.380251 0.313874 0.869996
vn -0.350131 0.490659 0.797911
vn -0.180273 0.619184 0.764273
vn -0.089369 0.945694 0.312533
vn -0.110410 0.905655 0.409388
vn -0.150488 0.905351 0.397106
vn -0.124544 0.943630 0.306677
vn -0.054375 0.692568 0.719300
vn -0.148518 0.693039 0.705435
vn -0.067656 0.624968 0.777713
vn -0.040551 0.908080 0.416829
vn -0.202871 0.336233 0.919669
vn -0.065898 0.507574 0.859085
vn -0.075936 0.348974 0.934051
vn 0.009822 0.999582 -0.027187
vn 0.007876 0.999760 -0.020425
vn -0.006523 0.999970 0.004077
vn 0.027687 0.999325 -0.024140
vn 0.011151 0.999694 -0.022065
vn 0.020495 0.999228 -0.033507
vn 0.010497 0.999667 -0.023580
vn 0.014213 0.999751 0.017229
vn 0.036746 0.999074 0.022360
vn 0.025136 0.999673 0.004611
vn 0.030440 0.999157 0.027548
vn 0.019239 0.999424 0.027950
vn 0.031284 0.999510 -0.000816
vn 0.017648 0.999814 -0.007771
vn 0.048537 0.998213 -0.034852
vn 0.039931 0.998672 -0.032555
vn 0.048223 0.997799 -0.045523
vn 0.033008 0.998580 -0.041812
vn 0.024674 0.999090 -0.034798
vn 0.027231 0.998461 -0.048304
vn 0.035357 0.999070 0.024700
vn 0.038834 0.999056 0.019491
vn 0.043233 0.999061 -0.002914
vn 0.040307 0.999179 -0.004141
vn 0.015852 0.999388 0.031185
vn 0.020445 0.999791 -0.000457
vn -0.011446 -0.999874 0.011002
vn -0.007186 -0.999952 0.006583
vn -0.004880 -0.999982 0.003415
vn -0.002628 -0.999990 0.003550
vn -0.028358 -0.999191 0.028514
vn -0.147260 -0.977741 0.149458
vn -0.045392 -0.997063 0.061677
vn -0.009999 -0.999856 0.013711
vn -0.005449 -0.999955 0.007764
vn -0.008232 -0.999839 0.015964
vn -0.481834 -0.807604 0.340019
vn -0.251950 -0.951446 0.176841
vn -0.013332 -0.999883 0.007501
vn -0.007530 -0.999962 0.004427
vn -0.057443 -0.997888 0.030335
vn -0.007846 -0.999953 0.005759
vn -0.056804 -0.997611 0.039310
vn -0.052289 -0.997296 0.051647
vn -0.012378 -0.999887 0.008524
vn -0.381913 -0.884261 0.268745
vn -0.355256 -0.797679 0.487341
vn -0.199318 -0.941283 0.272503
vn -0.425417 -0.803294 0.416821
vn -0.229453 -0.946580 0.226578
vn -0.274107 -0.798528 0.535928
vn -0.159615 -0.937790 0.308340
vn -0.180252 -0.801021 0.570854
vn -0.107930 -0.936292 0.334229
vn -0.027741 -0.996245 0.082012
vn -0.037909 -0.996676 0.072104
vn -0.072451 -0.806978 0.586121
vn -0.042927 -0.941249 0.334975
vn -0.010996 -0.996636 0.081218
vn 0.009192 -0.999937 -0.006421
vn 0.009661 -0.999896 -0.010701
vn -0.060026 -0.996840 0.052033
vn -0.326409 -0.891720 0.313516
vn -0.037733 -0.997973 0.051239
vn -0.256617 -0.900301 0.351576
vn -0.012812 -0.999047 0.041717
vn -0.188696 -0.910403 0.368184
vn 0.000724 -0.998691 0.051136
vn -0.118727 -0.917573 0.379425
vn -0.042609 -0.917408 0.395660
vn -0.001250 -0.999998 0.001661
vn -0.001925 -0.999995 0.002602
vn -0.002593 -0.999992 0.003165
vn -0.004102 -0.999974 0.005911
vn -0.004884 -0.999968 0.006359
vn 0.008770 -0.999892 -0.011804
vn 0.004149 -0.999946 -0.009545
vn -0.024933 -0.998626 0.046096
vn -0.003065 -0.999922 0.012084
vn -0.001266 -0.999985 0.005258
vn -0.002161 -0.999992 0.003484
vn -0.001073 -0.999997 0.002280
vn -0.000954 -0.999996 0.002492
vn -0.002112 -0.999984 0.005202
vn 0.002176 -0.999997 -0.000634
vn 0.001974 -0.999979 -0.006251
vn -0.292357 0.905162 0.308560
vn -0.035797 0.908469 0.416416
vn -0.093471 0.906170 0.412456
vn -0.091808 0.985667 0.141535
vn -0.076223 0.985671 0.150474
vn -0.098685 0.983161 0.153804
vn -0.125596 0.983442 0.130639
vn -0.111336 0.983160 0.144917
vn -0.260590 0.902144 0.343845
vn -0.079461 0.983489 0.162588
vn -0.185938 0.900276 0.393612
vn -0.140897 0.902935 0.406026
vn -0.226405 0.900286 0.371787
vn -0.021796 0.962676 0.269778
vn -0.058917 0.962247 0.265724
vn -0.013338 0.984116 0.177028
vn -0.088050 0.962252 0.257525
vn -0.036417 0.984699 0.170419
vn -0.054983 0.985300 0.161740
vn -0.011702 0.986878 0.161047
vn -0.037139 0.985971 0.162735
vn -0.058579 0.984465 0.165523
vn -0.330573 0.910717 0.247620
vn -0.319013 0.916204 0.242490
vn -0.446527 0.872174 0.199815
vn -0.628897 0.681017 0.375107
vn -0.780292 0.427536 0.456461
vn -0.390732 0.902555 0.180893
vn -0.369861 0.913068 0.171783
vn -0.420891 0.885919 0.194934
vn -0.401087 0.883280 0.242788
vn -0.348242 0.913575 0.210022
vn -0.373466 0.882023 0.287332
vn -0.365692 0.905426 0.215576
vn -0.671664 0.381972 0.634795
vn -0.506932 0.618134 0.600775
vn -0.550159 0.640587 0.535698
vn -0.281653 0.918445 0.277725
vn -0.333721 0.882115 0.332422
vn -0.540718 0.678450 0.497323
vn -0.637416 0.494827 0.590633
vn -0.570637 0.494464 0.655652
vn -0.609630 0.356992 0.707748
vn -0.298498 0.884205 0.359278
vn -0.250899 0.920783 0.298678
vn -0.295491 0.910168 0.290308
vn -0.484808 0.677320 0.553353
vn -0.533679 0.339038 0.774752
vn -0.445736 0.603828 0.660842
vn -0.358243 0.677006 0.642903
vn -0.426950 0.492344 0.758493
vn -0.497076 0.494132 0.713267
vn -0.491296 0.760388 0.424781
vn -0.499831 0.787740 0.360048
vn -0.407650 0.860682 0.305038
vn -0.380833 0.861534 0.335746
vn -0.455464 0.795428 0.399807
vn -0.639696 0.260549 0.723120
vn -0.447731 0.755072 0.478961
vn -0.401576 0.808135 0.430877
vn -0.343928 0.864116 0.367446
vn -0.543569 0.591250 0.595782
vn -0.341468 0.816401 0.465713
vn -0.293600 0.866695 0.403284
vn -0.751319 0.498477 0.432482
vn -0.639214 0.677299 0.364240
vn -0.729686 0.407811 0.548861
vn -0.594732 0.663101 0.454523
vn -0.592013 0.677821 0.435981
vn -0.696696 0.497441 0.516883
vn -0.483419 0.221866 0.846807
vn -0.416181 0.524791 0.742555
vn -0.221437 0.883672 0.412419
vn -0.214101 0.747029 0.629371
vn -0.236356 0.818358 0.523858
vn -0.186722 0.811050 0.554377
vn -0.199060 0.870570 0.449982
vn -0.055408 0.750219 0.658864
vn -0.045523 0.797982 0.600960
vn -0.142532 0.750780 0.644991
vn -0.127882 0.803764 0.581043
vn -0.279344 0.745407 0.605257
vn -0.394085 0.752117 0.528220
vn -0.337404 0.748378 0.571042
vn 0.001468 0.999627 -0.027293
vn 0.017903 0.999631 0.020418
vn 0.012202 0.999658 0.023144
vn 0.033222 0.999330 -0.015363
vn 0.038831 0.999159 0.013202
vn 0.029820 0.999444 0.014907
vn 0.004571 0.999785 -0.020243
vn -0.009757 0.999513 -0.029652
vn 0.017359 0.999628 -0.021021
vn 0.028655 0.999501 -0.013282
vn 0.031408 0.999446 -0.010995
vn 0.026619 0.999412 0.021618
vn 0.035908 0.999238 0.015292
vn 0.006931 0.999975 0.001235
vn 0.011252 0.999546 0.027952
vn 0.016177 0.999850 0.006178
vn 0.013913 0.999863 -0.008990
vn 0.029112 0.999513 -0.011205
vn 0.018806 0.999811 -0.004910
vn 0.003466 0.999976 -0.006077
vn -0.458480 -0.877750 0.139107
vn -0.560439 -0.809915 0.173052
vn -0.061391 -0.997914 0.019993
vn -0.274986 -0.957532 0.086696
vn -0.422684 -0.880636 0.214054
vn -0.526556 -0.807937 0.264529
vn -0.264985 -0.954896 0.134000
vn -0.573812 -0.814401 0.086552
vn -0.282363 -0.958385 0.042061
vn -0.001054 -0.999999 0.001105
vn -0.002995 -0.999995 0.001423
vn -0.006405 -0.999975 0.003062
vn -0.003443 -0.999994 0.001103
vn -0.006573 -0.999976 0.002145
vn 0.011891 -0.999924 -0.003233
vn 0.010294 -0.999936 -0.004682
vn -0.001967 -0.999997 0.001292
vn -0.005587 -0.999973 0.004769
vn -0.005014 -0.999970 0.005975
vn -0.083520 -0.995522 0.044266
vn -0.077729 -0.995543 0.053407
vn 0.008155 -0.999967 0.000007
vn -0.110356 -0.993890 -0.002063
vn 0.010477 -0.999944 -0.001430
vn -0.101766 -0.994731 0.012394
vn -0.474653 -0.877480 0.068801
vn -0.090921 -0.995495 0.026906
vn -0.008548 -0.999963 -0.000476
vn -0.008364 -0.999964 0.001201
vn -0.008284 -0.999961 0.003123
vn -0.002562 -0.999997 -0.000143
vn -0.002864 -0.999996 0.000455
vn -0.005444 -0.999984 0.001782
vn -0.003378 -0.999994 0.000872
vn -0.003990 -0.999992 0.000469
vn -0.003423 -0.999993 0.001549
vn -0.002841 -0.999995 0.001135
vn -0.002598 -0.999994 0.002250
vn -0.210112 -0.955537 0.206886
vn -0.021676 -0.999331 0.029445
vn -0.003786 -0.999983 0.004414
vn -0.027805 -0.999285 0.025627
vn -0.025183 -0.999370 0.025022
vn -0.004022 -0.999982 0.004361
vn -0.183539 -0.952369 0.243528
vn -0.001842 -0.999996 0.002166
vn -0.001750 -0.999997 0.001831
vn -0.001286 -0.999998 0.001438
vn -0.000940 -0.999999 0.001316
vn -0.001585 -0.999997 0.001759
vn -0.002747 -0.999993 0.002428
vn -0.002589 -0.999991 0.003286
vn -0.349037 -0.013437 0.937013
vn -0.140971 -0.014731 0.989904
vn -0.604591 -0.019325 0.796302
vn -0.483669 -0.017781 0.875070
vn -0.481396 -0.016302 0.876351
vn -0.477168 -0.048877 0.877452
vn -0.142866 -0.038236 0.989003
vn -0.345542 -0.042452 0.937442
vn -0.126244 -0.491063 0.861928
vn -0.125865 -0.939813 0.317664
vn -0.602570 -0.053647 0.796261
vn -0.513490 -0.523665 0.679782
vn -0.301865 -0.497009 0.813548
vn -0.413117 -0.511372 0.753547
vn -0.159542 -0.946803 0.279482
vn -0.023175 -0.999126 0.034779
vn -0.052836 -0.936856 0.345701
vn -0.011019 -0.998117 0.060344
vn -0.024816 -0.998520 0.048393
vn -0.005699 -0.999947 0.008617
vn -0.004240 -0.999976 0.005567
vn -0.001807 -0.999996 0.002330
vn -0.338363 0.000420 0.941016
vn -0.135227 -0.004607 0.990804
vn -0.344316 0.002456 0.938850
vn -0.599406 0.004250 0.800434
vn -0.603037 0.000545 0.797713
vn -0.472365 -0.000436 0.881403
vn -0.474100 0.004011 0.880462
vn -0.480375 -0.004801 0.877050
vn -0.349506 -0.017604 0.936769
vn -0.134140 0.002959 0.990958
vn -0.347461 -0.009367 0.937648
vn -0.133565 -0.011839 0.990969
vn -0.136832 -0.019843 0.990396
vn -0.705846 -0.001467 0.708364
vn -0.602768 -0.016054 0.797755
vn -0.600055 -0.001566 0.799957
vn -0.475823 0.003986 0.879532
vn -0.982947 -0.014424 0.183320
vn -0.942961 -0.008292 0.332799
vn -0.940904 -0.013985 0.338384
vn -0.982150 -0.018510 0.187187
vn -0.979146 -0.069378 0.190944
vn -0.824231 -0.542928 0.160851
vn -0.939148 -0.070032 0.336299
vn -0.786820 -0.550045 0.279937
vn -0.299697 -0.952325 0.057080
vn -0.279463 -0.955100 0.098413
vn -0.884110 -0.012958 0.467099
vn -0.885215 -0.000356 0.465182
vn -0.882254 -0.071420 0.465325
vn -0.811209 -0.014402 0.584579
vn -0.715201 -0.017892 0.698689
vn -0.736785 -0.550937 0.391939
vn -0.254337 -0.956873 0.140381
vn -0.809280 -0.067915 0.583484
vn -0.677108 -0.543793 0.495796
vn -0.232410 -0.956362 0.177082
vn -0.713562 -0.060210 0.698000
vn -0.602108 -0.534527 0.593083
vn -0.043706 -0.999018 0.007273
vn -0.042865 -0.998980 0.014221
vn -0.035425 -0.999117 0.022577
vn -0.006934 -0.999963 0.005092
vn -0.004705 -0.999974 0.005520
vn -0.980843 0.000371 0.194801
vn -0.944293 -0.000345 0.329107
vn -0.942155 0.000259 0.335176
vn -0.999593 -0.001117 0.028504
vn -0.999610 -0.012719 0.024863
vn -0.981572 0.001590 0.191087
vn -0.982325 -0.005379 0.187106
vn -0.981664 0.002776 0.190597
vn -0.944944 -0.008017 0.327133
vn -0.882560 -0.001711 0.470196
vn -0.887506 -0.005305 0.460766
vn -0.883081 -0.005767 0.469185
vn -0.805511 -0.008926 0.592513
vn -0.804675 0.000982 0.593714
vn -0.804109 -0.005801 0.594453
vn -0.888009 -0.004010 0.459810
vn -0.803192 -0.001350 0.595719
vn -0.806897 -0.001524 0.590690
vn -0.708774 0.000154 0.705436
vn -0.709548 -0.009790 0.704589
vn -0.713498 -0.001418 0.700656
vn -0.713889 -0.005807 0.700234
vn -0.347588 0.002657 0.937644
vn -0.137658 0.001618 0.990479
vn -0.137606 0.006900 0.990463
vn -0.702703 0.004666 0.711468
vn -0.592548 0.004366 0.805523
vn -0.596130 0.006509 0.802861
vn -0.601928 -0.005374 0.798532
vn -0.479188 0.002428 0.877709
vn -0.337074 0.000318 0.941478
vn -0.135029 -0.003418 0.990836
vn -0.608096 -0.001591 0.793862
vn -0.330900 -0.003008 0.943661
vn -0.475352 -0.008536 0.879754
vn -0.337912 -0.003282 0.941172
vn -0.341273 0.002072 0.939962
vn -0.131706 -0.001469 0.991288
vn -0.602343 0.000788 0.798237
vn -0.600882 -0.004731 0.799324
vn -0.472499 -0.003684 0.881324
vn -0.481700 -0.000561 0.876336
vn -0.479452 0.002478 0.877565
vn -0.340252 -0.000565 0.940334
vn -0.343518 -0.003027 0.939141
vn -0.134092 -0.000363 0.990969
vn -0.135180 -0.009212 0.990778
vn -0.715589 -0.000621 0.698522
vn -0.473691 0.005882 0.880672
vn -0.982589 -0.006843 0.185669
vn -0.945588 -0.000615 0.325366
vn -0.980945 -0.006473 0.194178
vn -0.941769 0.000884 0.336261
vn -0.940377 -0.003815 0.340113
vn -0.885200 0.004161 0.465192
vn -0.804166 0.004229 0.594390
vn -0.802562 0.000981 0.596568
vn -0.884617 0.005731 0.466283
vn -0.804457 0.007595 0.593963
vn -0.706277 0.004721 0.707920
vn -0.999840 -0.001215 0.017850
vn -0.980991 -0.002050 0.194044
vn -0.945716 -0.008563 0.324883
vn -0.980851 0.000070 0.194761
vn -0.947546 -0.003776 0.319597
vn -0.888610 -0.007167 0.458608
vn -0.890200 0.016541 0.455270
vn -0.814799 0.011807 0.579623
vn -0.814660 -0.004418 0.579923
vn -0.887766 -0.001038 0.460295
vn -0.888878 -0.015140 0.457894
vn -0.806414 -0.012652 0.591216
vn -0.710224 -0.005955 0.703950
vn -0.705489 0.001450 0.708720
vn -0.140136 0.003410 0.990126
vn -0.607841 -0.011999 0.793968
vn -0.606595 -0.003508 0.795003
vn -0.489102 0.006497 0.872202
vn -0.490941 -0.005393 0.871176
vn -0.129484 -0.004827 0.991570
vn -0.342601 -0.002272 0.939478
vn -0.133169 0.004994 0.991081
vn -0.605789 0.000408 0.795625
vn -0.485698 -0.009609 0.874074
vn -0.351445 0.004508 0.936198
vn -0.145680 0.000872 0.989331
vn -0.605882 0.010506 0.795485
vn -0.484775 0.007385 0.874608
vn -0.482240 0.009109 0.875992
vn -0.359012 0.004686 0.933321
vn -0.353033 -0.002229 0.935608
vn -0.147945 0.012344 0.988919
vn -0.145242 0.009080 0.989355
vn -0.604739 0.008642 0.796377
vn -0.486491 0.011158 0.873614
vn -0.360743 0.011289 0.932597
vn -0.358695 0.006052 0.933435
vn -0.947538 -0.003438 0.319624
vn -0.890470 -0.006722 0.454992
vn -0.981689 0.008455 0.190302
vn -0.983752 0.002954 0.179510
vn -0.983315 0.006511 0.181797
vn -0.942583 -0.003670 0.333952
vn -0.947108 0.011854 0.320695
vn -0.943290 0.013056 0.331714
vn -0.891703 -0.000743 0.452620
vn -0.707686 -0.001489 0.706526
vn -0.807872 -0.003774 0.589345
vn -0.813529 0.000173 0.581524
vn -0.890222 0.011614 0.455380
vn -0.808001 0.003257 0.589172
vn -0.710294 -0.006791 0.703872
vn -0.715985 0.003437 0.698108
vn -0.982933 0.014307 0.183405
vn -0.983781 -0.001357 0.179369
vn -0.944687 0.003907 0.327949
vn -0.982766 0.012158 0.184454
vn -0.943908 0.005075 0.330171
vn -0.942128 0.017539 0.334794
vn -0.888515 0.008233 0.458773
vn -0.890153 0.016660 0.455357
vn -0.812159 0.008844 0.583370
vn -0.813928 0.012521 0.580832
vn -0.717707 0.010090 0.696272
vn -0.717641 0.009996 0.696342
vn -0.713383 0.005499 0.700752
vn -0.342237 0.000442 0.939614
vn -0.134060 -0.001937 0.990971
vn -0.344671 0.005720 0.938706
vn -0.609520 0.001996 0.792768
vn -0.481757 0.001280 0.876304
vn -0.136110 0.004827 0.990682
vn -0.139281 -0.001727 0.990251
vn -0.716602 0.008449 0.697431
vn -0.608240 0.003709 0.793745
vn -0.604839 0.008774 0.796299
vn -0.605530 0.009630 0.795764
vn -0.481510 0.006361 0.876418
vn -0.983193 0.009232 0.182336
vn -0.946676 0.007157 0.322108
vn -0.999673 0.009475 0.023736
vn -0.983557 0.003474 0.180565
vn -0.983290 0.013278 0.181559
vn -0.946263 0.015136 0.323042
vn -0.946705 0.004686 0.322068
vn -0.883409 0.003103 0.468592
vn -0.883569 0.008178 0.468231
vn -0.797537 0.004263 0.603255
vn -0.805116 0.008793 0.593052
vn -0.710437 0.002501 0.703756
vn -0.888485 0.007910 0.458837
vn -0.887199 0.014192 0.461168
vn -0.811121 0.009366 0.584804
vn -0.712901 0.002851 0.701259
vn -0.131881 0.013255 0.991177
vn -0.325045 0.009620 0.945650
vn -0.122769 0.022439 0.992182
vn -0.664453 0.001370 0.747329
vn -0.565602 -0.002103 0.824675
vn -0.562562 0.001866 0.826753
vn -0.449510 0.005430 0.893259
vn -0.446602 0.001334 0.894732
vn -0.318271 0.009931 0.947948
vn -0.570236 -0.001264 0.821480
vn -0.438528 0.016430 0.898567
vn -0.124778 0.002509 0.992182
vn -0.323218 0.004793 0.946312
vn -0.631910 0.013016 0.774933
vn -0.542895 0.009532 0.839746
vn -0.447171 0.005517 0.894432
vn -0.322453 -0.004150 0.946577
vn -0.322837 -0.008395 0.946418
vn -0.128661 -0.004921 0.991676
vn -0.130787 -0.005472 0.991395
vn -0.657887 -0.005119 0.753099
vn -0.559690 -0.006519 0.828677
vn -0.450928 -0.011157 0.892491
vn -0.554674 -0.009902 0.832009
vn -0.451862 -0.004968 0.892074
vn -0.992543 0.003810 0.121840
vn -0.994110 0.009258 0.107978
vn -0.964070 0.006460 0.265571
vn -0.968330 -0.000211 0.249674
vn -0.924944 0.004075 0.380082
vn -0.995813 -0.000231 0.091412
vn -0.858751 -0.000275 0.512393
vn -0.770275 0.000909 0.637711
vn -0.765183 -0.000578 0.643813
vn -0.760594 -0.002805 0.649222
vn -0.928471 -0.003005 0.371392
vn -0.864748 0.000591 0.502205
vn -0.867216 0.008776 0.497854
vn -0.991296 0.006988 0.131468
vn -0.987922 -0.000706 0.154949
vn -0.981394 0.008023 0.191838
vn -0.958250 0.010875 0.285725
vn -0.953639 -0.001464 0.300951
vn -0.903564 0.011614 0.428297
vn -0.992279 0.009671 0.123646
vn -0.961215 0.015707 0.275355
vn -0.915423 0.010075 0.402367
vn -0.893980 0.002561 0.448099
vn -0.836425 0.006010 0.548048
vn -0.823512 0.003490 0.567289
vn -0.810435 0.004187 0.585814
vn -0.740077 0.006250 0.672493
vn -0.647466 -0.005733 0.762073
vn -0.749308 -0.000179 0.662222
vn -0.848555 0.000891 0.529106
vn -0.560055 0.800952 0.211691
vn -0.171522 0.981618 0.083710
vn -0.149639 0.983246 0.104096
vn -0.162886 0.983130 0.083207
vn -0.340773 0.923444 0.176424
vn -0.545654 0.786840 0.288347
vn -0.151854 0.982732 0.105727
vn -0.139566 0.983036 0.119002
vn -0.331166 0.916498 0.224414
vn -0.316838 0.909920 0.267693
vn -0.330668 0.943343 0.027632
vn -0.563605 0.815953 0.128727
vn -0.339715 0.940528 -0.000956
vn -0.519959 0.852280 0.057109
vn -0.330789 0.942600 0.045646
vn -0.206154 0.977872 0.035588
vn -0.174875 0.984511 0.012503
vn -0.170536 0.984784 0.033435
vn -0.191644 0.979571 0.060932
vn -0.306261 0.947312 0.093832
vn -0.270926 0.953395 0.132804
vn -0.338152 0.938512 0.069636
vn -0.165474 0.984466 0.058699
vn -0.340320 0.931865 0.125736
vn -0.298826 0.036795 0.953598
vn -0.115138 0.028426 0.992943
vn -0.122371 0.026558 0.992129
vn -0.609145 0.040637 0.792017
vn -0.507044 0.047876 0.860590
vn -0.426950 0.023447 0.903971
vn -0.411311 0.046354 0.910316
vn -0.315477 0.023811 0.948634
vn -0.319527 0.015846 0.947445
vn -0.121608 0.019599 0.992385
vn -0.719045 0.015162 0.694798
vn -0.621682 0.019959 0.783015
vn -0.520313 0.023110 0.853663
vn -0.530701 0.017608 0.847376
vn -0.361105 0.862067 0.355588
vn -0.202204 0.958573 0.200630
vn -0.329284 0.862941 0.383281
vn -0.407143 0.853997 0.323919
vn -0.218473 0.958601 0.182628
vn -0.343072 0.897784 0.276199
vn -0.311504 0.898462 0.309406
vn -0.509809 0.658661 0.553408
vn -0.375527 0.846970 0.376325
vn -0.359194 0.843585 0.399179
vn -0.238359 0.909349 0.340982
vn -0.292373 0.900982 0.320545
vn -0.179024 0.958450 0.222091
vn -0.286305 0.856306 0.429849
vn -0.152974 0.958731 0.239655
vn -0.105186 0.985343 0.134296
vn -0.133214 0.984133 0.117201
vn -0.121493 0.984825 0.123933
vn -0.309215 0.841622 0.442784
vn -0.263655 0.190629 0.945593
vn -0.100956 0.180810 0.978323
vn -0.180593 0.669277 0.720732
vn -0.677126 0.192252 0.710310
vn -0.584771 0.204948 0.784882
vn -0.429797 0.670696 0.604518
vn -0.479802 0.211174 0.851584
vn -0.345819 0.675197 0.651551
vn -0.378112 0.205320 0.902704
vn -0.266452 0.674738 0.688282
vn -0.182492 0.916691 0.355491
vn -0.036572 0.851831 0.522539
vn -0.108976 0.845815 0.522227
vn -0.230437 0.850300 0.473169
vn -0.175078 0.845813 0.503933
vn -0.121581 0.960695 0.249567
vn -0.068204 0.666910 0.742010
vn -0.025875 0.917213 0.397556
vn -0.083698 0.921232 0.379904
vn -0.034048 0.825158 0.563875
vn -0.111086 0.829858 0.546804
vn -0.135517 0.921218 0.364682
vn -0.246863 0.837727 0.487106
vn -0.187116 0.833266 0.520246
vn -0.994425 0.013397 0.104591
vn -0.962315 0.022738 0.270985
vn -0.929115 0.010978 0.369628
vn -0.972640 0.011305 0.232041
vn -0.943910 0.001850 0.330199
vn -0.912104 0.025576 0.409160
vn -0.849715 0.025716 0.526614
vn -0.779536 0.027801 0.625740
vn -0.795888 0.012275 0.605319
vn -0.703445 0.031954 0.710031
vn -0.867944 0.009783 0.496566
vn -0.883187 0.001369 0.469020
vn -0.976616 0.152884 0.151154
vn -0.758693 0.584267 0.288128
vn -0.936957 0.164171 0.308480
vn -0.838462 0.544186 0.029033
vn -0.528268 0.847411 0.053178
vn -0.535400 0.843496 0.043143
vn -0.807890 0.564896 0.167948
vn -0.508953 0.850536 0.132498
vn -0.500958 0.856161 0.126604
vn -0.493116 0.859194 0.136465
vn -0.467651 0.858762 0.209356
vn -0.239755 0.957716 0.159054
vn -0.447979 0.853066 0.267570
vn -0.881297 0.174774 0.439055
vn -0.699896 0.603528 0.381967
vn -0.814999 0.182289 0.550043
vn -0.629480 0.624665 0.462113
vn -0.746298 0.185335 0.639289
vn -0.564743 0.642883 0.517462
vn -0.453204 0.871629 0.186731
vn -0.486347 0.850266 0.201283
vn -0.400650 0.887346 0.228249
vn -0.462019 0.847971 0.259776
vn -0.385325 0.918218 0.091651
vn -0.394827 0.908477 0.137042
vn -0.373296 0.920053 0.118966
vn -0.849940 0.458528 0.259528
vn -0.437104 0.894879 0.090175
vn -0.823512 0.510193 0.248055
vn -0.706230 0.676242 0.209608
vn -0.816520 0.447282 0.365013
vn -0.653810 0.695349 0.298366
vn -0.437452 0.889844 0.129670
vn -0.684912 0.698737 0.206547
vn -0.676687 0.677625 0.287956
vn -0.791795 0.504201 0.344735
vn -0.392749 0.918900 0.037036
vn -0.364573 0.930296 0.040432
vn -0.357213 0.930607 0.079809
vn -0.440136 0.896384 0.052697
vn -0.681317 0.728984 0.066258
vn -0.865260 0.497379 0.062760
vn -0.741269 0.670150 0.037670
vn -0.858238 0.510802 0.050093
vn -0.696247 0.705000 0.134964
vn -0.868312 0.469992 0.158559
vn -0.729478 0.672634 0.124200
vn -0.847532 0.509783 0.147686
vn -0.495159 0.845435 0.200143
vn -0.582181 0.779881 0.229893
vn -0.666659 0.695695 0.267532
vn -0.856415 0.377032 0.352705
vn -0.817270 0.340730 0.464729
vn -0.470312 0.838564 0.274984
vn -0.737554 0.519826 0.431039
vn -0.543235 0.784232 0.299793
vn -0.522495 0.772322 0.361274
vn -0.629218 0.777224 -0.002813
vn -0.555198 0.829880 0.055257
vn -0.626758 0.775673 0.074206
vn -0.610858 0.776673 0.153725
vn -0.531165 0.835512 0.140655
vn -0.012757 0.999621 0.024416
vn -0.019966 0.999483 0.025196
vn -0.007310 0.999972 0.001843
vn -0.015168 0.999869 -0.005733
vn 0.023262 0.999429 0.024500
vn 0.024969 0.999639 0.009952
vn -0.022957 0.999378 0.026779
vn -0.023309 0.999072 0.036228
vn 0.047806 0.998827 0.007753
vn 0.011100 0.999685 0.022535
vn 0.030794 0.999166 0.026804
vn -0.007202 0.999332 0.035817
vn 0.024282 0.999662 0.009266
vn 0.036477 0.999149 0.019255
vn 0.030519 0.999472 0.011182
vn 0.006808 0.999975 0.001927
vn 0.010603 0.999925 -0.006063
vn 0.003440 0.999993 0.001224
vn 0.040655 0.999129 -0.009393
vn 0.058202 0.998298 -0.003716
vn 0.033663 0.999433 0.000796
vn 0.048076 0.998755 0.013352
vn 0.013320 0.999830 -0.012775
vn -0.558427 -0.823396 -0.100887
vn -0.260490 -0.964390 -0.045790
vn -0.282663 -0.959215 -0.003014
vn -0.479999 -0.877251 -0.005624
vn -0.575264 -0.817947 -0.005784
vn -0.475425 -0.843962 -0.248395
vn -0.486329 -0.835952 -0.254300
vn -0.041548 -0.998874 -0.022920
vn -0.203912 -0.972968 -0.108417
vn -0.492533 -0.853690 -0.169187
vn -0.526905 -0.830573 -0.180332
vn -0.058003 -0.998277 -0.008866
vn -0.229301 -0.970049 -0.080164
vn -0.050243 -0.998567 -0.018415
vn -0.489791 -0.867220 -0.089629
vn -0.120850 -0.992399 -0.023209
vn -0.002467 -0.999997 -0.000648
vn -0.003393 -0.999994 -0.001260
vn -0.002459 -0.999996 -0.001171
vn -0.005294 -0.999984 -0.001968
vn 0.009525 -0.999954 0.000707
vn -0.003141 -0.999995 -0.001090
vn -0.003788 -0.999993 -0.000328
vn -0.003368 -0.999994 -0.000809
vn -0.008179 -0.999965 -0.001655
vn -0.002866 -0.999996 0.000019
vn -0.004772 -0.999989 0.000077
vn -0.142137 -0.987010 -0.074894
vn -0.133515 -0.989864 -0.048394
vn -0.005699 -0.999980 -0.002714
vn -0.008064 -0.999961 -0.003553
vn 0.010295 -0.999929 0.005952
vn 0.009425 -0.999916 0.008899
vn -0.002463 -0.999995 -0.001755
vn -0.003932 -0.999990 -0.002176
vn -0.002851 -0.999993 -0.002447
vn -0.002342 -0.999996 -0.001708
vn -0.003238 -0.999993 -0.002114
vn -0.006868 -0.999969 -0.003898
vn -0.004042 -0.999990 -0.002006
vn 0.011225 -0.999936 0.001457
vn -0.956518 -0.025680 -0.290541
vn -0.902820 -0.058147 -0.426070
vn -0.905947 -0.001239 -0.423390
vn -0.905679 -0.024868 -0.423234
vn -0.835334 -0.010436 -0.549644
vn -0.835699 -0.023572 -0.548682
vn -0.774825 -0.512347 -0.370335
vn -0.720656 -0.497139 -0.483227
vn -0.833183 -0.047057 -0.550991
vn -0.302088 -0.948593 -0.094409
vn -0.041311 -0.999054 -0.013614
vn -0.007934 -0.999966 -0.002444
vn -0.289701 -0.946910 -0.139409
vn -0.037947 -0.999104 -0.018763
vn -0.007176 -0.999966 -0.003959
vn -0.003286 -0.999992 -0.002052
vn -0.997195 -0.070587 0.024892
vn -0.999458 -0.023486 0.023059
vn -0.989253 -0.000412 -0.146213
vn -0.989713 -0.025249 -0.140825
vn -0.989541 -0.011576 -0.143788
vn -0.955925 -0.014295 -0.293262
vn -0.843891 -0.536093 0.021274
vn -0.838976 -0.530546 -0.120998
vn -0.987636 -0.068793 -0.140865
vn -0.954867 -0.065257 -0.289776
vn -0.814525 -0.523880 -0.249196
vn -0.312468 -0.949901 0.007145
vn -0.044697 -0.999001 0.000208
vn -0.043928 -0.999011 -0.006839
vn -0.310877 -0.949371 -0.045282
vn -0.896866 -0.008842 -0.442215
vn -0.828773 -0.005174 -0.559562
vn -0.906648 -0.013261 -0.421679
vn -0.901083 0.001364 -0.433644
vn -0.832473 -0.006999 -0.554022
vn -0.827598 -0.007025 -0.561277
vn -0.999594 0.003673 0.028274
vn -0.989975 0.005525 -0.141137
vn -0.990148 0.004488 -0.139953
vn -0.948429 0.002808 -0.316977
vn -0.999600 0.001074 0.028269
vn -0.952875 -0.001707 -0.303357
vn -0.989745 0.003863 -0.142792
vn -0.955642 0.007064 -0.294448
vn -0.955624 0.000343 -0.294588
vn -0.009285 -0.999929 -0.007529
vn -0.002841 -0.999993 -0.002345
vn -0.001992 -0.999997 -0.001648
vn -0.003553 -0.999989 -0.003098
vn -0.002006 -0.999995 -0.002336
vn -0.740245 -0.010765 -0.672251
vn -0.739521 -0.039632 -0.671965
vn -0.254686 -0.939639 -0.228502
vn -0.273034 -0.943934 -0.185583
vn -0.649523 -0.481673 -0.588313
vn -0.038726 -0.998590 -0.036302
vn -0.034162 -0.998981 -0.029495
vn -0.035322 -0.999056 -0.025293
vn -0.006275 -0.999967 -0.005202
vn -0.006882 -0.999962 -0.005417
vn -0.138679 -0.009720 -0.990290
vn -0.145511 -0.041676 -0.988478
vn -0.128576 -0.435951 -0.890739
vn -0.138810 -0.918907 -0.369246
vn -0.053761 -0.912330 -0.405911
vn -0.195475 -0.928570 -0.315511
vn -0.025332 -0.997245 -0.069717
vn -0.039260 -0.997870 -0.052090
vn -0.345511 -0.004763 -0.938403
vn -0.351615 -0.020839 -0.935913
vn -0.740920 -0.021004 -0.671264
vn -0.626367 -0.016317 -0.779358
vn -0.490628 -0.006444 -0.871346
vn -0.495291 -0.010478 -0.868664
vn -0.490149 -0.015404 -0.871503
vn -0.356889 -0.042439 -0.933182
vn -0.625615 -0.037987 -0.779207
vn -0.557708 -0.474090 -0.681323
vn -0.445382 -0.469409 -0.762424
vn -0.494628 -0.039953 -0.868186
vn -0.232960 -0.934465 -0.269268
vn -0.318204 -0.451837 -0.833420
vn -0.742846 -0.003799 -0.669452
vn -0.738838 0.001282 -0.673881
vn -0.139823 0.000784 -0.990176
vn -0.137782 0.003163 -0.990458
vn -0.134009 -0.002946 -0.990976
vn -0.144083 -0.025495 -0.989237
vn -0.354789 0.006291 -0.934925
vn -0.354187 -0.004191 -0.935165
vn -0.627714 0.005262 -0.778426
vn -0.630992 0.000104 -0.775789
vn -0.625587 -0.007718 -0.780116
vn -0.499869 0.000448 -0.866101
vn -0.346518 -0.005153 -0.938029
vn -0.737780 -0.011180 -0.674948
vn -0.737188 -0.008756 -0.675631
vn -0.627676 -0.010713 -0.778401
vn -0.626761 -0.012480 -0.779112
vn -0.498153 0.008604 -0.867046
vn -0.496993 -0.007875 -0.867719
vn -0.896290 0.003252 -0.443457
vn -0.827988 0.012809 -0.560599
vn -0.889270 0.008121 -0.457310
vn -0.892535 0.005926 -0.450939
vn -0.892819 -0.004782 -0.450391
vn -0.830258 0.005455 -0.557353
vn -0.999595 0.004220 0.028146
vn -0.999450 -0.009203 0.031854
vn -0.999462 -0.008279 0.031739
vn -0.990704 -0.009742 -0.135686
vn -0.989574 0.000869 -0.144021
vn -0.950515 -0.005060 -0.310637
vn -0.999550 0.004352 0.029673
vn -0.990506 -0.002981 -0.137439
vn -0.947748 0.004407 -0.318989
vn -0.953547 0.004852 -0.301204
vn -0.824452 -0.002660 -0.565926
vn -0.896405 0.002423 -0.443229
vn -0.954062 0.000966 -0.299609
vn -0.952613 0.000102 -0.304185
vn -0.953354 0.003666 -0.301831
vn -0.896348 0.005126 -0.443323
vn -0.825089 0.002498 -0.564997
vn -0.827770 0.003388 -0.561057
vn -0.824311 0.003214 -0.566128
vn -0.999715 0.000049 0.023894
vn -0.988795 -0.001576 -0.149270
vn -0.982308 0.000527 0.187272
vn -0.988670 0.001145 -0.150099
vn -0.737195 0.012339 -0.675568
vn -0.832498 -0.008101 -0.553969
vn -0.134305 0.007090 -0.990915
vn -0.133218 -0.007854 -0.991056
vn -0.134923 -0.006094 -0.990837
vn -0.132162 -0.009290 -0.991185
vn -0.346303 -0.004458 -0.938112
vn -0.625462 -0.001114 -0.780254
vn -0.627001 0.009667 -0.778959
vn -0.495741 0.003790 -0.868462
vn -0.349303 -0.008634 -0.936970
vn -0.349450 -0.001728 -0.936953
vn -0.742045 -0.000658 -0.670350
vn -0.629958 -0.006053 -0.776605
vn -0.500381 -0.008478 -0.865764
vn -0.733001 0.004799 -0.680211
vn -0.136687 -0.006348 -0.990594
vn -0.133707 0.006575 -0.990999
vn -0.360326 -0.007862 -0.932793
vn -0.362419 -0.000145 -0.932015
vn -0.356006 0.003653 -0.934476
vn -0.624144 0.004462 -0.781297
vn -0.624777 -0.006213 -0.780779
vn -0.504520 -0.001951 -0.863398
vn -0.505051 -0.003377 -0.863083
vn -0.732985 -0.002735 -0.680239
vn -0.735534 0.001400 -0.677487
vn -0.495190 -0.000040 -0.868785
vn -0.346399 0.004995 -0.938074
vn -0.952352 0.000671 -0.304999
vn -0.824591 0.004617 -0.565710
vn -0.952616 0.006037 -0.304116
vn -0.895361 0.006029 -0.445301
vn -0.895692 0.000993 -0.444674
vn -0.822114 0.004313 -0.569306
vn -0.999885 0.002911 0.014914
vn -0.999837 0.005833 0.017092
vn -0.999864 0.008206 0.014326
vn -0.987994 0.007093 -0.154326
vn -0.988530 0.008106 -0.150811
vn -0.950989 0.001587 -0.309222
vn -0.950152 0.010073 -0.311626
vn -0.899562 0.011970 -0.436629
vn -0.897455 0.002839 -0.441097
vn -0.825526 0.007129 -0.564319
vn -0.824892 0.010740 -0.565188
vn -0.950830 0.008503 -0.309596
vn -0.896123 0.002990 -0.443797
vn -0.895566 0.011982 -0.444767
vn -0.896813 0.000275 -0.442410
vn -0.827678 -0.000589 -0.561203
vn -0.999922 -0.000086 0.012491
vn -0.987461 0.001858 -0.157851
vn -0.987771 0.011285 -0.155501
vn -0.999893 0.012713 0.007303
vn -0.999880 0.012977 0.008456
vn -0.988144 0.011626 -0.153087
vn -0.988022 0.000980 -0.154313
vn -0.146724 0.010062 -0.989126
vn -0.142941 0.004260 -0.989722
vn -0.367924 -0.003003 -0.929851
vn -0.146123 -0.004695 -0.989255
vn -0.737310 0.005493 -0.675532
vn -0.626315 -0.000362 -0.779570
vn -0.627464 0.002726 -0.778641
vn -0.501218 -0.002847 -0.865316
vn -0.367047 0.008042 -0.930168
vn -0.740196 0.001709 -0.672390
vn -0.737710 -0.002796 -0.675112
vn -0.624381 -0.001096 -0.781119
vn -0.499016 0.005535 -0.866575
vn -0.497954 -0.001723 -0.867202
vn -0.740156 0.010297 -0.672356
vn -0.736796 0.000437 -0.676115
vn -0.137219 0.010761 -0.990482
vn -0.139835 0.015068 -0.990060
vn -0.362761 0.001200 -0.931881
vn -0.357772 0.012033 -0.933732
vn -0.739624 0.009090 -0.672959
vn -0.739389 0.009577 -0.673210
vn -0.632487 0.007803 -0.774532
vn -0.631509 0.012096 -0.775274
vn -0.503945 0.009748 -0.863681
vn -0.503853 0.009221 -0.863740
vn -0.357599 0.016674 -0.933726
vn -0.142760 -0.003585 -0.989751
vn -0.626011 0.005387 -0.779796
vn -0.498581 0.015859 -0.866698
vn -0.499290 0.006309 -0.866412
vn -0.839582 0.003850 -0.543220
vn -0.951301 0.009647 -0.308112
vn -0.952139 0.008701 -0.305541
vn -0.897921 0.008701 -0.440071
vn -0.830329 0.015740 -0.557051
vn -0.828555 0.008365 -0.559845
vn -0.999431 0.013783 0.030783
vn -0.989607 -0.000050 -0.143800
vn -0.999651 -0.001854 0.026333
vn -0.952638 -0.001069 -0.304106
vn -0.999769 0.005573 0.020747
vn -0.988772 0.007761 -0.149232
vn -0.987957 0.008530 -0.154495
vn -0.744397 0.001359 -0.667736
vn -0.744078 0.003526 -0.668084
vn -0.742149 0.016851 -0.670023
vn -0.138392 0.004872 -0.990366
vn -0.134914 0.007914 -0.990826
vn -0.133507 -0.004547 -0.991037
vn -0.356704 0.004613 -0.934206
vn -0.627802 0.002386 -0.778370
vn -0.628687 -0.002491 -0.777655
vn -0.495352 0.002483 -0.868689
vn -0.632031 0.012375 -0.774845
vn -0.630326 0.013517 -0.776213
vn -0.496492 0.006339 -0.868018
vn -0.351525 0.004148 -0.936169
vn -0.353418 0.002140 -0.935463
vn -0.927979 0.002086 -0.372626
vn -0.970332 0.007295 -0.241666
vn -0.867084 0.000852 -0.498162
vn -0.865404 -0.001283 -0.501073
vn -0.926934 0.001547 -0.375222
vn -0.924090 -0.001359 -0.382174
vn -0.862033 0.005305 -0.506825
vn -0.997962 -0.000720 -0.063813
vn -0.997479 0.012151 -0.069910
vn -0.971822 -0.000342 -0.235718
vn -0.970264 -0.005259 -0.241993
vn -0.940110 0.012786 -0.340633
vn -0.933601 0.010971 -0.358147
vn -0.870416 0.008089 -0.492251
vn -0.867446 0.009878 -0.497433
vn -0.779650 0.004857 -0.626197
vn -0.999983 0.002697 -0.005271
vn -0.999346 0.007642 -0.035359
vn -0.985841 0.006176 -0.167567
vn -0.998522 0.003030 -0.054261
vn -0.980410 0.011770 -0.196615
vn -0.975765 0.004372 -0.218780
vn -0.767708 0.002069 -0.640797
vn -0.762887 -0.003965 -0.646520
vn -0.792689 0.005546 -0.609601
vn -0.773879 0.002173 -0.633330
vn -0.525876 0.838302 -0.143889
vn -0.546690 0.837205 -0.014734
vn -0.537402 0.839319 -0.082120
vn -0.204235 0.977219 -0.057721
vn -0.331736 0.938083 -0.099756
vn -0.189894 0.978589 -0.079398
vn -0.297287 0.945101 -0.135663
vn -0.321646 0.944995 -0.059408
vn -0.172115 0.984211 -0.041289
vn -0.168065 0.983745 -0.063248
vn -0.322498 0.941239 -0.100319
vn -0.212381 0.977161 0.007108
vn -0.528208 0.848891 -0.019519
vn -0.212223 0.976844 -0.027141
vn -0.342395 0.938096 -0.052357
vn -0.323861 0.945979 -0.015424
vn -0.175279 0.984411 -0.014566
vn -0.334232 0.913778 -0.230864
vn -0.330073 0.906998 -0.261545
vn -0.186756 0.970532 -0.152281
vn -0.335475 0.893526 -0.298443
vn -0.198459 0.963418 -0.180109
vn -0.445680 0.813416 -0.373796
vn -0.476905 0.827157 -0.297276
vn -0.459601 0.822198 -0.335794
vn -0.170155 0.980953 -0.093694
vn -0.169095 0.981902 -0.085292
vn -0.175965 0.978029 -0.111786
vn -0.513487 0.833518 -0.203911
vn -0.327314 0.933854 -0.144159
vn -0.496207 0.829507 -0.256315
vn -0.333812 0.923391 -0.189521
vn -0.963489 -0.022639 -0.266790
vn -0.921252 -0.018739 -0.388516
vn -0.906060 -0.033656 -0.421809
vn -0.840257 -0.023508 -0.541678
vn -0.821237 -0.042798 -0.568980
vn -0.955025 -0.007767 -0.296422
vn -0.946686 0.006215 -0.322097
vn -0.893273 -0.015930 -0.449233
vn -0.880476 0.004345 -0.474072
vn -0.807173 -0.023962 -0.589828
vn -0.989247 0.145200 -0.017549
vn -0.997671 0.001769 -0.068189
vn -0.972600 -0.009854 -0.232276
vn -0.997956 0.002383 0.063869
vn -0.994321 -0.009869 -0.105968
vn -0.999562 0.007487 0.028638
vn -0.990599 0.000600 -0.136794
vn -0.476004 0.864804 -0.159798
vn -0.412593 0.883774 -0.220704
vn -0.747010 0.537420 -0.391350
vn -0.854360 0.139329 -0.500657
vn -0.746733 0.142961 -0.649578
vn -0.551341 0.821224 -0.147019
vn -0.488360 0.850038 -0.197332
vn -0.521770 0.816930 -0.245725
vn -0.513598 0.852803 -0.094579
vn -0.972684 0.140219 -0.184996
vn -0.811877 0.525616 -0.254131
vn -0.928902 0.137366 -0.343906
vn -0.531961 0.846115 -0.033276
vn -0.552903 0.831619 -0.052043
vn -0.842024 0.526866 -0.115792
vn -0.520001 0.846085 -0.117215
vn -0.734741 -0.026649 -0.677824
vn -0.359462 0.876572 -0.320013
vn -0.244971 0.880803 -0.405186
vn -0.150606 0.983115 -0.103935
vn -0.258280 0.940002 -0.222908
vn -0.194626 0.969672 -0.147840
vn -0.117581 0.980642 -0.156579
vn -0.183241 0.960699 -0.208518
vn -0.189354 0.939514 -0.285409
vn -0.272720 0.908561 -0.316451
vn -0.145850 0.981219 -0.126244
vn -0.152832 0.977830 -0.143148
vn -0.216154 0.953693 -0.209160
vn -0.157676 0.976379 -0.147726
vn -0.105567 0.984421 -0.140612
vn -0.213962 0.947694 -0.236848
vn -0.254120 0.928585 -0.270468
vn -0.139929 0.977570 -0.157408
vn -0.179803 0.967215 -0.179349
vn -0.128224 0.982199 -0.137272
vn -0.245465 0.957752 -0.149860
vn -0.332603 0.914121 -0.231859
vn -0.643735 0.554419 -0.527471
vn -0.455521 0.818599 -0.349853
vn -0.346951 0.830107 -0.436517
vn -0.433757 0.854315 -0.286357
vn -0.371869 0.927230 -0.044245
vn -0.411251 0.910348 -0.046262
vn -0.408605 0.912697 -0.005194
vn -0.379049 0.925376 -0.001159
vn -0.438718 0.898612 -0.004783
vn -0.829424 0.542649 -0.132621
vn -0.419053 0.906229 -0.056062
vn -0.624581 0.775416 -0.092892
vn -0.742528 0.656688 -0.131961
vn -0.843428 0.517511 -0.144260
vn -0.654985 0.755353 -0.020902
vn -0.850996 0.523639 -0.040113
vn -0.744960 0.665616 -0.044610
vn -0.856625 0.513693 -0.048103
vn -0.385220 0.917912 -0.095094
vn -0.397626 0.910893 -0.110310
vn -0.350382 0.931671 -0.096032
vn -0.755629 0.581827 -0.300835
vn -0.330871 0.933849 -0.135830
vn -0.553464 0.803162 -0.220475
vn -0.711216 0.641867 -0.286669
vn -0.792536 0.520614 -0.317565
vn -0.796588 0.563507 -0.218877
vn -0.591923 0.789890 -0.160315
vn -0.731182 0.648273 -0.212405
vn -0.819995 0.522585 -0.233480
vn -0.538153 0.834957 -0.115060
vn -0.594521 0.791148 -0.143632
vn -0.616533 0.783784 -0.074635
vn -0.737692 0.552652 -0.387796
vn -0.783232 0.462740 -0.415235
vn -0.624402 0.737008 -0.258730
vn -0.817055 0.468475 -0.336084
vn -0.492751 0.842950 -0.215942
vn -0.594729 0.737422 -0.320164
vn -0.463859 0.847027 -0.259577
vn -0.568692 0.796362 -0.205906
vn -0.517459 0.837942 -0.173463
vn -0.539287 0.802347 -0.255752
vn -0.509233 0.806977 -0.299116
vn -0.480380 0.808534 -0.339865
vn 0.017548 0.999580 -0.023051
vn 0.022137 0.998818 -0.043284
vn -0.022794 0.999475 0.023024
vn 0.020420 0.999318 -0.030777
vn 0.032178 0.996583 -0.076066
vn 0.028596 0.997782 -0.060106
vn 0.050008 0.998322 -0.029208
vn 0.037549 0.998280 -0.045020
vn 0.028726 0.999577 -0.004602
vn 0.036061 0.999024 -0.025497
vn 0.003304 0.999689 0.024729
vn 0.011999 0.999617 0.024945
vn -0.002971 0.999992 0.002666
vn 0.050524 0.998722 -0.001098
vn 0.038977 0.999236 -0.002993
vn 0.053442 0.998498 -0.012082
vn 0.016790 0.999811 -0.009793
vn 0.045238 0.998956 -0.006369
vn 0.034771 0.999393 0.002008
vn 0.053743 0.998518 -0.008568
vn 0.020142 0.999786 -0.004625
vn 0.020915 0.999771 -0.004464
vn -0.174057 -0.976496 -0.127121
vn -0.029451 -0.999088 -0.030934
vn -0.006473 -0.999968 -0.004799
vn -0.009573 -0.999934 -0.006297
vn -0.432046 -0.842842 -0.320864
vn -0.037013 -0.998997 -0.025200
vn -0.009934 -0.999936 -0.005462
vn -0.006974 -0.999969 -0.003618
vn -0.332649 -0.818438 -0.468513
vn -0.366396 -0.850484 -0.377400
vn -0.136313 -0.980434 -0.142015
vn -0.442962 -0.833837 -0.329394
vn -0.007413 -0.999946 -0.007239
vn -0.006012 -0.999964 -0.006022
vn -0.026791 -0.999046 -0.034474
vn -0.008121 -0.999932 -0.008425
vn -0.008055 -0.999947 -0.006347
vn -0.300768 -0.854759 -0.422996
vn -0.107386 -0.982539 -0.151942
vn -0.022795 -0.999228 -0.032003
vn -0.150918 -0.855600 -0.495150
vn -0.050710 -0.983201 -0.175341
vn -0.008336 -0.999375 -0.034357
vn -0.082012 -0.983171 -0.163246
vn -0.016705 -0.999300 -0.033470
vn -0.168342 -0.823712 -0.541442
vn -0.254867 -0.821530 -0.510031
vn -0.231153 -0.856969 -0.460622
vn -0.065796 -0.818921 -0.570122
vn -0.058311 -0.858416 -0.509629
vn -0.016993 -0.985646 -0.167968
vn -0.135478 -0.981045 -0.138548
vn -0.113961 -0.979769 -0.164519
vn 0.010694 -0.999894 0.009835
vn -0.144382 -0.983769 -0.106547
vn -0.396450 -0.823356 -0.406093
vn -0.002697 -0.999983 -0.005235
vn -0.004674 -0.999934 -0.010525
vn 0.006276 -0.999926 0.010432
vn -0.005159 -0.999945 -0.009111
vn 0.000415 -0.999926 0.012135
vn 0.010667 -0.999890 0.010283
vn -0.004250 -0.999978 -0.005021
vn -0.010964 -0.999859 -0.012689
vn -0.002351 -0.999992 -0.003317
vn -0.002565 -0.999988 -0.004096
vn -0.004081 -0.999958 -0.008200
vn -0.002876 -0.999992 -0.002779
vn -0.003660 -0.999982 -0.004796
vn -0.000470 -0.999972 -0.007438
vn -0.000992 -0.999993 -0.003680
vn -0.002516 -0.999978 -0.006072
vn -0.002512 -0.999985 -0.004907
vn -0.006346 -0.997210 -0.074378
vn -0.001014 -0.999822 -0.018830
vn -0.006637 -0.999813 -0.018170
vn -0.002709 -0.999972 -0.007058
vn -0.001692 -0.999991 -0.003991
vn -0.060002 -0.981002 -0.184484
vn -0.087678 -0.980156 -0.177785
vn 0.001357 -0.999969 0.007816
vn -0.020557 -0.978897 -0.203318
vn -0.354159 0.867141 -0.350198
vn -0.431960 0.806854 -0.402986
vn -0.408476 0.805003 -0.430253
vn -0.400649 0.814412 -0.419777
vn -0.383667 0.806392 -0.450036
vn -0.091108 0.969404 -0.227938
vn -0.184802 0.896917 -0.401731
vn -0.145764 0.901450 -0.407605
vn -0.232994 0.822687 -0.518556
vn -0.232686 0.891211 -0.389358
vn -0.280819 0.817974 -0.502054
vn -0.176476 0.921757 -0.345282
vn -0.084724 0.985909 -0.144241
vn -0.078610 0.983367 -0.163736
vn -0.110520 0.968291 -0.224047
vn -0.119943 0.973932 -0.192538
vn -0.183629 0.956470 -0.226817
vn -0.373671 0.836010 -0.401817
vn -0.152539 0.962875 -0.222717
vn -0.293789 0.883531 -0.364776
vn -0.332349 0.864114 -0.377957
vn -0.260841 0.890193 -0.373521
vn -0.023411 0.981330 -0.190903
vn -0.023606 0.973024 -0.229495
vn -0.039552 0.899884 -0.434331
vn -0.072553 0.971044 -0.227615
vn -0.108645 0.901187 -0.419593
vn -0.180402 0.825437 -0.534892
vn -0.058918 0.898247 -0.435524
vn -0.039225 0.952719 -0.301310
vn -0.146572 0.905205 -0.398900
vn -0.117635 0.965106 -0.233951
vn -0.096473 0.956523 -0.275241
vn -0.064271 0.981494 -0.180386
vn -0.048396 0.819570 -0.570931
vn -0.125493 0.822369 -0.554942
vn -0.347693 0.927633 -0.136410
vn -0.473521 0.835219 -0.279620
vn -0.335179 0.922378 -0.192024
vn -0.302882 0.929354 -0.211102
vn -0.331951 0.929461 -0.160967
vn -0.307458 0.935839 -0.172267
vn -0.714565 0.599639 -0.360320
vn -0.512656 0.819955 -0.254671
vn -0.379313 0.912390 -0.153841
vn -0.359497 0.916535 -0.175289
vn -0.320493 0.934593 -0.154337
vn -0.761147 0.518117 -0.390140
vn -0.283748 0.932643 -0.222853
vn -0.285985 0.939585 -0.188131
vn -0.322883 0.924301 -0.203504
vn -0.263785 0.936057 -0.232841
vn -0.330394 0.924831 -0.188486
vn -0.332510 0.856444 -0.394894
vn -0.353223 0.809943 -0.468215
vn -0.471334 0.733956 -0.489033
vn -0.345126 0.815569 -0.464474
vn -0.306960 0.860510 -0.406568
vn -0.436342 0.735539 -0.518255
vn -0.270359 0.865176 -0.422347
vn -0.574427 0.455376 -0.680196
vn -0.375010 0.814502 -0.442668
vn -0.436808 0.849278 -0.296524
vn -0.453048 0.811306 -0.369500
vn -0.411721 0.851759 -0.324026
vn -0.426501 0.814294 -0.393730
vn -0.386319 0.854975 -0.346086
vn -0.536160 0.734246 -0.416432
vn -0.512017 0.731637 -0.450051
vn -0.670321 0.621130 -0.406039
vn -0.428773 0.848377 -0.310499
vn -0.618560 0.640987 -0.454444
vn -0.621422 0.626201 -0.470858
vn -0.581430 0.625417 -0.520378
vn -0.676832 0.534786 -0.505868
vn -0.683700 0.637041 -0.355995
vn -0.654114 0.632266 -0.415180
vn -0.722353 0.524862 -0.450252
vn -0.483680 0.675034 -0.557120
vn -0.230214 0.934919 -0.270054
vn -0.329375 0.865963 -0.376324
vn -0.247743 0.946201 -0.208153
vn -0.238437 0.937522 -0.253378
vn -0.215470 0.946862 -0.238798
vn -0.234687 0.936223 -0.261549
vn -0.527407 0.663145 -0.531112
vn -0.351613 0.864573 -0.359002
vn -0.568311 0.653763 -0.499616
vn -0.382497 0.859083 -0.340107
vn -0.631992 0.540030 -0.555837
vn -0.541470 0.628106 -0.558832
vn -0.588349 0.544698 -0.597620
vn -0.430161 0.686619 -0.586102
vn -0.297258 0.867301 -0.399282
vn -0.402817 0.631779 -0.662264
vn -0.425741 0.574115 -0.699383
vn -0.348396 0.631458 -0.692734
vn -0.536387 0.555957 -0.634981
vn -0.449164 0.627852 -0.635652
vn -0.481208 0.568099 -0.667610
vn -0.498035 0.626795 -0.599241
vn -0.317420 0.814464 -0.485687
vn -0.312647 0.816881 -0.484724
vn -0.274557 0.818278 -0.505014
vn -0.389908 0.533415 -0.750627
vn -0.407216 0.455518 -0.791631
vn -0.230968 0.819239 -0.524881
vn -0.200285 0.860181 -0.469015
vn -0.176238 0.820313 -0.544083
vn -0.156596 0.860626 -0.484562
vn -0.234227 0.864356 -0.445001
vn -0.302988 0.746778 -0.592048
vn -0.251167 0.751266 -0.610340
vn -0.065341 0.538792 -0.839901
vn -0.177952 0.486584 -0.855318
vn -0.172619 0.536815 -0.825853
vn -0.132161 0.767767 -0.626951
vn -0.050795 0.767812 -0.638658
vn -0.046562 0.820029 -0.570425
vn -0.040017 0.867271 -0.496226
vn -0.118445 0.819598 -0.560562
vn -0.104337 0.864427 -0.491813
vn -0.186405 0.934612 -0.302909
vn -0.214604 0.933882 -0.286022
vn -0.213590 0.936440 -0.278314
vn -0.201117 0.942967 -0.265265
vn -0.211345 0.943315 -0.255912
vn -0.169497 0.933528 -0.315904
vn -0.149949 0.931419 -0.331623
vn -0.135768 0.940969 -0.310072
vn -0.176328 0.943721 -0.279821
vn -0.155760 0.943087 -0.293813
vn -0.376708 0.693567 -0.614048
vn -0.327098 0.699665 -0.635197
vn -0.261385 0.869302 -0.419514
vn -0.230877 0.870340 -0.434977
vn -0.190133 0.934281 -0.301610
vn -0.366283 0.579822 -0.727766
vn -0.144660 0.927232 -0.345419
vn -0.168537 0.930296 -0.325800
vn -0.212719 0.719972 -0.660599
vn -0.136748 0.729904 -0.669732
vn -0.107894 0.875665 -0.470713
vn -0.201332 0.869447 -0.451139
vn -0.161778 0.869664 -0.466382
vn -0.275973 0.708517 -0.649494
vn -0.228833 0.623642 -0.747467
vn -0.233157 0.603888 -0.762205
vn -0.292828 0.627853 -0.721147
vn -0.304314 0.590935 -0.747121
vn -0.049102 0.737421 -0.673646
vn -0.038878 0.885565 -0.462885
vn -0.152163 0.612511 -0.775678
vn -0.054553 0.625871 -0.778016
vn -0.055611 0.616364 -0.785495
vn -0.149411 0.623410 -0.767487
vn -0.098169 0.943713 -0.315863
vn -0.115940 0.929723 -0.349532
vn -0.126055 0.930148 -0.344868
vn -0.118498 0.939126 -0.322492
vn -0.127892 0.924748 -0.358447
vn -0.049496 0.939428 -0.339153
vn -0.093613 0.934098 -0.344526
vn -0.036448 0.941215 -0.335837
vn -0.040544 0.951852 -0.303865
vn -0.411557 0.849191 0.330902
vn -0.094571 0.885184 0.455527
vn -0.032796 0.886356 0.461842
vn -0.153331 0.868490 0.471397
vn -0.255645 0.558908 0.788839
vn -0.105011 0.864742 0.491115
vn -0.168823 0.571823 0.802818
vn -0.034499 0.862117 0.505534
vn -0.060685 0.576849 0.814594
vn -0.425166 0.672966 0.605269
vn -0.229365 0.874091 0.428201
vn -0.338800 0.523363 0.781860
vn -0.394661 0.213124 0.893768
vn -0.182288 0.882663 0.433217
vn -0.188627 0.876952 0.442012
vn -0.259596 0.517861 0.815126
vn -0.302020 0.205692 0.930846
vn -0.178385 0.507829 0.842786
vn -0.140424 0.886164 0.441582
vn -0.147751 0.881414 0.448642
vn -0.093648 0.887278 0.451628
vn -0.203489 0.204530 0.957476
vn -0.076699 0.207564 0.975210
vn -0.066871 0.504549 0.860790
vn -0.032054 0.886659 0.461312
vn -0.482632 0.567285 0.667274
vn -0.288306 0.819737 0.494885
vn -0.248985 0.869009 0.427586
vn -0.416826 0.554053 0.720612
vn -0.338626 0.551081 0.762655
vn -0.322741 0.869065 0.374919
vn -0.327291 0.868935 0.371257
vn -0.562572 0.236048 0.792335
vn -0.487877 0.521949 0.699675
vn -0.271498 0.880072 0.389566
vn -0.282768 0.872024 0.399520
vn -0.586031 0.620113 0.521563
vn -0.420479 0.852809 0.309701
vn -0.372501 0.861311 0.345524
vn -0.623179 0.521783 0.582573
vn -0.708656 0.289283 0.643523
vn -0.369698 0.859746 0.352365
vn -0.558880 0.517904 0.647633
vn -0.612090 0.648427 0.452645
vn -0.464718 0.845187 0.264001
vn -0.763524 0.313566 0.564542
vn -0.420178 0.850433 0.316567
vn -0.681070 0.523458 0.511992
vn -0.449844 0.855778 0.255510
vn -0.643797 0.674528 0.361300
vn -0.782484 0.523720 0.336804
vn -0.505066 0.836173 0.213832
vn -0.515657 0.826816 0.224660
vn -0.677380 0.712752 0.182047
vn -0.536060 0.829234 0.158146
vn -0.813621 0.530912 0.236969
vn -0.877953 0.412003 0.243829
vn -0.550413 0.818723 0.163518
vn -0.681923 0.725420 0.093530
vn -0.574841 0.812251 0.099023
vn -0.559169 0.823697 0.094090
vn -0.830932 0.539141 0.137397
vn -0.887227 0.441880 0.132554
vn -0.568866 0.822380 0.009050
vn -0.884227 0.466052 0.030619
vn -0.680331 0.732673 0.018429
vn -0.558112 0.826605 0.072360
vn -0.578785 0.815003 0.027908
vn -0.593628 0.804089 0.032360
vn -0.833638 0.550859 0.040030
vn -0.673928 0.737336 -0.046438
vn -0.878809 0.473148 -0.061851
vn -0.590464 0.806348 -0.033992
vn -0.829182 0.556265 -0.055018
vn -0.558324 0.828185 -0.048828
vn -0.661743 0.738440 -0.129621
vn -0.867365 0.469648 -0.164649
vn -0.600254 0.799049 -0.034871
vn -0.594364 0.797426 -0.104136
vn -0.593846 0.797949 -0.103077
vn -0.817006 0.557127 -0.148695
vn -0.843688 0.470341 -0.258788
vn -0.645107 0.736280 -0.204276
vn -0.590324 0.788723 -0.171561
vn -0.794814 0.558889 -0.236461
vn -0.582153 0.795260 -0.169292
vn -0.768154 0.557507 -0.314841
vn -0.575364 0.783807 -0.233672
vn -0.565396 0.791917 -0.230642
vn -0.545064 0.787924 -0.286499
vn -0.554418 0.779562 -0.291383
vn -0.565254 0.736525 -0.371510
vn -0.744156 0.460461 -0.483950
vn -0.703032 0.459303 -0.542942
vn -0.531907 0.776071 -0.338806
vn -0.701783 0.549904 -0.452887
vn -0.520489 0.785908 -0.333825
vn -0.492823 0.785778 -0.373736
vn -0.662975 0.551157 -0.506646
vn -0.666356 0.455723 -0.590159
vn -0.354913 0.857382 -0.372736
vn -0.621906 0.454104 -0.637984
vn -0.506568 0.771980 -0.383973
vn -0.464417 0.781265 -0.417063
vn -0.474055 0.766924 -0.432549
vn -0.622970 0.554506 -0.551753
vn -0.580825 0.553440 -0.596948
vn -0.437662 0.774577 -0.456599
vn -0.537194 0.546784 -0.642223
vn -0.407465 0.738296 -0.537486
vn -0.529427 0.451165 -0.718440
vn -0.358107 0.741185 -0.567807
vn -0.446357 0.763458 -0.466795
vn -0.403559 0.773915 -0.488053
vn -0.412989 0.763125 -0.497072
vn -0.492675 0.539219 -0.683019
vn -0.366594 0.771099 -0.520591
vn -0.472935 0.446870 -0.759368
vn -0.445133 0.534750 -0.718261
vn -0.369418 0.762414 -0.531277
vn -0.337349 0.766363 -0.546702
vn -0.198698 0.756760 -0.622763
vn -0.261076 0.480374 -0.837306
vn -0.134052 0.764384 -0.630672
vn -0.068338 0.488951 -0.869631
vn -0.337798 0.761811 -0.552753
vn -0.298664 0.764979 -0.570620
vn -0.325277 0.534578 -0.780014
vn -0.252113 0.765689 -0.591743
vn -0.297539 0.760049 -0.577750
vn -0.253273 0.757023 -0.602304
vn -0.335535 0.470035 -0.816384
vn -0.252042 0.536395 -0.805453
vn -0.196539 0.768627 -0.608757
vn -0.199312 0.756360 -0.623053
vn -0.129190 0.754604 -0.643337
vn -0.047944 0.764901 -0.642361
vn -0.046157 0.750889 -0.658814
vn -0.000420 -0.999977 0.006800
vn -0.121256 0.000936 0.992621
vn -0.000538 -0.999996 0.002773
vn -0.000389 -0.999996 0.002805
vn -0.000538 -0.999988 0.004953
vn -0.000446 -0.999993 -0.003812
vn -0.000005 -0.999994 0.003524
vn -0.000003 -0.999996 0.002723
vn -0.000001 -0.999998 0.002116
vn 0.000000 -0.999997 0.002281
vn 0.000001 -0.999999 0.001762
vn 0.000004 -1.000000 0.000637
vn -0.000000 -0.999984 0.005657
vn 0.000001 -0.999991 0.004167
vn -0.000002 -0.001380 0.999999
vn 0.000004 -0.002353 0.999997
vn -0.000011 0.006576 0.999978
vn 0.000000 0.018382 0.999831
vn 0.000010 0.003958 0.999992
vn -0.000027 0.012672 0.999920
vn -0.000043 -0.006744 0.999977
vn 0.000003 -0.999998 0.002032
vn 0.000006 -1.000000 0.000549
vn 0.000002 0.019902 -0.999802
vn -0.000006 0.009548 -0.999955
vn 0.000008 -0.001154 -0.999999
vn 0.000025 0.008685 -0.999962
vn 0.000004 -0.008617 -0.999963
vn 0.000019 0.011160 -0.999938
vn 0.000007 -0.006140 -0.999981
vn -0.000005 0.000473 -1.000000
vn -0.000004 -0.999993 0.003819
vn -0.000001 -0.999998 0.002015
vn -0.000002 -0.999994 0.003593
vn -0.000001 -1.000000 0.000165
vn -0.000001 -0.999999 -0.001179
vn 0.000000 -0.999997 -0.002243
vn -0.000001 -0.999980 0.006401
vn 0.000004 -0.999966 0.008225
vn -0.000018 -0.999929 0.011946
vn -0.000099 0.917374 0.398027
vn 0.000393 -0.823147 0.567828
vn -0.000184 0.641469 0.767149
vn 0.000202 -0.149681 0.988734
vn 0.000005 -0.999843 0.017698
vn 0.000041 -0.987054 0.160391
vn -0.000027 -0.999256 0.038573
vn -0.000016 -0.010375 0.999946
vn -0.000015 0.012066 0.999927
vn -0.000038 -0.999971 0.007563
vn 0.000055 -0.999799 0.020025
vn 0.000016 -0.999937 0.011244
vn 0.000064 -0.627124 0.778919
vn -0.000020 -0.335756 0.941949
vn 0.000187 -0.870632 0.491935
vn -0.000060 -0.999903 0.013947
vn 0.000082 -0.985061 0.172207
vn 0.000062 -0.027760 0.999615
vn 0.000030 -0.121111 0.992639
vn 0.000190 0.999516 -0.031104
vn 0.000093 0.999896 -0.014449
vn 0.000034 0.679104 0.734042
vn 0.000093 0.100000 0.994987
vn 0.000094 0.288297 0.957541
vn -0.000147 0.968476 0.249107
vn -0.000216 0.999967 -0.008137
vn -0.000008 0.007765 -0.999970
vn -0.000009 0.009667 -0.999953
vn -0.000012 -0.004266 -0.999991
vn -0.000018 0.005199 -0.999987
vn -0.000019 0.010616 -0.999944
vn -0.000016 -0.001536 -0.999999
vn -0.000013 -0.025278 -0.999681
vn -0.000046 -0.022067 -0.999757
vn 0.000084 0.002946 -0.999996
vn -0.000069 -0.052824 -0.998604
vn 0.000214 0.104531 -0.994522
vn 0.000306 0.481219 -0.876601
vn 0.000174 0.772718 -0.634750
vn 0.000005 0.847097 -0.531438
vn 0.000058 0.017896 0.999840
vn -0.000001 -0.999993 -0.003789
vn 0.000000 -0.999996 -0.002921
vn -0.000046 0.999099 0.042449
vn 0.000387 0.999065 -0.043225
vn -0.000035 0.899249 -0.437437
vn 0.000206 0.996877 0.078966
vn 0.000426 0.997591 0.069371
vn -0.000021 -0.999977 -0.006823
vn -0.000040 -0.999975 -0.007044
vn -0.000077 -0.999667 -0.025792
vn 0.000258 -0.998759 -0.049803
vn 0.000050 -0.975559 -0.219736
vn -0.000148 -0.857463 -0.514546
vn 0.000106 -0.999922 -0.012500
vn -0.000021 -0.999967 -0.008090
vn 0.000009 -0.999888 -0.014959
vn -0.000005 -0.999986 -0.005243
vn 0.000005 -0.999720 -0.023668
vn 0.000122 -0.999005 -0.044598
vn 0.000109 -0.992520 -0.122079
vn -0.000309 -0.878786 -0.477215
vn 0.000420 0.829194 -0.558961
vn -0.000313 -0.351880 -0.936045
vn 0.000201 0.397132 -0.917762
vn -0.000012 0.010656 -0.999943
vn -0.000131 0.059205 -0.998246
vn -0.000322 0.528226 -0.849104
vn -0.000267 0.195766 -0.980651
vn 0.000154 -0.013966 -0.999903
vn 0.000309 -0.059179 -0.998247
vn -0.000004 -0.599363 -0.800477
vn 0.000267 -0.260055 -0.965594
vn -0.000002 0.945891 0.324484
vn -0.000026 0.951187 0.308616
vn -0.000073 0.687232 0.726438
vn 0.000025 0.627373 0.778719
vn 0.000043 0.909176 0.416412
vn -0.000047 0.506661 0.862145
vn -0.000056 0.352538 0.935798
vn 0.000031 0.999381 -0.035170
vn 0.000041 0.998748 -0.050031
vn 0.000051 0.999446 0.033271
vn 0.000042 1.000000 0.000209
vn -0.000150 -0.808756 0.588145
vn 0.000029 -0.944442 0.328677
vn 0.000103 -0.996988 0.077561
vn -0.000137 -0.998195 0.060051
vn -0.000238 -0.913942 0.405845
vn -0.000022 -0.999910 0.013381
vn -0.000016 -0.999981 0.006116
vn 0.000037 -0.999997 0.002658
vn -0.000144 0.907825 0.419350
vn 0.000112 0.962752 0.270386
vn 0.000065 0.983764 0.179465
vn -0.000006 0.986840 0.161698
vn -0.000140 0.746284 0.665627
vn 0.000101 0.794287 0.607542
vn 0.000042 0.999994 0.003560
vn 0.000054 0.999546 0.030138
vn 0.000017 0.999989 -0.004641
vn 0.000046 -0.016128 0.999870
vn -0.000033 -0.037192 0.999308
vn -0.000037 -0.487188 0.873297
vn 0.000019 -0.935612 0.353029
vn -0.000029 -0.997996 0.063283
vn -0.000025 -0.004214 0.999991
vn -0.000009 0.004084 0.999992
vn -0.000024 -0.012373 0.999924
vn 0.000009 -0.021734 0.999764
vn -0.000021 -0.000207 1.000000
vn -0.000022 0.007529 0.999972
vn 0.000007 -0.003659 0.999993
vn 0.000051 -0.003384 0.999994
vn -0.000015 -0.001286 0.999999
vn -0.000049 -0.010629 0.999943
vn -0.000003 0.005921 0.999983
vn 0.000045 -0.004831 0.999988
vn 0.000003 0.007786 0.999970
vn 0.000003 -0.001317 0.999999
vn -0.000000 0.012769 0.999919
vn 0.000004 0.010634 0.999943
vn 0.000003 -0.003424 0.999994
vn 0.000010 0.004836 0.999988
vn 0.000016 -0.004095 0.999992
vn 0.000025 0.015492 0.999880
vn -0.000007 0.028362 0.999598
vn -0.000010 0.000634 1.000000
vn -0.000041 -0.003982 0.999992
vn -0.000005 -0.006030 0.999982
vn 0.000120 0.025978 0.999663
vn -0.000030 0.028034 0.999607
vn -0.000029 0.021703 0.999765
vn 0.000240 0.178306 0.983975
vn 0.000105 0.855172 0.518345
vn 0.000149 0.666235 0.745742
vn -0.000109 0.914281 0.405082
vn -0.000069 0.822344 0.568991
vn -0.000034 1.000000 -0.000344
vn -0.000032 0.999969 -0.007874
vn -0.000015 1.000000 -0.000088
vn -0.000039 0.999906 -0.013742
vn -0.000040 -0.012869 -0.999917
vn -0.000000 -0.039558 -0.999217
vn 0.000095 -0.428333 -0.903621
vn 0.000195 -0.910323 -0.413898
vn -0.000052 -0.001355 -0.999999
vn 0.000034 0.006603 -0.999978
vn 0.000067 -0.003523 -0.999994
vn -0.000074 -0.025748 -0.999668
vn -0.000004 0.006525 -0.999979
vn 0.000024 -0.007519 -0.999972
vn -0.000014 -0.008615 -0.999963
vn 0.000024 -0.009977 -0.999950
vn 0.000007 -0.003927 -0.999992
vn -0.000017 0.005992 -0.999982
vn 0.000004 0.010664 -0.999943
vn 0.000015 0.006317 -0.999980
vn -0.000007 -0.005722 -0.999984
vn -0.000011 0.009041 -0.999959
vn -0.000002 0.013879 -0.999904
vn -0.000003 -0.005046 -0.999987
vn 0.000028 0.004267 -0.999991
vn 0.000073 0.009762 -0.999952
vn 0.000031 -0.006795 -0.999977
vn -0.000049 0.999932 -0.011670
vn -0.000140 1.000000 -0.000943
vn -0.000053 0.999986 -0.005312
vn 0.000151 -0.812641 -0.582765
vn 0.000205 -0.861543 -0.507685
vn 0.000003 -0.987597 -0.157008
vn -0.000008 -0.999975 -0.007022
vn 0.000035 -0.999995 -0.003196
vn -0.000048 -0.999989 -0.004660
vn 0.000119 -0.997391 -0.072183
vn -0.000012 -0.999846 -0.017539
vn -0.000107 -0.999997 0.002557
vn -0.000025 -0.975830 -0.218531
vn -0.000095 0.980790 -0.195067
vn 0.000007 0.972604 -0.232470
vn 0.000027 0.898087 -0.439817
vn -0.000080 0.895993 -0.444068
vn -0.000125 0.951620 -0.307277
vn -0.000040 0.817934 -0.575312
vn -0.000020 0.539063 -0.842265
vn 0.000053 0.765270 -0.643709
vn -0.000035 0.819784 -0.572673
vn 0.000016 0.866889 -0.498501
vn -0.000079 0.739924 -0.672691
vn -0.000017 0.889386 -0.457157
vn -0.000008 0.625071 -0.780568
vn -0.000031 0.616379 -0.787450
vn 0.000236 0.940916 -0.338641
vn 0.000014 0.943418 -0.331606
vn 0.000031 0.953844 -0.300301
vn -0.000070 0.884910 0.465763
vn 0.000081 0.860559 0.509350
vn -0.000032 0.573734 0.819042
vn -0.000001 0.207482 0.978239
vn 0.000058 0.505404 0.862883
vn 0.000040 0.886870 0.462020
vn 0.000015 0.486515 -0.873672
vn -0.000014 0.762998 -0.646401
vn -0.000025 0.747667 -0.664074
vn 0.000002 -0.999977 0.006806
vn 0.000001 0.000634 1.000000
vn -0.000009 -0.999996 0.002937
vn -0.000001 -0.999995 0.003057
vn 0.000059 -0.999986 0.005216
vn 0.000012 -0.999994 -0.003520
# 5406 normals

usemtl Default
f 20/1/20 871/2/871 874/3/874 7/4/7
f 3452/5/3452 2601/6/2601 2588/7/2588 3455/8/3455
f 6/9/6 871/10/871 20/11/20 3/12/3
f 3452/13/3452 2587/14/2587 2584/15/2584 2601/16/2601
f 94/17/94 92/18/92 19/19/19 93/20/93
f 2673/21/2673 2675/22/2675 2674/23/2674 2600/24/2600
f 1/25/1 94/17/94 93/20/93 2/26/2
f 2675/22/2675 2582/27/2582 2583/28/2583 2674/23/2674
f 3/12/3 17/29/17 5/30/5 6/9/6
f 2598/31/2598 2584/15/2584 2587/14/2587 2586/32/2586
f 2227/33/2227 4/34/4 16/35/16 15/36/15
f 2585/37/2585 4808/38/4808 2596/39/2596 2597/40/2597
f 4/34/4 2227/33/2227 2223/41/2223 879/42/879
f 4808/38/4808 2585/37/2585 3460/43/3460 4804/44/4804
f 4/34/4 879/42/879 881/45/881 5/30/5
f 3460/43/3460 2585/37/2585 2586/32/2586 3462/46/3462
f 4/34/4 5/30/5 17/29/17 16/35/16
f 2586/32/2586 2585/37/2585 2597/40/2597 2598/31/2598
f 5/30/5 881/45/881 870/47/870 6/9/6
f 3462/46/3462 2586/32/2586 2587/14/2587 3451/48/3451
f 871/10/871 6/9/6 870/47/870 872/49/872
f 2587/14/2587 3452/13/3452 3453/50/3453 3451/48/3451
f 13/51/13 7/4/7 874/3/874 10/52/10
f 2588/7/2588 2594/53/2594 2591/54/2591 3455/8/3455
f 7/4/7 13/51/13 21/55/21 18/56/18
f 2594/53/2594 2588/7/2588 2599/57/2599 2602/58/2602
f 100/59/100 106/60/106 94/17/94 1/25/1
f 2687/61/2687 2681/62/2681 2582/27/2582 2675/22/2675
f 9/63/9 8/64/8 11/65/11 12/66/12
f 2589/67/2589 2590/68/2590 2593/69/2593 2592/70/2592
f 8/64/8 9/63/9 868/71/868 869/72/869
f 2590/68/2590 2589/67/2589 3450/73/3450 3449/74/3449
f 25/75/25 8/64/8 869/72/869 836/76/836
f 2589/67/2589 2606/77/2606 3417/78/3417 3450/73/3450
f 8/64/8 25/75/25 37/79/37 11/65/11
f 2606/77/2606 2589/67/2589 2592/70/2592 2618/80/2618
f 10/52/10 9/63/9 12/66/12 13/51/13
f 2590/68/2590 2591/54/2591 2594/53/2594 2593/69/2593
f 9/63/9 10/52/10 867/81/867 868/71/868
f 2591/54/2591 2590/68/2590 3449/74/3449 3448/82/3448
f 867/81/867 10/52/10 874/3/874 873/83/873
f 2591/54/2591 3448/82/3448 3454/84/3454 3455/8/3455
f 12/66/12 11/65/11 33/85/33 22/86/22
f 2592/70/2592 2593/69/2593 2603/87/2603 2614/88/2614
f 11/65/11 37/79/37 34/89/34 33/85/33
f 2618/80/2618 2592/70/2592 2614/88/2614 2615/90/2615
f 13/51/13 12/66/12 22/86/22 21/55/21
f 2593/69/2593 2594/53/2594 2602/58/2602 2603/87/2603
f 88/91/88 14/92/14 108/93/108 107/94/107
f 2595/95/2595 2669/96/2669 2688/97/2688 2689/98/2689
f 14/92/14 88/91/88 15/36/15 16/35/16
f 2669/96/2669 2595/95/2595 2597/40/2597 2596/39/2596
f 19/19/19 14/92/14 16/35/16 17/29/17
f 2595/95/2595 2600/24/2600 2598/31/2598 2597/40/2597
f 14/92/14 19/19/19 92/18/92 108/93/108
f 2600/24/2600 2595/95/2595 2689/98/2689 2673/21/2673
f 2218/99/2218 15/36/15 88/91/88 90/100/90
f 2596/39/2596 4799/101/4799 2671/102/2671 2669/96/2669
f 15/36/15 2218/99/2218 2213/103/2213 2227/33/2227
f 4799/101/4799 2596/39/2596 4808/38/4808 4794/104/4794
f 100/105/100 1/106/1 91/107/91 111/108/111
f 2582/109/2582 2681/110/2681 2692/111/2692 2672/112/2672
f 18/56/18 21/55/21 110/113/110 91/107/91
f 2602/58/2602 2599/57/2599 2672/112/2672 2691/114/2691
f 93/20/93 19/19/19 17/29/17 3/12/3
f 2600/24/2600 2674/23/2674 2584/15/2584 2598/31/2598
f 21/55/21 22/86/22 95/115/95 110/113/110
f 2603/87/2603 2602/58/2602 2691/114/2691 2676/116/2676
f 22/86/22 33/85/33 109/117/109 95/115/95
f 2614/88/2614 2603/87/2603 2676/116/2676 2690/118/2690
f 24/119/24 23/120/23 36/121/36 35/122/35
f 2604/123/2604 2605/124/2605 2616/125/2616 2617/126/2617
f 23/120/23 24/119/24 837/127/837 838/128/838
f 2605/124/2605 2604/123/2604 3419/129/3419 3418/130/3418
f 29/131/29 23/132/23 838/133/838 835/134/835
f 2604/135/2604 2610/136/2610 3416/137/3416 3419/138/3419
f 23/132/23 29/131/29 43/139/43 36/140/36
f 2610/136/2610 2604/135/2604 2617/141/2617 2624/142/2624
f 25/75/25 24/119/24 35/122/35 37/79/37
f 2605/124/2605 2606/77/2606 2618/80/2618 2616/125/2616
f 24/119/24 25/75/25 836/76/836 837/127/837
f 2606/77/2606 2605/124/2605 3418/130/3418 3417/78/3417
f 27/143/27 26/144/26 39/145/39 40/146/40
f 2607/147/2607 2608/148/2608 2621/149/2621 2620/150/2620
f 26/144/26 27/143/27 30/151/30 28/152/28
f 2608/148/2608 2607/147/2607 2609/153/2609 2611/154/2611
f 41/155/41 26/144/26 28/152/28 2197/156/2197
f 2607/147/2607 2622/157/2622 4778/158/4778 2609/153/2609
f 26/144/26 41/155/41 38/159/38 39/145/39
f 2622/157/2622 2607/147/2607 2620/150/2620 2619/160/2619
f 30/151/30 27/143/27 29/131/29 835/134/835
f 2608/148/2608 2611/154/2611 3416/137/3416 2610/136/2610
f 27/143/27 40/146/40 43/139/43 29/131/29
f 2621/149/2621 2608/148/2608 2610/136/2610 2624/142/2624
f 2197/156/2197 28/152/28 840/161/840 2200/162/2200
f 2609/153/2609 4778/158/4778 4781/163/4781 3421/164/3421
f 840/161/840 28/152/28 30/151/30 841/165/841
f 2609/153/2609 3421/164/3421 3422/166/3422 2611/154/2611
f 841/165/841 30/151/30 835/134/835 839/167/839
f 2611/154/2611 3422/166/3422 3420/168/3420 3416/137/3416
f 34/89/34 31/169/31 132/170/132 116/171/116
f 2612/172/2612 2615/90/2615 2697/173/2697 2713/174/2713
f 31/169/31 34/89/34 37/79/37 35/122/35
f 2615/90/2615 2612/172/2612 2616/125/2616 2618/80/2618
f 32/175/32 31/169/31 35/122/35 36/121/36
f 2612/172/2612 2613/176/2613 2617/126/2617 2616/125/2616
f 31/169/31 32/175/32 115/177/115 132/170/132
f 2613/176/2613 2612/172/2612 2713/174/2713 2696/178/2696
f 42/179/42 32/180/32 36/140/36 43/139/43
f 2613/181/2613 2623/182/2623 2624/142/2624 2617/141/2617
f 32/180/32 42/179/42 121/183/121 115/184/115
f 2623/182/2623 2613/181/2613 2696/185/2696 2702/186/2702
f 33/85/33 34/89/34 116/171/116 109/117/109
f 2615/90/2615 2614/88/2614 2690/118/2690 2697/173/2697
f 39/145/39 38/159/38 118/187/118 119/188/119
f 2619/160/2619 2620/150/2620 2700/189/2700 2699/190/2699
f 118/187/118 38/159/38 2191/191/2191 120/192/120
f 2619/160/2619 2699/190/2699 2701/193/2701 4772/194/4772
f 2191/191/2191 38/159/38 41/155/41 2189/195/2189
f 2619/160/2619 4772/194/4772 4770/196/4770 2622/157/2622
f 40/146/40 39/145/39 119/188/119 123/197/123
f 2620/150/2620 2621/149/2621 2704/198/2704 2700/189/2700
f 43/139/43 40/146/40 123/197/123 42/179/42
f 2621/149/2621 2624/142/2624 2623/182/2623 2704/198/2704
f 2189/195/2189 41/155/41 2197/156/2197 2198/199/2198
f 2622/157/2622 4770/196/4770 4779/200/4779 4778/158/4778
f 42/179/42 123/197/123 131/201/131 121/183/121
f 2704/198/2704 2623/182/2623 2702/186/2702 2712/202/2712
f 44/203/44 402/204/402 398/205/398 48/206/48
f 2983/207/2983 2625/208/2625 2629/209/2629 2979/210/2979
f 44/203/44 48/206/48 45/211/45 46/212/46
f 2629/209/2629 2625/208/2625 2627/213/2627 2626/214/2626
f 45/211/45 48/206/48 329/215/329 328/216/328
f 2629/209/2629 2626/214/2626 2909/217/2909 2910/218/2910
f 46/212/46 45/211/45 278/219/278 47/220/47
f 2626/214/2626 2627/213/2627 2628/221/2628 2859/222/2859
f 278/219/278 45/211/45 328/216/328 327/223/327
f 2626/214/2626 2859/222/2859 2908/224/2908 2909/217/2909
f 49/225/49 47/220/47 278/219/278 279/226/279
f 2628/221/2628 2630/227/2630 2860/228/2860 2859/222/2859
f 48/206/48 398/205/398 397/229/397 329/215/329
f 2979/210/2979 2629/209/2629 2910/218/2910 2978/230/2978
f 50/231/50 49/225/49 279/226/279 51/232/51
f 2630/227/2630 2631/233/2631 2632/234/2632 2860/228/2860
f 50/231/50 51/232/51 276/235/276 52/236/52
f 2632/234/2632 2631/233/2631 2633/237/2633 2857/238/2857
f 276/235/276 51/232/51 275/239/275 190/240/190
f 2632/234/2632 2857/238/2857 2771/241/2771 2856/242/2856
f 51/232/51 279/226/279 280/243/280 275/239/275
f 2860/228/2860 2632/234/2632 2856/242/2856 2861/244/2861
f 52/236/52 276/235/276 192/245/192 193/246/193
f 2857/238/2857 2633/237/2633 2774/247/2774 2773/248/2773
f 54/249/54 53/250/53 393/251/393 395/252/395
f 2634/253/2634 2635/254/2635 2976/255/2976 2974/256/2974
f 53/250/53 54/249/54 780/257/780 62/258/62
f 2635/254/2635 2634/253/2634 2643/259/2643 3361/260/3361
f 700/261/700 53/250/53 62/258/62 59/262/59
f 2634/253/2634 3281/263/3281 2640/264/2640 2643/259/2643
f 53/250/53 700/261/700 324/265/324 393/251/393
f 3281/263/3281 2634/253/2634 2974/256/2974 2905/266/2905
f 807/267/807 54/249/54 395/252/395 753/268/753
f 2635/254/2635 3388/269/3388 3334/270/3334 2976/255/2976
f 54/249/54 807/267/807 803/271/803 780/257/780
f 3388/269/3388 2635/254/2635 3361/260/3361 3384/272/3384
f 56/273/56 55/274/55 781/275/781 782/276/782
f 2636/277/2636 2637/278/2637 3363/279/3363 3362/280/3362
f 55/274/55 56/273/56 57/281/57 60/282/60
f 2637/278/2637 2636/277/2636 2641/283/2641 2638/284/2638
f 62/258/62 55/274/55 60/282/60 59/262/59
f 2636/277/2636 2643/259/2643 2640/264/2640 2641/283/2641
f 55/274/55 62/258/62 780/257/780 781/275/781
f 2643/259/2643 2636/277/2636 3362/280/3362 3361/260/3361
f 56/273/56 782/276/782 783/285/783 786/286/786
f 3363/279/3363 2637/278/2637 3367/287/3367 3364/288/3364
f 57/281/57 56/273/56 786/286/786 58/289/58
f 2637/278/2637 2638/284/2638 2639/290/2639 3367/287/3367
f 57/281/57 58/289/58 86/291/86 75/292/75
f 2639/290/2639 2638/284/2638 2656/293/2656 2667/294/2667
f 57/281/57 75/292/75 74/295/74 60/282/60
f 2656/293/2656 2638/284/2638 2641/283/2641 2655/296/2655
f 66/297/66 58/289/58 786/286/786 61/298/61
f 2639/290/2639 2647/299/2647 2642/300/2642 3367/287/3367
f 58/289/58 66/297/66 65/301/65 86/291/86
f 2647/299/2647 2639/290/2639 2667/294/2667 2646/302/2646
f 700/261/700 59/262/59 697/303/697 698/304/698
f 2640/264/2640 3281/263/3281 3279/305/3279 3278/306/3278
f 59/262/59 60/282/60 74/295/74 697/303/697
f 2641/283/2641 2640/264/2640 3278/306/3278 2655/296/2655
f 61/298/61 786/286/786 783/285/783 776/307/776
f 3367/287/3367 2642/300/2642 3357/308/3357 3364/288/3364
f 70/309/70 61/298/61 776/307/776 777/310/777
f 2642/300/2642 2651/311/2651 3358/312/3358 3357/308/3357
f 61/298/61 70/309/70 69/313/69 66/297/66
f 2651/311/2651 2642/300/2642 2647/299/2647 2650/314/2650
f 64/315/64 63/316/63 84/317/84 83/318/83
f 2644/319/2644 2645/320/2645 2664/321/2664 2665/322/2665
f 63/316/63 64/315/64 771/323/771 773/324/773
f 2645/320/2645 2644/319/2644 3354/325/3354 3352/326/3352
f 84/327/84 63/328/63 67/329/67 82/330/82
f 2644/331/2644 2665/332/2665 2663/333/2663 2648/334/2648
f 63/328/63 773/335/773 774/336/774 67/329/67
f 3354/337/3354 2644/331/2644 2648/334/2648 3355/338/3355
f 69/313/69 64/315/64 83/318/83 87/339/87
f 2645/320/2645 2650/314/2650 2668/340/2668 2664/321/2664
f 64/315/64 69/313/69 70/309/70 771/323/771
f 2650/314/2650 2645/320/2645 3352/326/3352 2651/311/2651
f 86/291/86 65/301/65 80/341/80 71/342/71
f 2646/302/2646 2667/294/2667 2652/343/2652 2661/344/2661
f 87/339/87 65/301/65 66/297/66 69/313/69
f 2646/302/2646 2668/340/2668 2650/314/2650 2647/299/2647
f 65/301/65 87/339/87 81/345/81 80/341/80
f 2668/340/2668 2646/302/2646 2661/344/2661 2662/346/2662
f 68/347/68 67/348/67 774/349/774 772/350/772
f 2648/351/2648 2649/352/2649 3353/353/3353 3355/354/3355
f 67/348/67 68/347/68 85/355/85 82/356/82
f 2649/352/2649 2648/351/2648 2663/357/2663 2666/358/2666
f 2162/359/2162 68/347/68 772/350/772 2309/360/2309
f 2649/352/2649 4743/361/4743 4890/362/4890 3353/353/3353
f 68/347/68 2162/359/2162 2149/363/2149 85/355/85
f 4743/361/4743 2649/352/2649 2666/358/2666 4730/364/4730
f 771/323/771 70/309/70 777/310/777 767/365/767
f 2651/311/2651 3352/326/3352 3348/366/3348 3358/312/3358
f 73/367/73 71/342/71 240/368/240 239/369/239
f 2652/343/2652 2654/370/2654 2820/371/2820 2821/372/2821
f 71/342/71 73/367/73 75/292/75 86/291/86
f 2654/370/2654 2652/343/2652 2667/294/2667 2656/293/2656
f 240/368/240 71/342/71 80/341/80 251/373/251
f 2652/343/2652 2821/372/2821 2832/374/2832 2661/344/2661
f 74/295/74 72/375/72 695/376/695 697/303/697
f 2653/377/2653 2655/296/2655 3278/306/3278 3276/378/3276
f 72/375/72 74/295/74 75/292/75 73/367/73
f 2655/296/2655 2653/377/2653 2654/370/2654 2656/293/2656
f 695/376/695 72/375/72 242/379/242 241/380/241
f 2653/377/2653 3276/378/3276 2822/381/2822 2823/382/2823
f 72/375/72 73/367/73 239/369/239 242/379/242
f 2654/370/2654 2653/377/2653 2823/382/2823 2820/371/2820
f 77/383/77 76/384/76 248/385/248 244/386/244
f 2657/387/2657 2658/388/2658 2825/389/2825 2829/390/2829
f 76/384/76 77/383/77 82/356/82 85/355/85
f 2658/388/2658 2657/387/2657 2666/358/2666 2663/357/2663
f 2150/391/2150 76/384/76 85/355/85 2149/363/2149
f 2657/387/2657 4731/392/4731 4730/364/4730 2666/358/2666
f 76/384/76 2150/391/2150 1693/393/1693 248/385/248
f 4731/392/4731 2657/387/2657 2829/390/2829 4274/394/4274
f 82/330/82 77/395/77 79/396/79 84/327/84
f 2658/397/2658 2663/333/2663 2665/332/2665 2660/398/2660
f 79/396/79 77/395/77 244/399/244 249/400/249
f 2658/397/2658 2660/398/2660 2830/401/2830 2825/402/2825
f 83/318/83 78/403/78 81/345/81 87/339/87
f 2659/404/2659 2664/321/2664 2668/340/2668 2662/346/2662
f 78/403/78 83/318/83 84/317/84 79/405/79
f 2664/321/2664 2659/404/2659 2660/406/2660 2665/322/2665
f 78/403/78 79/405/79 249/407/249 243/408/243
f 2660/406/2660 2659/404/2659 2824/409/2824 2830/410/2830
f 81/345/81 78/403/78 243/408/243 250/411/250
f 2659/404/2659 2662/346/2662 2831/412/2831 2824/409/2824
f 80/341/80 81/345/81 250/411/250 251/373/251
f 2662/346/2662 2661/344/2661 2832/374/2832 2831/412/2831
f 90/100/90 88/91/88 107/94/107 97/413/97
f 2669/96/2669 2671/102/2671 2678/414/2678 2688/97/2688
f 90/100/90 89/415/89 2217/416/2217 2218/99/2218
f 2670/417/2670 2671/102/2671 4799/101/4799 4798/418/4798
f 89/415/89 90/100/90 97/413/97 98/419/98
f 2671/102/2671 2670/417/2670 2679/420/2679 2678/414/2678
f 2217/416/2217 89/415/89 1755/421/1755 1749/422/1749
f 2670/417/2670 4798/418/4798 4330/423/4330 4336/424/4336
f 1755/421/1755 89/415/89 98/419/98 1753/425/1753
f 2670/417/2670 4336/424/4336 4334/426/4334 2679/420/2679
f 18/56/18 91/107/91 1/106/1 2/427/2
f 2672/112/2672 2599/57/2599 2583/428/2583 2582/109/2582
f 7/4/7 18/56/18 2/427/2 20/1/20
f 2599/57/2599 2588/7/2588 2601/6/2601 2583/428/2583
f 91/107/91 110/113/110 114/429/114 111/108/111
f 2691/114/2691 2672/112/2672 2692/111/2692 2695/430/2695
f 2/26/2 93/20/93 3/12/3 20/11/20
f 2674/23/2674 2583/28/2583 2601/16/2601 2584/15/2584
f 108/93/108 92/18/92 105/431/105 104/432/104
f 2673/21/2673 2689/98/2689 2685/433/2685 2686/434/2686
f 620/435/620 1077/436/1077 1078/437/1078 618/438/618
f 3658/439/3658 3201/440/3201 3199/441/3199 3659/442/3659
f 95/115/95 109/117/109 113/443/113 112/444/112
f 2690/118/2690 2676/116/2676 2693/445/2693 2694/446/2694
f 110/113/110 95/115/95 112/444/112 114/429/114
f 2676/116/2676 2691/114/2691 2695/430/2695 2693/445/2693
f 368/447/368 96/448/96 367/449/367 366/450/366
f 2677/451/2677 2949/452/2949 2947/453/2947 2948/454/2948
f 96/448/96 368/447/368 97/413/97 107/94/107
f 2949/452/2949 2677/451/2677 2688/97/2688 2678/414/2678
f 104/432/104 96/448/96 107/94/107 108/93/108
f 2677/451/2677 2685/433/2685 2689/98/2689 2688/97/2688
f 377/455/377 385/456/385 367/449/367 96/448/96
f 2966/457/2966 2958/458/2958 2677/451/2677 2948/454/2948
f 98/419/98 97/413/97 368/447/368 369/459/369
f 2678/414/2678 2679/420/2679 2950/460/2950 2949/452/2949
f 1753/425/1753 98/419/98 369/459/369 370/461/370
f 2679/420/2679 4334/426/4334 2951/462/2951 2950/460/2950
f 386/463/386 99/464/99 100/105/100 111/108/111
f 2680/465/2680 2967/466/2967 2692/111/2692 2681/110/2681
f 99/464/99 386/463/386 387/467/387 372/468/372
f 2967/466/2967 2680/465/2680 2953/469/2953 2968/470/2968
f 99/471/99 372/472/372 376/473/376 101/474/101
f 2953/475/2953 2680/476/2680 2682/477/2682 2957/478/2957
f 99/471/99 101/474/101 106/60/106 100/59/100
f 2682/477/2682 2680/476/2680 2681/62/2681 2687/61/2687
f 101/474/101 376/473/376 378/479/378 102/480/102
f 2957/478/2957 2682/477/2682 2683/481/2683 2959/482/2959
f 101/474/101 102/480/102 105/431/105 106/60/106
f 2683/481/2683 2682/477/2682 2687/61/2687 2686/434/2686
f 103/483/103 102/480/102 378/479/378 377/455/377
f 2683/481/2683 2684/484/2684 2958/458/2958 2959/482/2959
f 102/480/102 103/483/103 104/432/104 105/431/105
f 2684/484/2684 2683/481/2683 2686/434/2686 2685/433/2685
f 109/117/109 116/171/116 147/485/147 113/443/113
f 2697/173/2697 2690/118/2690 2694/446/2694 2728/486/2728
f 387/467/387 386/463/386 111/108/111 114/429/114
f 2967/466/2967 2968/470/2968 2695/430/2695 2692/111/2692
f 112/444/112 113/443/113 435/487/435 388/488/388
f 2694/446/2694 2693/445/2693 2969/489/2969 3016/490/3016
f 114/429/114 112/444/112 388/488/388 389/491/389
f 2693/445/2693 2695/430/2695 2970/492/2970 2969/489/2969
f 113/443/113 147/485/147 434/493/434 435/487/435
f 2728/486/2728 2694/446/2694 3016/490/3016 3015/494/3015
f 132/170/132 115/177/115 124/495/124 146/496/146
f 2696/178/2696 2713/174/2713 2727/497/2727 2705/498/2705
f 115/184/115 121/183/121 128/499/128 124/500/124
f 2702/186/2702 2696/185/2696 2705/501/2705 2709/502/2709
f 116/171/116 132/170/132 146/496/146 147/485/147
f 2713/174/2713 2697/173/2697 2728/486/2728 2727/497/2727
f 127/503/127 117/504/117 126/505/126 125/506/125
f 2698/507/2698 2708/508/2708 2706/509/2706 2707/510/2707
f 117/504/117 127/503/127 118/187/118 120/192/120
f 2708/508/2708 2698/507/2698 2701/193/2701 2699/190/2699
f 117/504/117 120/192/120 1726/511/1726 1720/512/1720
f 2701/193/2701 2698/507/2698 4301/513/4301 4307/514/4307
f 126/505/126 117/504/117 1720/512/1720 1722/515/1722
f 2698/507/2698 2707/510/2707 4303/516/4303 4301/513/4301
f 119/188/119 118/187/118 127/503/127 122/517/122
f 2699/190/2699 2700/189/2700 2703/518/2703 2708/508/2708
f 123/197/123 119/188/119 122/517/122 131/201/131
f 2700/189/2700 2704/198/2704 2712/202/2712 2703/518/2703
f 1726/511/1726 120/192/120 2191/191/2191 1725/519/1725
f 2701/193/2701 4307/514/4307 4306/520/4306 4772/194/4772
f 121/183/121 131/201/131 129/521/129 128/499/128
f 2712/202/2712 2702/186/2702 2709/502/2709 2710/522/2710
f 122/517/122 127/503/127 125/506/125 130/523/130
f 2708/508/2708 2703/518/2703 2711/524/2711 2706/509/2706
f 131/201/131 122/517/122 130/523/130 129/521/129
f 2703/518/2703 2712/202/2712 2710/522/2710 2711/524/2711
f 146/496/146 124/495/124 411/525/411 412/526/412
f 2705/498/2705 2727/497/2727 2993/527/2993 2992/528/2992
f 124/500/124 128/499/128 422/529/422 411/530/411
f 2709/502/2709 2705/501/2705 2992/531/2992 3003/532/3003
f 130/523/130 125/506/125 420/533/420 424/534/424
f 2706/509/2706 2711/524/2711 3005/535/3005 3001/536/3001
f 125/506/125 126/505/126 421/537/421 420/533/420
f 2707/510/2707 2706/509/2706 3001/536/3001 3002/538/3002
f 126/505/126 1722/515/1722 1224/539/1224 421/537/421
f 4303/516/4303 2707/510/2707 3002/538/3002 3805/540/3805
f 128/499/128 129/521/129 423/541/423 422/529/422
f 2710/522/2710 2709/502/2709 3003/532/3003 3004/542/3004
f 129/521/129 130/523/130 424/534/424 423/541/423
f 2711/524/2711 2710/522/2710 3004/542/3004 3005/535/3005
f 134/543/134 133/544/133 559/545/559 560/546/560
f 2714/547/2714 2715/548/2715 3141/549/3141 3140/550/3140
f 133/544/133 134/543/134 140/551/140 180/552/180
f 2715/548/2715 2714/547/2714 2761/553/2761 2721/554/2721
f 133/544/133 180/552/180 181/555/181 178/556/178
f 2761/553/2761 2714/547/2714 2759/557/2759 2762/558/2762
f 559/545/559 133/544/133 178/556/178 179/559/179
f 2714/547/2714 3140/550/3140 2760/560/2760 2759/557/2759
f 136/561/136 134/543/134 560/546/560 135/562/135
f 2715/548/2715 2717/563/2717 2716/564/2716 3141/549/3141
f 134/543/134 136/561/136 558/565/558 140/551/140
f 2717/563/2717 2715/548/2715 2721/554/2721 3139/566/3139
f 136/561/136 135/562/135 451/567/451 452/568/452
f 2716/564/2716 2717/563/2717 3033/569/3033 3032/570/3032
f 135/562/135 560/546/560 449/571/449 451/567/451
f 3141/549/3141 2716/564/2716 3032/570/3032 3030/572/3030
f 558/565/558 136/561/136 452/568/452 453/573/453
f 2717/563/2717 3139/566/3139 3034/574/3034 3033/569/3033
f 138/575/138 137/576/137 142/577/142 187/578/187
f 2718/579/2718 2719/580/2719 2768/581/2768 2723/582/2723
f 137/576/137 138/575/138 441/583/441 139/584/139
f 2719/580/2719 2718/579/2718 2720/585/2720 3022/586/3022
f 142/577/142 137/576/137 143/587/143 141/588/141
f 2718/579/2718 2723/582/2723 2722/589/2722 2724/590/2724
f 137/576/137 139/584/139 442/591/442 143/587/143
f 2720/585/2720 2718/579/2718 2724/590/2724 3023/592/3023
f 140/551/140 138/575/138 187/578/187 180/552/180
f 2719/580/2719 2721/554/2721 2761/553/2761 2768/581/2768
f 138/575/138 140/551/140 558/565/558 441/583/441
f 2721/554/2721 2719/580/2719 3022/586/3022 3139/566/3139
f 139/584/139 441/583/441 437/593/437 436/594/436
f 3022/586/3022 2720/585/2720 3017/595/3017 3018/596/3018
f 442/591/442 139/584/139 436/594/436 439/597/439
f 2720/585/2720 3023/592/3023 3020/598/3020 3017/595/3017
f 141/588/141 143/587/143 144/599/144 145/600/145
f 2724/590/2724 2722/589/2722 2726/601/2726 2725/602/2725
f 188/603/188 141/588/141 145/600/145 191/604/191
f 2722/589/2722 2769/605/2769 2772/606/2772 2726/601/2726
f 141/588/141 188/603/188 185/607/185 142/577/142
f 2769/605/2769 2722/589/2722 2723/582/2723 2766/608/2766
f 187/578/187 142/577/142 185/607/185 186/609/186
f 2723/582/2723 2768/581/2768 2767/610/2767 2766/608/2766
f 144/599/144 143/587/143 442/591/442 490/611/490
f 2724/590/2724 2725/602/2725 3071/612/3071 3023/592/3023
f 147/485/147 146/496/146 412/526/412 434/493/434
f 2727/497/2727 2728/486/2728 3015/494/3015 2993/527/2993
f 155/613/155 148/614/148 149/615/149 150/616/150
f 2729/617/2729 2736/618/2736 2731/619/2731 2730/620/2730
f 148/614/148 155/613/155 163/621/163 154/622/154
f 2736/618/2736 2729/617/2729 2735/623/2735 2744/624/2744
f 197/625/197 148/614/148 154/622/154 200/626/200
f 2729/617/2729 2778/627/2778 2781/628/2781 2735/623/2735
f 148/614/148 197/625/197 208/629/208 149/615/149
f 2778/627/2778 2729/617/2729 2730/620/2730 2789/630/2789
f 149/615/149 208/629/208 1504/631/1504 1484/632/1484
f 2789/630/2789 2730/620/2730 4065/633/4065 4085/634/4085
f 150/616/150 149/615/149 1484/632/1484 1485/635/1485
f 2730/620/2730 2731/619/2731 4066/636/4066 4065/633/4065
f 151/637/151 150/616/150 1485/635/1485 1481/638/1481
f 2731/619/2731 2732/639/2732 4062/640/4062 4066/636/4066
f 150/616/150 151/637/151 152/641/152 155/613/155
f 2732/639/2732 2731/619/2731 2736/618/2736 2733/642/2733
f 153/643/153 151/637/151 1481/638/1481 1482/644/1482
f 2732/639/2732 2734/645/2734 4063/646/4063 4062/640/4062
f 151/637/151 153/643/153 158/647/158 152/641/152
f 2734/645/2734 2732/639/2732 2733/642/2733 2739/648/2739
f 156/649/156 152/641/152 158/647/158 157/650/157
f 2733/642/2733 2737/651/2737 2738/652/2738 2739/648/2739
f 152/641/152 156/649/156 163/621/163 155/613/155
f 2737/651/2737 2733/642/2733 2736/618/2736 2744/624/2744
f 154/622/154 163/621/163 160/653/160 162/654/162
f 2744/624/2744 2735/623/2735 2743/655/2743 2741/656/2741
f 154/622/154 162/654/162 214/657/214 200/626/200
f 2743/655/2743 2735/623/2735 2781/628/2781 2795/658/2795
f 163/621/163 156/649/156 164/659/164 160/653/160
f 2737/651/2737 2744/624/2744 2741/656/2741 2745/660/2745
f 156/649/156 157/650/157 166/661/166 164/659/164
f 2738/652/2738 2737/651/2737 2745/660/2745 2747/662/2747
f 218/663/218 159/664/159 167/665/167 217/666/217
f 2740/667/2740 2799/668/2799 2798/669/2798 2748/670/2748
f 159/664/159 218/663/218 214/657/214 162/654/162
f 2799/668/2799 2740/667/2740 2743/655/2743 2795/658/2795
f 161/671/161 159/664/159 162/654/162 160/653/160
f 2740/667/2740 2742/672/2742 2741/656/2741 2743/655/2743
f 159/664/159 161/671/161 174/673/174 167/665/167
f 2742/672/2742 2740/667/2740 2748/670/2748 2755/674/2755
f 161/671/161 160/653/160 164/659/164 168/675/168
f 2741/656/2741 2742/672/2742 2749/676/2749 2745/660/2745
f 161/671/161 168/675/168 169/677/169 174/673/174
f 2749/676/2749 2742/672/2742 2755/674/2755 2750/678/2750
f 164/659/164 166/661/166 165/679/165 168/675/168
f 2747/662/2747 2745/660/2745 2749/676/2749 2746/680/2746
f 165/679/165 170/681/170 169/677/169 168/675/168
f 2751/682/2751 2746/680/2746 2749/676/2749 2750/678/2750
f 167/665/167 174/673/174 175/683/175 172/684/172
f 2755/674/2755 2748/670/2748 2753/685/2753 2756/686/2756
f 217/666/217 167/665/167 172/684/172 232/687/232
f 2748/670/2748 2798/669/2798 2813/688/2813 2753/685/2753
f 174/673/174 169/677/169 176/689/176 175/683/175
f 2750/678/2750 2755/674/2755 2756/686/2756 2757/690/2757
f 169/677/169 170/681/170 177/691/177 176/689/176
f 2751/682/2751 2750/678/2750 2757/690/2757 2758/692/2758
f 225/693/225 171/694/171 588/695/588 623/696/623
f 2752/697/2752 2806/698/2806 3204/699/3204 3169/700/3169
f 171/694/171 225/693/225 226/701/226 232/702/232
f 2806/698/2806 2752/697/2752 2813/703/2813 2807/704/2807
f 589/705/589 171/706/171 232/687/232 172/684/172
f 2752/707/2752 3170/708/3170 2753/685/2753 2813/688/2813
f 171/706/171 589/705/589 590/709/590 588/710/588
f 3170/708/3170 2752/707/2752 3169/711/3169 3171/712/3171
f 172/684/172 175/683/175 173/713/173 589/705/589
f 2756/686/2756 2753/685/2753 3170/708/3170 2754/714/2754
f 589/705/589 173/713/173 592/715/592 590/709/590
f 2754/714/2754 3170/708/3170 3171/712/3171 3173/716/3173
f 596/717/596 173/713/173 175/683/175 176/689/176
f 2754/714/2754 3177/718/3177 2757/690/2757 2756/686/2756
f 173/713/173 596/717/596 593/719/593 592/715/592
f 3177/718/3177 2754/714/2754 3173/716/3173 3174/720/3174
f 176/689/176 177/691/177 595/721/595 596/717/596
f 2758/692/2758 2757/690/2757 3177/718/3177 3176/722/3176
f 182/723/182 178/556/178 181/555/181 184/724/184
f 2759/557/2759 2763/725/2763 2765/726/2765 2762/558/2762
f 178/556/178 182/723/182 234/727/234 179/559/179
f 2763/725/2763 2759/557/2759 2760/560/2760 2815/728/2815
f 179/559/179 234/727/234 227/729/227 445/730/445
f 2815/728/2815 2760/560/2760 3026/731/3026 2808/732/2808
f 559/545/559 179/559/179 445/730/445 448/733/448
f 2760/560/2760 3140/550/3140 3029/734/3029 3026/731/3026
f 181/555/181 180/552/180 187/578/187 186/609/186
f 2761/553/2761 2762/558/2762 2767/610/2767 2768/581/2768
f 184/724/184 181/555/181 186/609/186 274/735/274
f 2762/558/2762 2765/726/2765 2855/736/2855 2767/610/2767
f 269/737/269 182/723/182 184/724/184 183/738/183
f 2763/725/2763 2850/739/2850 2764/740/2764 2765/726/2765
f 182/723/182 269/737/269 650/741/650 234/727/234
f 2850/739/2850 2763/725/2763 2815/728/2815 3231/742/3231
f 270/743/270 183/738/183 273/744/273 272/745/272
f 2764/740/2764 2851/746/2851 2853/747/2853 2854/748/2854
f 183/738/183 270/743/270 268/749/268 269/737/269
f 2851/746/2851 2764/740/2764 2850/739/2850 2849/750/2849
f 183/738/183 184/724/184 274/735/274 273/744/273
f 2765/726/2765 2764/740/2764 2854/748/2854 2855/736/2855
f 186/609/186 185/607/185 189/751/189 274/735/274
f 2766/608/2766 2767/610/2767 2855/736/2855 2770/752/2770
f 189/751/189 185/607/185 188/603/188 192/245/192
f 2766/608/2766 2770/752/2770 2773/248/2773 2769/605/2769
f 192/245/192 188/603/188 191/604/191 193/246/193
f 2769/605/2769 2773/248/2773 2774/247/2774 2772/606/2772
f 190/240/190 189/751/189 192/245/192 276/235/276
f 2770/752/2770 2771/241/2771 2857/238/2857 2773/248/2773
f 189/751/189 190/240/190 273/744/273 274/735/274
f 2771/241/2771 2770/752/2770 2855/736/2855 2854/748/2854
f 190/240/190 275/239/275 272/745/272 273/744/273
f 2856/242/2856 2771/241/2771 2854/748/2854 2853/747/2853
f 195/753/195 194/754/194 1500/755/1500 196/756/196
f 2775/757/2775 2776/758/2776 2777/759/2777 4081/760/4081
f 194/754/194 195/753/195 199/761/199 198/762/198
f 2776/758/2776 2775/757/2775 2779/763/2779 2780/764/2780
f 207/765/207 194/754/194 198/762/198 206/766/206
f 2775/757/2775 2788/767/2788 2787/768/2787 2779/763/2779
f 194/754/194 207/765/207 205/769/205 1500/755/1500
f 2788/767/2788 2775/757/2775 4081/760/4081 2786/770/2786
f 197/771/197 195/753/195 196/756/196 208/772/208
f 2776/758/2776 2778/773/2778 2789/774/2789 2777/759/2777
f 195/753/195 197/771/197 200/775/200 199/761/199
f 2778/773/2778 2776/758/2776 2780/764/2780 2781/776/2781
f 208/772/208 196/756/196 1502/777/1502 1504/778/1504
f 2777/759/2777 2789/774/2789 4085/779/4085 4083/780/4083
f 196/756/196 1500/755/1500 1501/781/1501 1502/777/1502
f 4081/760/4081 2777/759/2777 4083/780/4083 4082/782/4082
f 206/766/206 198/762/198 211/783/211 221/784/221
f 2779/763/2779 2787/768/2787 2802/785/2802 2792/786/2792
f 211/783/211 198/762/198 199/761/199 213/787/213
f 2779/763/2779 2792/786/2792 2794/788/2794 2780/764/2780
f 199/761/199 200/775/200 214/789/214 213/787/213
f 2781/776/2781 2780/764/2780 2794/788/2794 2795/790/2795
f 207/765/207 201/791/201 1493/792/1493 205/769/205
f 2782/793/2782 2788/767/2788 2786/770/2786 4074/794/4074
f 201/791/201 207/765/207 206/766/206 204/795/204
f 2788/767/2788 2782/793/2782 2785/796/2785 2787/768/2787
f 1493/792/1493 201/791/201 284/797/284 2009/798/2009
f 2782/793/2782 4074/794/4074 4590/799/4590 2865/800/2865
f 284/797/284 201/791/201 204/795/204 283/801/283
f 2782/793/2782 2865/800/2865 2864/802/2864 2785/796/2785
f 1494/803/1494 202/804/202 1497/805/1497 1498/806/1498
f 2783/807/2783 4075/808/4075 4079/809/4079 4078/810/4078
f 202/804/202 1494/803/1494 205/769/205 1493/792/1493
f 4075/808/4075 2783/807/2783 4074/794/4074 2786/770/2786
f 202/804/202 1493/792/1493 2009/798/2009 2011/811/2011
f 4074/794/4074 2783/807/2783 4592/812/4592 4590/799/4590
f 202/804/202 2011/811/2011 1495/813/1495 1497/805/1497
f 4592/812/4592 2783/807/2783 4078/810/4078 4076/814/4076
f 221/784/221 203/815/203 204/795/204 206/766/206
f 2784/816/2784 2802/785/2802 2787/768/2787 2785/796/2785
f 203/815/203 221/784/221 220/817/220 219/818/219
f 2802/785/2802 2784/816/2784 2800/819/2800 2801/820/2801
f 203/815/203 219/818/219 300/821/300 298/822/298
f 2800/819/2800 2784/816/2784 2879/823/2879 2881/824/2881
f 204/795/204 203/815/203 298/822/298 283/801/283
f 2784/816/2784 2785/796/2785 2864/802/2864 2879/823/2879
f 1500/755/1500 205/769/205 1494/803/1494 1501/781/1501
f 2786/770/2786 4081/760/4081 4082/782/4082 4075/808/4075
f 210/825/210 209/826/209 215/827/215 220/817/220
f 2790/828/2790 2791/829/2791 2801/820/2801 2796/830/2796
f 209/826/209 210/825/210 212/831/212 216/832/216
f 2791/829/2791 2790/828/2790 2797/833/2797 2793/834/2793
f 215/827/215 209/826/209 223/835/223 231/836/231
f 2790/828/2790 2796/830/2796 2812/837/2812 2804/838/2804
f 223/835/223 209/826/209 216/832/216 226/701/226
f 2790/828/2790 2804/838/2804 2807/704/2807 2797/833/2797
f 211/783/211 210/825/210 220/817/220 221/784/221
f 2791/829/2791 2792/786/2792 2802/785/2802 2801/820/2801
f 210/825/210 211/783/211 213/787/213 212/831/212
f 2792/786/2792 2791/829/2791 2793/834/2793 2794/788/2794
f 218/839/218 212/831/212 213/787/213 214/789/214
f 2793/834/2793 2799/840/2799 2795/790/2795 2794/788/2794
f 212/831/212 218/839/218 217/841/217 216/832/216
f 2799/840/2799 2793/834/2793 2797/833/2797 2798/842/2798
f 229/843/229 215/827/215 231/836/231 222/844/222
f 2796/830/2796 2810/845/2810 2803/846/2803 2812/837/2812
f 215/827/215 229/843/229 219/818/219 220/817/220
f 2810/845/2810 2796/830/2796 2801/820/2801 2800/819/2800
f 216/832/216 217/841/217 232/702/232 226/701/226
f 2798/842/2798 2797/833/2797 2807/704/2807 2813/703/2813
f 300/821/300 219/818/219 229/843/229 312/847/312
f 2800/819/2800 2881/824/2881 2893/848/2893 2810/845/2810
f 230/849/230 222/844/222 231/836/231 629/850/629
f 2803/846/2803 2811/851/2811 3210/852/3210 2812/837/2812
f 222/844/222 230/849/230 311/853/311 228/854/228
f 2811/851/2811 2803/846/2803 2809/855/2809 2892/856/2892
f 229/843/229 222/844/222 228/854/228 312/847/312
f 2803/846/2803 2810/845/2810 2893/848/2893 2809/855/2809
f 231/836/231 223/835/223 224/857/224 629/850/629
f 2804/838/2804 2812/837/2812 3210/852/3210 2805/858/2805
f 223/835/223 226/701/226 225/693/225 224/857/224
f 2807/704/2807 2804/838/2804 2805/858/2805 2806/698/2806
f 629/850/629 224/857/224 622/859/622 628/860/628
f 2805/858/2805 3210/852/3210 3209/861/3209 3203/862/3203
f 622/859/622 224/857/224 225/693/225 623/696/623
f 2805/858/2805 3203/862/3203 3204/699/3204 2806/698/2806
f 445/730/445 227/729/227 255/863/255 446/864/446
f 2808/732/2808 3026/731/3026 3027/865/3027 2836/866/2836
f 255/863/255 227/729/227 648/867/648 257/868/257
f 2808/732/2808 2836/866/2836 2838/869/2838 3229/870/3229
f 227/729/227 234/727/234 650/741/650 648/867/648
f 2815/728/2815 2808/732/2808 3229/870/3229 3231/742/3231
f 314/871/314 228/854/228 311/853/311 313/872/313
f 2809/855/2809 2895/873/2895 2894/874/2894 2892/856/2892
f 228/854/228 314/871/314 303/875/303 312/847/312
f 2895/873/2895 2809/855/2809 2893/848/2893 2884/876/2884
f 311/853/311 230/849/230 625/877/625 667/878/667
f 2811/851/2811 2892/856/2892 3248/879/3248 3206/880/3206
f 625/877/625 230/849/230 629/850/629 628/860/628
f 2811/851/2811 3206/880/3206 3209/861/3209 3210/852/3210
f 588/695/588 233/881/233 624/882/624 623/696/623
f 2814/883/2814 3169/700/3169 3204/699/3204 3205/884/3205
f 233/885/233 588/710/588 590/709/590 1518/886/1518
f 3169/711/3169 2814/887/2814 4099/888/4099 3171/712/3171
f 624/882/624 233/881/233 235/889/235 1541/890/1541
f 2814/883/2814 3205/884/3205 4122/891/4122 2816/892/2816
f 235/893/235 233/885/233 1518/886/1518 1513/894/1513
f 2814/887/2814 2816/895/2816 4094/896/4094 4099/888/4099
f 235/893/235 1513/894/1513 1514/897/1514 1512/898/1512
f 4094/896/4094 2816/895/2816 4093/899/4093 4095/900/4095
f 1541/890/1541 235/889/235 1512/901/1512 1542/902/1542
f 2816/892/2816 4122/891/4122 4123/903/4123 4093/904/4093
f 237/905/237 236/906/236 239/369/239 240/368/240
f 2817/907/2817 2818/908/2818 2821/372/2821 2820/371/2820
f 236/906/236 237/905/237 256/909/256 258/910/258
f 2818/908/2818 2817/907/2817 2839/911/2839 2837/912/2837
f 239/369/239 236/906/236 238/913/238 242/379/242
f 2817/907/2817 2820/371/2820 2823/382/2823 2819/914/2819
f 238/913/238 236/906/236 258/910/258 257/868/257
f 2817/907/2817 2819/914/2819 2838/869/2838 2839/911/2839
f 247/915/247 237/905/237 240/368/240 251/373/251
f 2818/908/2818 2828/916/2828 2832/374/2832 2821/372/2821
f 237/905/237 247/915/247 253/917/253 256/909/256
f 2828/916/2828 2818/908/2818 2837/912/2837 2834/918/2834
f 651/919/651 238/913/238 257/868/257 648/867/648
f 2819/914/2819 3232/920/3232 3229/870/3229 2838/869/2838
f 238/913/238 651/919/651 241/380/241 242/379/242
f 3232/920/3232 2819/914/2819 2823/382/2823 2822/381/2822
f 241/380/241 651/919/651 649/921/649 652/922/652
f 3232/920/3232 2822/381/2822 3233/923/3233 3230/924/3230
f 241/380/241 652/922/652 696/925/696 695/376/695
f 3233/923/3233 2822/381/2822 3276/378/3276 3277/926/3277
f 243/408/243 249/407/249 265/927/265 263/928/263
f 2830/410/2830 2824/409/2824 2844/929/2844 2846/930/2846
f 250/411/250 243/408/243 263/928/263 246/931/246
f 2824/409/2824 2831/412/2831 2827/932/2827 2844/929/2844
f 264/933/264 244/386/244 248/385/248 266/934/266
f 2825/389/2825 2845/935/2845 2847/936/2847 2829/390/2829
f 244/399/244 264/937/264 265/938/265 249/400/249
f 2845/939/2845 2825/402/2825 2830/401/2830 2846/940/2846
f 1560/941/1560 245/942/245 1522/943/1522 252/944/252
f 2826/945/2826 4141/946/4141 2833/947/2833 4103/948/4103
f 245/942/245 1560/941/1560 1562/949/1562 1561/950/1561
f 4141/946/4141 2826/945/2826 4142/951/4142 4143/952/4143
f 1523/953/1523 245/942/245 1561/950/1561 1532/954/1532
f 2826/945/2826 4104/955/4104 4113/956/4113 4142/951/4142
f 245/942/245 1523/953/1523 1601/957/1601 1522/943/1522
f 4104/955/4104 2826/945/2826 4103/948/4103 4182/958/4182
f 247/915/247 246/931/246 267/959/267 253/917/253
f 2827/932/2827 2828/916/2828 2834/918/2834 2848/960/2848
f 246/931/246 247/915/247 251/373/251 250/411/250
f 2828/916/2828 2827/932/2827 2831/412/2831 2832/374/2832
f 246/931/246 263/928/263 259/961/259 267/959/267
f 2844/929/2844 2827/932/2827 2848/960/2848 2840/962/2840
f 248/385/248 1693/393/1693 1680/963/1680 266/934/266
f 4274/394/4274 2829/390/2829 2847/936/2847 4261/964/4261
f 252/944/252 1522/943/1522 1599/965/1599 1598/966/1598
f 4103/948/4103 2833/947/2833 4179/967/4179 4180/968/4180
f 252/969/252 1598/970/1598 1653/971/1653 1559/972/1559
f 4179/973/4179 2833/974/2833 4140/975/4140 4234/976/4234
f 252/969/252 1559/972/1559 1558/977/1558 1560/978/1560
f 4140/975/4140 2833/974/2833 4141/979/4141 4139/980/4139
f 256/909/256 253/917/253 254/981/254 474/982/474
f 2834/918/2834 2837/912/2837 3055/983/3055 2835/984/2835
f 253/917/253 267/959/267 480/985/480 254/981/254
f 2848/960/2848 2834/918/2834 2835/984/2835 3061/986/3061
f 474/982/474 254/981/254 471/987/471 476/988/476
f 2835/984/2835 3055/983/3055 3057/989/3057 3052/990/3052
f 254/981/254 480/985/480 469/991/469 471/987/471
f 3061/986/3061 2835/984/2835 3052/990/3052 3050/992/3050
f 255/863/255 257/868/257 258/910/258 473/993/473
f 2838/869/2838 2836/866/2836 3054/994/3054 2839/911/2839
f 446/864/446 255/863/255 473/993/473 475/995/475
f 2836/866/2836 3027/865/3027 3056/996/3056 3054/994/3054
f 258/910/258 256/909/256 474/982/474 473/993/473
f 2837/912/2837 2839/911/2839 3054/994/3054 3055/983/3055
f 267/959/267 259/961/259 478/997/478 480/985/480
f 2840/962/2840 2848/960/2848 3061/986/3061 3059/998/3059
f 261/999/261 259/961/259 263/928/263 265/927/265
f 2840/962/2840 2842/1000/2842 2846/930/2846 2844/929/2844
f 259/961/259 261/999/261 477/1001/477 478/997/478
f 2842/1000/2842 2840/962/2840 3059/998/3059 3058/1002/3058
f 262/1003/262 260/1004/260 264/933/264 266/934/266
f 2841/1005/2841 2843/1006/2843 2847/936/2847 2845/935/2845
f 260/1004/260 262/1003/262 1157/1007/1157 479/1008/479
f 2843/1006/2843 2841/1005/2841 3060/1009/3060 3738/1010/3738
f 261/1011/261 260/1012/260 479/1013/479 477/1014/477
f 2841/1015/2841 2842/1016/2842 3058/1017/3058 3060/1018/3060
f 260/1012/260 261/1011/261 265/938/265 264/937/264
f 2842/1016/2842 2841/1015/2841 2845/939/2845 2846/940/2846
f 1157/1007/1157 262/1003/262 1681/1019/1681 1160/1020/1160
f 2843/1006/2843 3738/1010/3738 3741/1021/3741 4262/1022/4262
f 1681/1019/1681 262/1003/262 266/934/266 1680/963/1680
f 2843/1006/2843 4262/1022/4262 4261/964/4261 2847/936/2847
f 269/737/269 268/749/268 649/921/649 650/741/650
f 2849/750/2849 2850/739/2850 3231/742/3231 3230/924/3230
f 653/1023/653 268/749/268 270/743/270 271/1024/271
f 2849/750/2849 3234/1025/3234 2852/1026/2852 2851/746/2851
f 268/749/268 653/1023/653 652/922/652 649/921/649
f 3234/1025/3234 2849/750/2849 3230/924/3230 3233/923/3233
f 270/743/270 272/745/272 277/1027/277 271/1024/271
f 2853/747/2853 2851/746/2851 2852/1026/2852 2858/1028/2858
f 320/1029/320 271/1024/271 277/1027/277 326/1030/326
f 2852/1026/2852 2901/1031/2901 2907/1032/2907 2858/1028/2858
f 271/1024/271 320/1029/320 322/1033/322 653/1023/653
f 2901/1031/2901 2852/1026/2852 3234/1025/3234 2903/1034/2903
f 277/1027/277 272/745/272 275/239/275 280/243/280
f 2853/747/2853 2858/1028/2858 2861/244/2861 2856/242/2856
f 326/1030/326 277/1027/277 280/243/280 327/223/327
f 2858/1028/2858 2907/1032/2907 2908/224/2908 2861/244/2861
f 279/226/279 278/219/278 327/223/327 280/243/280
f 2859/222/2859 2860/228/2860 2861/244/2861 2908/224/2908
f 294/1035/294 281/1036/281 285/1037/285 293/1038/293
f 2862/1039/2862 2875/1040/2875 2874/1041/2874 2866/1042/2866
f 281/1036/281 294/1035/294 287/1043/287 282/1044/282
f 2875/1040/2875 2862/1039/2862 2863/1045/2863 2868/1046/2868
f 284/797/284 281/1036/281 282/1044/282 2009/798/2009
f 2862/1039/2862 2865/800/2865 4590/799/4590 2863/1045/2863
f 281/1036/281 284/797/284 283/801/283 285/1037/285
f 2865/800/2865 2862/1039/2862 2866/1042/2866 2864/802/2864
f 2009/798/2009 282/1044/282 2010/1047/2010 2011/811/2011
f 2863/1045/2863 4590/799/4590 4592/812/4592 4591/1048/4591
f 282/1044/282 287/1043/287 2012/1049/2012 2010/1047/2010
f 2868/1046/2868 2863/1045/2863 4591/1048/4591 4593/1050/4593
f 285/1037/285 283/801/283 298/822/298 302/1051/302
f 2864/802/2864 2866/1042/2866 2883/1052/2883 2879/823/2879
f 285/1037/285 302/1051/302 286/1053/286 293/1038/293
f 2883/1052/2883 2866/1042/2866 2874/1041/2874 2867/1054/2867
f 286/1053/286 302/1051/302 301/1055/301 305/1056/305
f 2883/1052/2883 2867/1054/2867 2886/1057/2886 2882/1058/2882
f 295/1059/295 286/1053/286 305/1056/305 299/1060/299
f 2867/1054/2867 2876/1061/2876 2880/1062/2880 2886/1057/2886
f 286/1053/286 295/1059/295 296/1063/296 293/1038/293
f 2876/1061/2876 2867/1054/2867 2874/1041/2874 2877/1064/2877
f 287/1043/287 294/1035/294 289/1065/289 290/1066/290
f 2875/1040/2875 2868/1046/2868 2871/1067/2871 2870/1068/2870
f 287/1043/287 290/1066/290 288/1069/288 2012/1049/2012
f 2871/1067/2871 2868/1046/2868 4593/1050/4593 2869/1070/2869
f 292/1071/292 288/1069/288 290/1066/290 2003/1072/2003
f 2869/1070/2869 2873/1073/2873 4584/1074/4584 2871/1067/2871
f 288/1069/288 292/1071/292 2007/1075/2007 1956/1076/1956
f 2873/1073/2873 2869/1070/2869 4537/1077/4537 4588/1078/4588
f 2012/1049/2012 288/1069/288 1956/1076/1956 2005/1079/2005
f 2869/1070/2869 4593/1050/4593 4586/1080/4586 4537/1077/4537
f 291/1081/291 289/1065/289 296/1063/296 297/1082/297
f 2870/1068/2870 2872/1083/2872 2878/1084/2878 2877/1064/2877
f 289/1065/289 291/1081/291 2003/1072/2003 290/1066/290
f 2872/1083/2872 2870/1068/2870 2871/1067/2871 4584/1074/4584
f 289/1065/289 294/1035/294 293/1038/293 296/1063/296
f 2875/1040/2875 2870/1068/2870 2877/1064/2877 2874/1041/2874
f 2003/1072/2003 291/1081/291 330/1085/330 2016/1086/2016
f 2872/1083/2872 4584/1074/4584 4597/1087/4597 2911/1088/2911
f 330/1085/330 291/1081/291 297/1082/297 331/1089/331
f 2872/1083/2872 2911/1088/2911 2912/1090/2912 2878/1084/2878
f 292/1071/292 2003/1072/2003 2016/1086/2016 2017/1091/2017
f 4584/1074/4584 2873/1073/2873 4598/1092/4598 4597/1087/4597
f 292/1071/292 2017/1091/2017 2018/1093/2018 2007/1075/2007
f 4598/1092/4598 2873/1073/2873 4588/1078/4588 4599/1094/4599
f 307/1095/307 295/1059/295 299/1060/299 306/1096/306
f 2876/1061/2876 2888/1097/2888 2887/1098/2887 2880/1062/2880
f 295/1059/295 307/1095/307 297/1082/297 296/1063/296
f 2888/1097/2888 2876/1061/2876 2877/1064/2877 2878/1084/2878
f 331/1089/331 297/1082/297 307/1095/307 344/1099/344
f 2878/1084/2878 2912/1090/2912 2925/1100/2925 2888/1097/2888
f 302/1051/302 298/822/298 300/821/300 301/1055/301
f 2879/823/2879 2883/1052/2883 2882/1058/2882 2881/824/2881
f 299/1060/299 305/1056/305 304/1101/304 308/1102/308
f 2886/1057/2886 2880/1062/2880 2889/1103/2889 2885/1104/2885
f 306/1096/306 299/1060/299 308/1102/308 310/1105/310
f 2880/1062/2880 2887/1098/2887 2891/1106/2891 2889/1103/2889
f 301/1055/301 300/821/300 312/847/312 303/875/303
f 2881/824/2881 2882/1058/2882 2884/876/2884 2893/848/2893
f 305/1056/305 301/1055/301 303/875/303 304/1101/304
f 2882/1058/2882 2886/1057/2886 2885/1104/2885 2884/876/2884
f 303/875/303 314/871/314 316/1107/316 304/1101/304
f 2895/873/2895 2884/876/2884 2885/1104/2885 2897/1108/2897
f 308/1102/308 304/1101/304 316/1107/316 318/1109/318
f 2885/1104/2885 2889/1103/2889 2899/1110/2899 2897/1108/2897
f 343/1111/343 306/1096/306 310/1105/310 345/1112/345
f 2887/1098/2887 2924/1113/2924 2926/1114/2926 2891/1106/2891
f 306/1096/306 343/1111/343 344/1099/344 307/1095/307
f 2924/1113/2924 2887/1098/2887 2888/1097/2888 2925/1100/2925
f 310/1105/310 308/1102/308 318/1109/318 309/1115/309
f 2889/1103/2889 2891/1106/2891 2890/1116/2890 2899/1110/2899
f 309/1115/309 318/1109/318 317/1117/317 674/1118/674
f 2899/1110/2899 2890/1116/2890 3255/1119/3255 2898/1120/2898
f 309/1115/309 674/1118/674 358/1121/358 319/1122/319
f 3255/1119/3255 2890/1116/2890 2900/1123/2900 2939/1124/2939
f 309/1115/309 319/1122/319 345/1112/345 310/1105/310
f 2900/1123/2900 2890/1116/2890 2891/1106/2891 2926/1114/2926
f 313/872/313 311/853/311 667/878/667 669/1125/669
f 2892/856/2892 2894/874/2894 3250/1126/3250 3248/879/3248
f 315/1127/315 313/872/313 669/1125/669 670/1128/670
f 2894/874/2894 2896/1129/2896 3251/1130/3251 3250/1126/3250
f 313/872/313 315/1127/315 316/1107/316 314/871/314
f 2896/1129/2896 2894/874/2894 2895/873/2895 2897/1108/2897
f 317/1117/317 315/1127/315 670/1128/670 671/1131/671
f 2896/1129/2896 2898/1120/2898 3252/1132/3252 3251/1130/3251
f 315/1127/315 317/1117/317 318/1109/318 316/1107/316
f 2898/1120/2898 2896/1129/2896 2897/1108/2897 2899/1110/2899
f 674/1118/674 317/1117/317 671/1131/671 672/1133/672
f 2898/1120/2898 3255/1119/3255 3253/1134/3253 3252/1132/3252
f 361/1135/361 319/1136/319 358/1137/358 360/1138/360
f 2900/1139/2900 2942/1140/2942 2941/1141/2941 2939/1142/2939
f 319/1136/319 361/1135/361 359/1143/359 345/1144/345
f 2942/1140/2942 2900/1139/2900 2926/1145/2926 2940/1146/2940
f 321/1147/321 320/1029/320 326/1030/326 323/1148/323
f 2901/1031/2901 2902/1149/2902 2904/1150/2904 2907/1032/2907
f 320/1029/320 321/1147/321 699/1151/699 322/1033/322
f 2902/1149/2902 2901/1031/2901 2903/1034/2903 3280/1152/3280
f 391/1153/391 321/1147/321 323/1148/323 325/1154/325
f 2902/1149/2902 2972/1155/2972 2906/1156/2906 2904/1150/2904
f 321/1147/321 391/1153/391 324/265/324 699/1151/699
f 2972/1155/2972 2902/1149/2902 3280/1152/3280 2905/266/2905
f 653/1023/653 322/1033/322 696/925/696 652/922/652
f 2903/1034/2903 3234/1025/3234 3233/923/3233 3277/926/3277
f 322/1033/322 699/1151/699 698/304/698 696/925/696
f 3280/1152/3280 2903/1034/2903 3277/926/3277 3279/305/3279
f 323/1148/323 326/1030/326 327/223/327 328/216/328
f 2907/1032/2907 2904/1150/2904 2909/217/2909 2908/224/2908
f 325/1154/325 323/1148/323 328/216/328 329/215/329
f 2904/1150/2904 2906/1156/2906 2910/218/2910 2909/217/2909
f 393/251/393 324/265/324 391/1153/391 390/1157/390
f 2905/266/2905 2974/256/2974 2971/1158/2971 2972/1155/2972
f 699/1151/699 324/265/324 700/261/700 698/304/698
f 2905/266/2905 3280/1152/3280 3279/305/3279 3281/263/3281
f 392/1159/392 325/1154/325 329/215/329 397/229/397
f 2906/1156/2906 2973/1160/2973 2978/230/2978 2910/218/2910
f 325/1154/325 392/1159/392 390/1157/390 391/1153/391
f 2973/1160/2973 2906/1156/2906 2972/1155/2972 2971/1158/2971
f 332/1161/332 330/1162/330 331/1163/331 339/1164/339
f 2911/1165/2911 2913/1166/2913 2920/1167/2920 2912/1168/2912
f 330/1162/330 332/1161/332 2024/1169/2024 2016/1170/2016
f 2913/1166/2913 2911/1165/2911 4597/1171/4597 4605/1172/4605
f 331/1163/331 344/1173/344 337/1174/337 339/1164/339
f 2925/1175/2925 2912/1168/2912 2920/1167/2920 2918/1176/2918
f 2024/1169/2024 332/1161/332 340/1177/340 333/1178/333
f 2913/1166/2913 4605/1172/4605 2914/1179/2914 2921/1180/2921
f 340/1177/340 332/1161/332 339/1164/339 347/1181/347
f 2913/1166/2913 2921/1180/2921 2928/1182/2928 2920/1167/2920
f 334/1183/334 333/1178/333 340/1177/340 335/1184/335
f 2914/1179/2914 2915/1185/2915 2916/1186/2916 2921/1180/2921
f 333/1178/333 334/1183/334 2022/1187/2022 2025/1188/2025
f 2915/1185/2915 2914/1179/2914 4606/1189/4606 4603/1190/4603
f 2024/1169/2024 333/1178/333 2025/1188/2025 2023/1191/2023
f 2914/1179/2914 4605/1172/4605 4604/1192/4604 4606/1189/4606
f 341/1193/341 334/1183/334 335/1184/335 336/1194/336
f 2915/1185/2915 2922/1195/2922 2917/1196/2917 2916/1186/2916
f 334/1183/334 341/1193/341 2019/1197/2019 2022/1187/2022
f 2922/1195/2922 2915/1185/2915 4603/1190/4603 4600/1198/4600
f 335/1184/335 340/1177/340 347/1181/347 355/1199/355
f 2921/1180/2921 2916/1186/2916 2936/1200/2936 2928/1182/2928
f 336/1194/336 335/1184/335 355/1199/355 342/1201/342
f 2916/1186/2916 2917/1196/2917 2923/1202/2923 2936/1200/2936
f 337/1174/337 344/1173/344 343/1203/343 346/1204/346
f 2925/1175/2925 2918/1176/2918 2927/1205/2927 2924/1206/2924
f 338/1207/338 337/1174/337 346/1204/346 350/1208/350
f 2918/1176/2918 2919/1209/2919 2931/1210/2931 2927/1205/2927
f 337/1174/337 338/1207/338 347/1181/347 339/1164/339
f 2919/1209/2919 2918/1176/2918 2920/1167/2920 2928/1182/2928
f 348/1211/348 338/1207/338 350/1208/350 352/1212/352
f 2919/1209/2919 2929/1213/2929 2933/1214/2933 2931/1210/2931
f 338/1207/338 348/1211/348 355/1199/355 347/1181/347
f 2929/1213/2929 2919/1209/2919 2928/1182/2928 2936/1200/2936
f 342/1201/342 355/1199/355 348/1211/348 354/1215/354
f 2936/1200/2936 2923/1202/2923 2935/1216/2935 2929/1213/2929
f 346/1204/346 343/1203/343 345/1144/345 359/1143/359
f 2924/1206/2924 2927/1205/2927 2940/1146/2940 2926/1145/2926
f 350/1208/350 346/1204/346 359/1143/359 349/1217/349
f 2927/1205/2927 2931/1210/2931 2930/1218/2930 2940/1146/2940
f 354/1215/354 348/1211/348 352/1212/352 357/1219/357
f 2929/1213/2929 2935/1216/2935 2938/1220/2938 2933/1214/2933
f 351/1221/351 349/1217/349 705/1222/705 364/1223/364
f 2930/1218/2930 2932/1224/2932 2945/1225/2945 3286/1226/3286
f 349/1217/349 351/1221/351 352/1212/352 350/1208/350
f 2932/1224/2932 2930/1218/2930 2931/1210/2931 2933/1214/2933
f 349/1217/349 359/1143/359 361/1135/361 705/1222/705
f 2940/1146/2940 2930/1218/2930 3286/1226/3286 2942/1140/2942
f 353/1227/353 351/1221/351 364/1223/364 356/1228/356
f 2932/1224/2932 2934/1229/2934 2937/1230/2937 2945/1225/2945
f 351/1221/351 353/1227/353 357/1219/357 352/1212/352
f 2934/1229/2934 2932/1224/2932 2933/1214/2933 2938/1220/2938
f 356/1228/356 364/1223/364 363/1231/363 365/1232/365
f 2945/1225/2945 2937/1230/2937 2946/1233/2946 2944/1234/2944
f 360/1138/360 358/1137/358 701/1235/701 702/1236/702
f 2939/1142/2939 2941/1141/2941 3283/1237/3283 3282/1238/3282
f 358/1121/358 674/1118/674 672/1133/672 701/1239/701
f 3255/1119/3255 2939/1124/2939 3282/1240/3282 3253/1134/3253
f 707/1241/707 360/1138/360 702/1236/702 362/1242/362
f 2941/1141/2941 3288/1243/3288 2943/1244/2943 3283/1237/3283
f 360/1138/360 707/1241/707 705/1222/705 361/1135/361
f 3288/1243/3288 2941/1141/2941 2942/1140/2942 3286/1226/3286
f 707/1241/707 362/1242/362 706/1245/706 363/1231/363
f 2943/1244/2943 3288/1243/3288 2944/1234/2944 3287/1246/3287
f 706/1245/706 362/1242/362 704/1247/704 708/1248/708
f 2943/1244/2943 3287/1246/3287 3289/1249/3289 3285/1250/3285
f 362/1242/362 702/1236/702 703/1251/703 704/1247/704
f 3283/1237/3283 2943/1244/2943 3285/1250/3285 3284/1252/3284
f 707/1241/707 363/1231/363 364/1223/364 705/1222/705
f 2944/1234/2944 3288/1243/3288 3286/1226/3286 2945/1225/2945
f 363/1231/363 706/1245/706 710/1253/710 365/1232/365
f 3287/1246/3287 2944/1234/2944 2946/1233/2946 3291/1254/3291
f 382/1255/382 366/450/366 381/1256/381 383/1257/383
f 2947/453/2947 2963/1258/2963 2964/1259/2964 2962/1260/2962
f 366/450/366 382/1255/382 369/459/369 368/447/368
f 2963/1258/2963 2947/453/2947 2949/452/2949 2950/460/2950
f 366/450/366 367/449/367 379/1261/379 381/1256/381
f 2948/454/2948 2947/453/2947 2962/1260/2962 2960/1262/2960
f 367/449/367 385/456/385 380/1263/380 379/1261/379
f 2966/457/2966 2948/454/2948 2960/1262/2960 2961/1264/2961
f 370/461/370 369/459/369 382/1255/382 371/1265/371
f 2950/460/2950 2951/462/2951 2952/1266/2952 2963/1258/2963
f 1744/1267/1744 370/461/370 371/1265/371 1245/1268/1245
f 2951/462/2951 4325/1269/4325 3826/1270/3826 2952/1266/2952
f 370/461/370 1744/1267/1744 1743/1271/1743 1753/425/1753
f 4325/1269/4325 2951/462/2951 4334/426/4334 4324/1272/4324
f 371/1265/371 382/1255/382 383/1257/383 1239/1273/1239
f 2963/1258/2963 2952/1266/2952 3820/1274/3820 2964/1259/2964
f 1245/1268/1245 371/1265/371 1239/1273/1239 1240/1275/1240
f 2952/1266/2952 3826/1270/3826 3821/1276/3821 3820/1274/3820
f 372/468/372 387/467/387 384/1277/384 373/1278/373
f 2968/470/2968 2953/469/2953 2954/1279/2954 2965/1280/2965
f 376/473/376 372/472/372 373/1281/373 374/1282/374
f 2953/475/2953 2957/478/2957 2955/1283/2955 2954/1284/2954
f 374/1282/374 373/1281/373 500/1285/500 502/1286/502
f 2954/1284/2954 2955/1283/2955 3083/1287/3083 3081/1288/3081
f 373/1278/373 384/1277/384 499/1289/499 500/1290/500
f 2965/1280/2965 2954/1279/2954 3081/1291/3081 3080/1292/3080
f 375/1293/375 374/1282/374 502/1286/502 501/1294/501
f 2955/1283/2955 2956/1295/2956 3082/1296/3082 3083/1287/3083
f 374/1282/374 375/1293/375 378/479/378 376/473/376
f 2956/1295/2956 2955/1283/2955 2957/478/2957 2959/482/2959
f 385/456/385 375/1293/375 501/1294/501 380/1263/380
f 2956/1295/2956 2966/457/2966 2961/1264/2961 3082/1296/3082
f 375/1293/375 385/456/385 377/455/377 378/479/378
f 2966/457/2966 2956/1295/2956 2959/482/2959 2958/458/2958
f 381/1256/381 379/1261/379 495/1297/495 1086/1298/1086
f 2960/1262/2960 2962/1260/2962 3667/1299/3667 3076/1300/3076
f 379/1261/379 380/1263/380 491/1301/491 495/1297/495
f 2961/1264/2961 2960/1262/2960 3076/1300/3076 3072/1302/3072
f 380/1263/380 501/1294/501 494/1303/494 491/1301/491
f 3082/1296/3082 2961/1264/2961 3072/1302/3072 3075/1304/3075
f 383/1257/383 381/1256/381 1086/1298/1086 1085/1305/1085
f 2962/1260/2962 2964/1259/2964 3666/1306/3666 3667/1299/3667
f 1239/1273/1239 383/1257/383 1085/1305/1085 1087/1307/1087
f 2964/1259/2964 3820/1274/3820 3668/1308/3668 3666/1306/3666
f 384/1277/384 389/491/389 507/1309/507 499/1289/499
f 2970/492/2970 2965/1280/2965 3080/1292/3080 3088/1310/3088
f 389/491/389 388/488/388 505/1311/505 507/1309/507
f 2969/489/2969 2970/492/2970 3088/1310/3088 3086/1312/3086
f 388/488/388 435/487/435 506/1313/506 505/1311/505
f 3016/490/3016 2969/489/2969 3086/1312/3086 3087/1314/3087
f 394/1315/394 390/1157/390 392/1159/392 399/1316/399
f 2971/1158/2971 2975/1317/2975 2980/1318/2980 2973/1160/2973
f 390/1157/390 394/1315/394 395/252/395 393/251/393
f 2975/1317/2975 2971/1158/2971 2974/256/2974 2976/255/2976
f 399/1316/399 392/1159/392 397/229/397 396/1319/396
f 2973/1160/2973 2980/1318/2980 2977/1320/2977 2978/230/2978
f 405/1321/405 394/1315/394 399/1316/399 400/1322/400
f 2975/1317/2975 2986/1323/2986 2981/1324/2981 2980/1318/2980
f 394/1315/394 405/1321/405 753/268/753 395/252/395
f 2986/1323/2986 2975/1317/2975 2976/255/2976 3334/270/3334
f 396/1319/396 397/229/397 398/205/398 401/1325/401
f 2978/230/2978 2977/1320/2977 2982/1326/2982 2979/210/2979
f 409/1327/409 396/1319/396 401/1325/401 415/1328/415
f 2977/1320/2977 2990/1329/2990 2996/1330/2996 2982/1326/2982
f 396/1319/396 409/1327/409 400/1322/400 399/1316/399
f 2990/1329/2990 2977/1320/2977 2980/1318/2980 2981/1324/2981
f 401/1325/401 398/205/398 402/204/402 404/1331/404
f 2979/210/2979 2982/1326/2982 2985/1332/2985 2983/207/2983
f 408/1333/408 400/1322/400 409/1327/409 410/1334/410
f 2981/1324/2981 2989/1335/2989 2991/1336/2991 2990/1329/2990
f 400/1322/400 408/1333/408 406/1337/406 405/1321/405
f 2989/1335/2989 2981/1324/2981 2986/1323/2986 2987/1338/2987
f 415/1328/415 401/1325/401 404/1331/404 403/1339/403
f 2982/1326/2982 2996/1330/2996 2984/1340/2984 2985/1332/2985
f 415/1328/415 403/1339/403 417/1341/417 416/1342/416
f 2984/1340/2984 2996/1330/2996 2997/1343/2997 2998/1344/2998
f 405/1321/405 406/1337/406 407/1345/407 753/268/753
f 2987/1338/2987 2986/1323/2986 3334/270/3334 2988/1346/2988
f 407/1345/407 406/1337/406 755/1347/755 754/1348/754
f 2987/1338/2987 2988/1346/2988 3335/1349/3335 3336/1350/3336
f 755/1347/755 406/1337/406 408/1333/408 414/1351/414
f 2987/1338/2987 3336/1350/3336 2995/1352/2995 2989/1335/2989
f 753/268/753 407/1345/407 805/1353/805 807/267/807
f 2988/1346/2988 3334/270/3334 3388/269/3388 3386/1354/3386
f 407/1345/407 754/1348/754 806/1355/806 805/1353/805
f 3335/1349/3335 2988/1346/2988 3386/1354/3386 3387/1356/3387
f 414/1351/414 408/1333/408 410/1334/410 413/1357/413
f 2989/1335/2989 2995/1352/2995 2994/1358/2994 2991/1336/2991
f 410/1334/410 409/1327/409 415/1328/415 416/1342/416
f 2990/1329/2990 2991/1336/2991 2997/1343/2997 2996/1330/2996
f 410/1334/410 416/1342/416 419/1359/419 413/1357/413
f 2997/1343/2997 2991/1336/2991 2994/1358/2994 3000/1360/3000
f 412/526/412 411/525/411 427/1361/427 519/1362/519
f 2992/528/2992 2993/527/2993 3100/1363/3100 3008/1364/3008
f 411/530/411 422/529/422 432/1365/432 427/1366/427
f 3003/532/3003 2992/531/2992 3008/1367/3008 3013/1368/3013
f 434/493/434 412/526/412 519/1362/519 428/1369/428
f 2993/527/2993 3015/494/3015 3009/1370/3009 3100/1363/3100
f 760/1371/760 413/1357/413 419/1359/419 759/1372/759
f 2994/1358/2994 3341/1373/3341 3340/1374/3340 3000/1360/3000
f 413/1357/413 760/1371/760 756/1375/756 414/1351/414
f 3341/1373/3341 2994/1358/2994 2995/1352/2995 3337/1376/3337
f 414/1351/414 756/1375/756 758/1377/758 755/1347/755
f 3337/1376/3337 2995/1352/2995 3336/1350/3336 3339/1378/3339
f 416/1342/416 417/1341/417 418/1379/418 419/1359/419
f 2998/1344/2998 2997/1343/2997 3000/1360/3000 2999/1380/2999
f 418/1379/418 426/1381/426 759/1372/759 419/1359/419
f 3007/1382/3007 2999/1380/2999 3000/1360/3000 3340/1374/3340
f 420/533/420 421/537/421 431/1383/431 430/1384/430
f 3002/538/3002 3001/536/3001 3011/1385/3011 3012/1386/3012
f 424/534/424 420/533/420 430/1384/430 429/1387/429
f 3001/536/3001 3005/535/3005 3010/1388/3010 3011/1385/3011
f 421/537/421 1224/539/1224 1217/1389/1217 431/1383/431
f 3805/540/3805 3002/538/3002 3012/1386/3012 3798/1390/3798
f 422/529/422 423/541/423 433/1391/433 432/1365/432
f 3004/542/3004 3003/532/3003 3013/1368/3013 3014/1392/3014
f 423/541/423 424/534/424 429/1387/429 433/1391/433
f 3005/535/3005 3004/542/3004 3014/1392/3014 3010/1388/3010
f 766/1393/766 425/1394/425 759/1372/759 426/1381/426
f 3006/1395/3006 3347/1396/3347 3007/1382/3007 3340/1374/3340
f 425/1394/425 766/1393/766 764/1397/764 765/1398/765
f 3347/1396/3347 3006/1395/3006 3346/1399/3346 3345/1400/3345
f 425/1394/425 765/1398/765 964/1401/964 761/1402/761
f 3346/1399/3346 3006/1395/3006 3342/1403/3342 3545/1404/3545
f 759/1372/759 425/1394/425 761/1402/761 760/1371/760
f 3006/1395/3006 3340/1374/3340 3341/1373/3341 3342/1403/3342
f 519/1362/519 427/1361/427 516/1405/516 517/1406/517
f 3008/1364/3008 3100/1363/3100 3098/1407/3098 3097/1408/3097
f 427/1366/427 432/1365/432 524/1409/524 516/1410/516
f 3013/1368/3013 3008/1367/3008 3097/1411/3097 3105/1412/3105
f 506/1313/506 428/1369/428 515/1413/515 518/1414/518
f 3009/1370/3009 3087/1314/3087 3099/1415/3099 3096/1416/3096
f 428/1369/428 506/1313/506 435/487/435 434/493/434
f 3087/1314/3087 3009/1370/3009 3015/494/3015 3016/490/3016
f 428/1369/428 519/1362/519 517/1406/517 515/1413/515
f 3100/1363/3100 3009/1370/3009 3096/1416/3096 3098/1407/3098
f 433/1391/433 429/1387/429 521/1417/521 520/1418/520
f 3010/1388/3010 3014/1392/3014 3101/1419/3101 3102/1420/3102
f 429/1387/429 430/1384/430 523/1421/523 521/1417/521
f 3011/1385/3011 3010/1388/3010 3102/1420/3102 3104/1422/3104
f 430/1384/430 431/1383/431 1219/1423/1219 523/1421/523
f 3012/1386/3012 3011/1385/3011 3104/1422/3104 3800/1424/3800
f 431/1383/431 1217/1389/1217 1218/1425/1218 1219/1423/1219
f 3798/1390/3798 3012/1386/3012 3800/1424/3800 3799/1426/3799
f 432/1365/432 433/1391/433 520/1418/520 524/1409/524
f 3014/1392/3014 3013/1368/3013 3105/1412/3105 3101/1419/3101
f 436/594/436 437/593/437 438/1427/438 440/1428/440
f 3018/596/3018 3017/595/3017 3021/1429/3021 3019/1430/3019
f 439/597/439 436/594/436 440/1428/440 534/1431/534
f 3017/595/3017 3020/598/3020 3115/1432/3115 3021/1429/3021
f 453/573/453 437/593/437 441/583/441 558/565/558
f 3018/596/3018 3034/574/3034 3139/566/3139 3022/586/3022
f 437/593/437 453/573/453 450/1433/450 438/1427/438
f 3034/574/3034 3018/596/3018 3019/1430/3019 3031/1434/3031
f 440/1428/440 438/1427/438 567/1435/567 536/1436/536
f 3019/1430/3019 3021/1429/3021 3117/1437/3117 3148/1438/3148
f 567/1435/567 438/1427/438 450/1433/450 566/1439/566
f 3019/1430/3019 3148/1438/3148 3147/1440/3147 3031/1434/3031
f 442/591/442 439/597/439 2576/1441/2576 490/611/490
f 3020/598/3020 3023/592/3023 3071/612/3071 5157/1442/5157
f 439/597/439 534/1431/534 533/1443/533 2576/1441/2576
f 3115/1432/3115 3020/598/3020 5157/1442/5157 3114/1444/3114
f 440/1428/440 536/1436/536 532/1445/532 534/1431/534
f 3117/1437/3117 3021/1429/3021 3115/1432/3115 3113/1446/3113
f 470/1447/470 443/1448/443 475/995/475 476/988/476
f 3024/1449/3024 3051/1450/3051 3057/989/3057 3056/996/3056
f 443/1448/443 470/1447/470 462/1451/462 461/1452/461
f 3051/1450/3051 3024/1449/3024 3042/1453/3042 3043/1454/3043
f 475/995/475 443/1448/443 447/1455/447 446/864/446
f 3024/1449/3024 3056/996/3056 3027/865/3027 3028/1456/3028
f 447/1455/447 443/1448/443 461/1452/461 444/1457/444
f 3024/1449/3024 3028/1456/3028 3025/1458/3025 3042/1453/3042
f 447/1455/447 444/1457/444 449/571/449 448/733/448
f 3025/1458/3025 3028/1456/3028 3029/734/3029 3030/572/3030
f 463/1459/463 444/1457/444 461/1452/461 464/1460/464
f 3025/1458/3025 3044/1461/3044 3045/1462/3045 3042/1453/3042
f 444/1457/444 463/1459/463 451/567/451 449/571/449
f 3044/1461/3044 3025/1458/3025 3030/572/3030 3032/570/3032
f 445/730/445 446/864/446 447/1455/447 448/733/448
f 3027/865/3027 3026/731/3026 3029/734/3029 3028/1456/3028
f 448/733/448 449/571/449 560/546/560 559/545/559
f 3030/572/3030 3029/734/3029 3140/550/3140 3141/549/3141
f 454/1463/454 450/1433/450 453/573/453 452/568/452
f 3031/1434/3031 3035/1464/3035 3033/569/3033 3034/574/3034
f 450/1433/450 454/1463/454 458/1465/458 566/1439/566
f 3035/1464/3035 3031/1434/3031 3147/1440/3147 3039/1466/3039
f 452/568/452 451/567/451 463/1459/463 454/1463/454
f 3032/570/3032 3033/569/3033 3035/1464/3035 3044/1461/3044
f 454/1463/454 463/1459/463 464/1460/464 458/1465/458
f 3044/1461/3044 3035/1464/3035 3039/1466/3039 3045/1462/3045
f 1178/1467/1178 455/1468/455 486/1469/486 1155/1470/1155
f 3036/1471/3036 3759/1472/3759 3736/1473/3736 3067/1474/3067
f 455/1468/455 1178/1467/1178 1012/1475/1012 574/1476/574
f 3759/1472/3759 3036/1471/3036 3155/1477/3155 3593/1478/3593
f 483/1479/483 455/1468/455 574/1476/574 576/1480/576
f 3036/1471/3036 3064/1481/3064 3157/1482/3157 3155/1477/3155
f 455/1468/455 483/1479/483 487/1483/487 486/1469/486
f 3064/1481/3064 3036/1471/3036 3067/1474/3067 3068/1484/3068
f 462/1451/462 456/1485/456 460/1486/460 457/1487/457
f 3037/1488/3037 3043/1454/3043 3038/1489/3038 3041/1490/3041
f 456/1485/456 462/1451/462 470/1447/470 472/1491/472
f 3043/1454/3043 3037/1488/3037 3053/1492/3053 3051/1450/3051
f 484/1493/484 456/1485/456 472/1491/472 489/1494/489
f 3037/1488/3037 3065/1495/3065 3070/1496/3070 3053/1492/3053
f 456/1485/456 484/1493/484 578/1497/578 460/1486/460
f 3065/1495/3065 3037/1488/3037 3041/1490/3041 3159/1498/3159
f 459/1499/459 457/1487/457 460/1486/460 579/1500/579
f 3038/1489/3038 3040/1501/3040 3160/1502/3160 3041/1490/3041
f 457/1487/457 459/1499/459 458/1465/458 464/1460/464
f 3040/1501/3040 3038/1489/3038 3045/1462/3045 3039/1466/3039
f 457/1487/457 464/1460/464 461/1452/461 462/1451/462
f 3045/1462/3045 3038/1489/3038 3043/1454/3043 3042/1453/3042
f 458/1465/458 459/1499/459 568/1503/568 566/1439/566
f 3040/1501/3040 3039/1466/3039 3147/1440/3147 3149/1504/3149
f 459/1499/459 579/1500/579 562/1505/562 568/1503/568
f 3160/1502/3160 3040/1501/3040 3149/1504/3149 3143/1506/3143
f 460/1486/460 578/1497/578 573/1507/573 579/1500/579
f 3159/1498/3159 3041/1490/3041 3160/1502/3160 3154/1508/3154
f 1166/1509/1166 465/1510/465 1157/1007/1157 1160/1020/1160
f 3046/1511/3046 3747/1512/3747 3741/1021/3741 3738/1010/3738
f 465/1510/465 1166/1509/1166 1155/1470/1155 486/1469/486
f 3747/1512/3747 3046/1511/3046 3067/1474/3067 3736/1473/3736
f 468/1513/468 465/1510/465 486/1469/486 487/1483/487
f 3046/1511/3046 3049/1514/3049 3068/1484/3068 3067/1474/3067
f 465/1510/465 468/1513/468 479/1008/479 1157/1007/1157
f 3049/1514/3049 3046/1511/3046 3738/1010/3738 3060/1009/3060
f 467/1515/467 466/1516/466 478/997/478 477/1001/477
f 3047/1517/3047 3048/1518/3048 3058/1002/3058 3059/998/3059
f 466/1516/466 467/1515/467 485/1519/485 488/1520/488
f 3048/1518/3048 3047/1517/3047 3069/1521/3069 3066/1522/3066
f 469/991/469 466/1516/466 488/1520/488 489/1494/489
f 3047/1517/3047 3050/992/3050 3070/1496/3070 3069/1521/3069
f 466/1516/466 469/991/469 480/985/480 478/997/478
f 3050/992/3050 3047/1517/3047 3059/998/3059 3061/986/3061
f 485/1523/485 467/1524/467 468/1525/468 487/1526/487
f 3048/1527/3048 3066/1528/3066 3068/1529/3068 3049/1530/3049
f 468/1525/468 467/1524/467 477/1014/477 479/1013/479
f 3048/1527/3048 3049/1530/3049 3060/1018/3060 3058/1017/3058
f 471/987/471 469/991/469 489/1494/489 472/1491/472
f 3050/992/3050 3052/990/3052 3053/1492/3053 3070/1496/3070
f 470/1447/470 476/988/476 471/987/471 472/1491/472
f 3057/989/3057 3051/1450/3051 3053/1492/3053 3052/990/3052
f 473/993/473 474/982/474 476/988/476 475/995/475
f 3055/983/3055 3054/994/3054 3056/996/3056 3057/989/3057
f 484/1493/484 481/1531/481 575/1532/575 578/1497/578
f 3062/1533/3062 3065/1495/3065 3159/1498/3159 3156/1534/3156
f 481/1531/481 484/1493/484 489/1494/489 488/1520/488
f 3065/1495/3065 3062/1533/3062 3069/1521/3069 3070/1496/3070
f 481/1531/481 488/1520/488 485/1519/485 482/1535/482
f 3069/1521/3069 3062/1533/3062 3063/1536/3063 3066/1522/3066
f 481/1531/481 482/1535/482 577/1537/577 575/1532/575
f 3063/1536/3063 3062/1533/3062 3156/1534/3156 3158/1538/3158
f 483/1539/483 482/1540/482 485/1523/485 487/1526/487
f 3063/1541/3063 3064/1542/3064 3068/1529/3068 3066/1528/3066
f 482/1543/482 483/1544/483 576/1545/576 577/1546/577
f 3064/1547/3064 3063/1548/3063 3158/1549/3158 3157/1550/3157
f 491/1301/491 494/1303/494 512/1551/512 493/1552/493
f 3075/1304/3075 3072/1302/3072 3074/1553/3074 3093/1554/3093
f 495/1297/495 491/1301/491 493/1552/493 492/1555/492
f 3072/1302/3072 3076/1300/3076 3073/1556/3073 3074/1553/3074
f 492/1555/492 493/1552/493 1077/436/1077 1075/1557/1075
f 3074/1553/3074 3073/1556/3073 3656/1558/3656 3658/439/3658
f 1088/1559/1088 492/1555/492 1075/1557/1075 1074/1560/1074
f 3073/1556/3073 3669/1561/3669 3655/1562/3655 3656/1558/3656
f 492/1555/492 1088/1559/1088 1086/1298/1086 495/1297/495
f 3669/1561/3669 3073/1556/3073 3076/1300/3076 3667/1299/3667
f 493/1552/493 512/1551/512 1078/437/1078 1077/436/1077
f 3093/1554/3093 3074/1553/3074 3658/439/3658 3659/442/3659
f 494/1303/494 501/1294/501 502/1286/502 498/1563/498
f 3082/1296/3082 3075/1304/3075 3079/1564/3079 3083/1287/3083
f 494/1303/494 498/1563/498 511/1565/511 512/1551/512
f 3079/1564/3079 3075/1304/3075 3093/1554/3093 3092/1566/3092
f 504/1567/504 496/1568/496 499/1289/499 507/1309/507
f 3077/1569/3077 3085/1570/3085 3088/1310/3088 3080/1292/3080
f 496/1568/496 504/1567/504 514/1571/514 509/1572/509
f 3085/1570/3085 3077/1569/3077 3090/1573/3090 3095/1574/3095
f 497/1575/497 496/1568/496 509/1572/509 508/1576/508
f 3077/1569/3077 3078/1577/3078 3089/1578/3089 3090/1573/3090
f 496/1568/496 497/1575/497 500/1290/500 499/1289/499
f 3078/1577/3078 3077/1569/3077 3080/1292/3080 3081/1291/3081
f 498/1563/498 497/1579/497 508/1580/508 511/1565/511
f 3078/1581/3078 3079/1564/3079 3092/1566/3092 3089/1582/3089
f 497/1579/497 498/1563/498 502/1286/502 500/1285/500
f 3079/1564/3079 3078/1581/3078 3081/1288/3081 3083/1287/3083
f 518/1414/518 503/1583/503 505/1311/505 506/1313/506
f 3084/1584/3084 3099/1415/3099 3087/1314/3087 3086/1312/3086
f 503/1583/503 518/1414/518 526/1585/526 513/1586/513
f 3099/1415/3099 3084/1584/3084 3094/1587/3094 3107/1588/3107
f 504/1567/504 503/1583/503 513/1586/513 514/1571/514
f 3084/1584/3084 3085/1570/3085 3095/1574/3095 3094/1587/3094
f 503/1583/503 504/1567/504 507/1309/507 505/1311/505
f 3085/1570/3085 3084/1584/3084 3086/1312/3086 3088/1310/3088
f 511/1565/511 508/1580/508 644/1589/644 510/1590/510
f 3089/1582/3089 3092/1566/3092 3091/1591/3091 3225/1592/3225
f 508/1576/508 509/1572/509 645/1593/645 644/1594/644
f 3090/1573/3090 3089/1578/3089 3225/1595/3225 3226/1596/3226
f 509/1572/509 514/1571/514 647/1597/647 645/1593/645
f 3095/1574/3095 3090/1573/3090 3226/1596/3226 3228/1598/3228
f 621/1599/621 510/1590/510 644/1589/644 619/1600/619
f 3091/1591/3091 3202/1601/3202 3200/1602/3200 3225/1592/3225
f 510/1590/510 621/1599/621 618/438/618 1078/437/1078
f 3202/1601/3202 3091/1591/3091 3659/442/3659 3199/441/3199
f 510/1590/510 1078/437/1078 512/1551/512 511/1565/511
f 3659/442/3659 3091/1591/3091 3092/1566/3092 3093/1554/3093
f 514/1571/514 513/1586/513 646/1603/646 647/1597/647
f 3094/1587/3094 3095/1574/3095 3228/1598/3228 3227/1604/3227
f 513/1586/513 526/1585/526 693/1605/693 646/1603/646
f 3107/1588/3107 3094/1587/3094 3227/1604/3227 3274/1606/3274
f 518/1414/518 515/1413/515 527/1607/527 526/1585/526
f 3096/1416/3096 3099/1415/3099 3107/1588/3107 3108/1608/3108
f 515/1413/515 517/1406/517 525/1609/525 527/1607/527
f 3098/1407/3098 3096/1416/3096 3108/1608/3108 3106/1610/3106
f 517/1406/517 516/1405/516 528/1611/528 525/1609/525
f 3097/1408/3097 3098/1407/3098 3106/1610/3106 3109/1612/3109
f 516/1410/516 524/1409/524 529/1613/529 528/1614/528
f 3105/1412/3105 3097/1411/3097 3109/1615/3109 3110/1616/3110
f 520/1418/520 521/1417/521 530/1617/530 531/1618/531
f 3102/1420/3102 3101/1419/3101 3112/1619/3112 3111/1620/3111
f 524/1409/524 520/1418/520 531/1618/531 529/1613/529
f 3101/1419/3101 3105/1412/3105 3110/1616/3110 3112/1619/3112
f 521/1417/521 523/1421/523 522/1621/522 530/1617/530
f 3104/1422/3104 3102/1420/3102 3111/1620/3111 3103/1622/3103
f 530/1617/530 522/1621/522 1047/1623/1047 1048/1624/1048
f 3103/1622/3103 3111/1620/3111 3629/1625/3629 3628/1626/3628
f 1054/1627/1054 522/1621/522 523/1421/523 1219/1423/1219
f 3103/1622/3103 3635/1628/3635 3800/1424/3800 3104/1422/3104
f 522/1621/522 1054/1627/1054 1051/1629/1051 1047/1623/1047
f 3635/1628/3635 3103/1622/3103 3628/1626/3628 3632/1630/3632
f 527/1607/527 525/1609/525 692/1631/692 694/1632/694
f 3106/1610/3106 3108/1608/3108 3275/1633/3275 3273/1634/3273
f 525/1609/525 528/1611/528 691/1635/691 692/1631/692
f 3109/1612/3109 3106/1610/3106 3273/1634/3273 3272/1636/3272
f 526/1585/526 527/1607/527 694/1632/694 693/1605/693
f 3108/1608/3108 3107/1588/3107 3274/1606/3274 3275/1633/3275
f 528/1614/528 529/1613/529 683/1637/683 691/1638/691
f 3110/1616/3110 3109/1615/3109 3272/1639/3272 3264/1640/3264
f 529/1613/529 531/1618/531 1049/1641/1049 683/1637/683
f 3112/1619/3112 3110/1616/3110 3264/1640/3264 3630/1642/3630
f 531/1618/531 530/1617/530 1048/1624/1048 1049/1641/1049
f 3111/1620/3111 3112/1619/3112 3630/1642/3630 3629/1625/3629
f 535/1643/535 532/1445/532 538/1644/538 543/1645/543
f 3113/1446/3113 3116/1646/3116 3124/1647/3124 3119/1648/3119
f 532/1445/532 535/1643/535 533/1443/533 534/1431/534
f 3116/1646/3116 3113/1446/3113 3115/1432/3115 3114/1444/3114
f 538/1644/538 532/1445/532 536/1436/536 537/1649/537
f 3113/1446/3113 3119/1648/3119 3118/1650/3118 3117/1437/3117
f 536/1436/536 567/1435/567 564/1651/564 537/1649/537
f 3148/1438/3148 3117/1437/3117 3118/1650/3118 3145/1652/3145
f 538/1644/538 537/1649/537 554/1653/554 556/1654/556
f 3118/1650/3118 3119/1648/3119 3137/1655/3137 3135/1656/3135
f 554/1653/554 537/1649/537 564/1651/564 565/1657/565
f 3118/1650/3118 3135/1656/3135 3146/1658/3146 3145/1652/3145
f 543/1645/543 538/1644/538 556/1654/556 545/1659/545
f 3119/1648/3119 3124/1647/3124 3126/1660/3126 3137/1655/3137
f 539/1661/539 541/1662/541 547/1663/547 553/1664/553
f 3122/1665/3122 3120/1666/3120 3134/1667/3134 3128/1668/3128
f 1024/1669/1024 539/1661/539 553/1664/553 1021/1670/1021
f 3120/1666/3120 3605/1671/3605 3602/1672/3602 3134/1667/3134
f 540/1673/540 544/1674/544 557/1675/557 546/1676/546
f 3125/1677/3125 3121/1678/3121 3127/1679/3127 3138/1680/3138
f 542/1681/542 540/1682/540 546/1683/546 548/1684/548
f 3121/1685/3121 3123/1686/3123 3129/1687/3129 3127/1688/3127
f 547/1689/547 541/1690/541 542/1681/542 548/1684/548
f 3122/1691/3122 3128/1692/3128 3129/1687/3129 3123/1686/3123
f 544/1674/544 545/1659/545 556/1654/556 557/1675/557
f 3126/1660/3126 3125/1677/3125 3138/1680/3138 3137/1655/3137
f 548/1684/548 546/1683/546 550/1693/550 551/1694/551
f 3127/1688/3127 3129/1687/3129 3132/1695/3132 3131/1696/3131
f 550/1697/550 546/1676/546 557/1675/557 555/1698/555
f 3127/1679/3127 3131/1699/3131 3136/1700/3136 3138/1680/3138
f 547/1689/547 548/1684/548 551/1694/551 552/1701/552
f 3129/1687/3129 3128/1692/3128 3133/1702/3133 3132/1695/3132
f 547/1663/547 552/1703/552 549/1704/549 553/1664/553
f 3133/1705/3133 3128/1668/3128 3134/1667/3134 3130/1706/3130
f 1022/1707/1022 549/1704/549 583/1708/583 1019/1709/1019
f 3130/1706/3130 3603/1710/3603 3600/1711/3600 3164/1712/3164
f 549/1704/549 1022/1707/1022 1021/1670/1021 553/1664/553
f 3603/1710/3603 3130/1706/3130 3134/1667/3134 3602/1672/3602
f 549/1704/549 552/1703/552 585/1713/585 583/1708/583
f 3133/1705/3133 3130/1706/3130 3164/1712/3164 3166/1714/3166
f 550/1697/550 555/1698/555 587/1715/587 584/1716/584
f 3136/1700/3136 3131/1699/3131 3165/1717/3165 3168/1718/3168
f 551/1694/551 550/1693/550 584/1719/584 586/1720/586
f 3131/1696/3131 3132/1695/3132 3167/1721/3167 3165/1722/3165
f 552/1701/552 551/1694/551 586/1720/586 585/1723/585
f 3132/1695/3132 3133/1702/3133 3166/1724/3166 3167/1721/3167
f 555/1698/555 554/1653/554 565/1657/565 587/1715/587
f 3135/1656/3135 3136/1700/3136 3168/1718/3168 3146/1658/3146
f 554/1653/554 555/1698/555 557/1675/557 556/1654/556
f 3136/1700/3136 3135/1656/3135 3137/1655/3137 3138/1680/3138
f 1020/1725/1020 561/1726/561 571/1727/571 1011/1728/1011
f 3142/1729/3142 3601/1730/3601 3592/1731/3592 3152/1732/3152
f 561/1726/561 1020/1725/1020 1019/1709/1019 583/1708/583
f 3601/1730/3601 3142/1729/3142 3164/1712/3164 3600/1711/3600
f 582/1733/582 561/1726/561 583/1708/583 585/1713/585
f 3142/1729/3142 3163/1734/3163 3166/1714/3166 3164/1712/3164
f 561/1726/561 582/1733/582 569/1735/569 571/1727/571
f 3163/1734/3163 3142/1729/3142 3152/1732/3152 3150/1736/3150
f 568/1503/568 562/1505/562 565/1657/565 564/1651/564
f 3143/1506/3143 3149/1504/3149 3145/1652/3145 3146/1658/3146
f 563/1737/563 562/1505/562 579/1500/579 573/1507/573
f 3143/1506/3143 3144/1738/3144 3154/1508/3154 3160/1502/3160
f 562/1505/562 563/1737/563 587/1715/587 565/1657/565
f 3144/1738/3144 3143/1506/3143 3146/1658/3146 3168/1718/3168
f 580/1739/580 563/1737/563 573/1507/573 570/1740/570
f 3144/1738/3144 3161/1741/3161 3151/1742/3151 3154/1508/3154
f 563/1737/563 580/1739/580 584/1716/584 587/1715/587
f 3161/1741/3161 3144/1738/3144 3168/1718/3168 3165/1717/3165
f 564/1651/564 567/1435/567 566/1439/566 568/1503/568
f 3148/1438/3148 3145/1652/3145 3149/1504/3149 3147/1440/3147
f 576/1545/576 569/1743/569 572/1744/572 577/1546/577
f 3150/1745/3150 3157/1550/3157 3158/1549/3158 3153/1746/3153
f 569/1735/569 576/1480/576 574/1476/574 571/1727/571
f 3157/1482/3157 3150/1736/3150 3152/1732/3152 3155/1477/3155
f 572/1744/572 569/1743/569 582/1747/582 581/1748/581
f 3150/1745/3150 3153/1746/3153 3162/1749/3162 3163/1750/3163
f 570/1740/570 573/1507/573 578/1497/578 575/1532/575
f 3154/1508/3154 3151/1742/3151 3156/1534/3156 3159/1498/3159
f 572/1744/572 570/1751/570 575/1752/575 577/1546/577
f 3151/1753/3151 3153/1746/3153 3158/1549/3158 3156/1754/3156
f 570/1751/570 572/1744/572 581/1748/581 580/1755/580
f 3153/1746/3153 3151/1753/3151 3161/1756/3161 3162/1749/3162
f 1011/1728/1011 571/1727/571 574/1476/574 1012/1475/1012
f 3152/1732/3152 3592/1731/3592 3593/1478/3593 3155/1477/3155
f 580/1755/580 581/1748/581 586/1720/586 584/1719/584
f 3162/1749/3162 3161/1756/3161 3165/1722/3165 3167/1721/3167
f 581/1748/581 582/1747/582 585/1723/585 586/1720/586
f 3163/1750/3163 3162/1749/3162 3167/1721/3167 3166/1724/3166
f 590/709/590 592/715/592 591/1757/591 1518/886/1518
f 3173/716/3173 3171/712/3171 4099/888/4099 3172/1758/3172
f 1518/886/1518 591/1757/591 1516/1759/1516 1513/894/1513
f 3172/1758/3172 4099/888/4099 4094/896/4094 4097/1760/4097
f 594/1761/594 591/1757/591 592/715/592 593/719/593
f 3172/1758/3172 3175/1762/3175 3174/720/3174 3173/716/3173
f 591/1757/591 594/1761/594 1517/1763/1517 1516/1759/1516
f 3175/1762/3175 3172/1758/3172 4097/1760/4097 4098/1764/4098
f 2577/1765/2577 593/719/593 596/717/596 595/721/595
f 3174/720/3174 5158/1766/5158 3176/722/3176 3177/718/3177
f 593/719/593 2577/1765/2577 597/1767/597 594/1761/594
f 5158/1766/5158 3174/720/3174 3175/1762/3175 3178/1768/3178
f 594/1761/594 597/1767/597 1511/1769/1511 1517/1763/1517
f 3178/1768/3178 3175/1762/3175 4098/1764/4098 4092/1770/4092
f 609/1771/609 598/1772/598 601/1773/601 602/1774/602
f 3179/1775/3179 3190/1776/3190 3183/1777/3183 3182/1778/3182
f 598/1772/598 600/1779/600 604/1780/604 601/1773/601
f 3181/1781/3181 3179/1775/3179 3182/1778/3182 3185/1782/3185
f 600/1779/600 599/1783/599 603/1784/603 604/1780/604
f 3180/1785/3180 3181/1781/3181 3185/1782/3185 3184/1786/3184
f 603/1784/603 599/1783/599 1105/1787/1105 1101/1788/1101
f 3180/1785/3180 3184/1786/3184 3682/1789/3682 3686/1790/3686
f 602/1774/602 601/1773/601 605/1791/605 616/1792/616
f 3182/1778/3182 3183/1777/3183 3197/1793/3197 3186/1794/3186
f 601/1773/601 604/1780/604 615/1795/615 605/1791/605
f 3185/1782/3185 3182/1778/3182 3186/1794/3186 3196/1796/3196
f 610/1797/610 602/1774/602 616/1792/616 614/1798/614
f 3183/1777/3183 3191/1799/3191 3195/1800/3195 3197/1793/3197
f 602/1774/602 610/1797/610 611/1801/611 609/1771/609
f 3191/1799/3191 3183/1777/3183 3190/1776/3190 3192/1802/3192
f 604/1780/604 603/1784/603 1082/1803/1082 615/1795/615
f 3184/1786/3184 3185/1782/3185 3196/1796/3196 3663/1804/3663
f 603/1784/603 1101/1788/1101 1102/1805/1102 1082/1803/1082
f 3682/1789/3682 3184/1786/3184 3663/1804/3663 3683/1806/3683
f 605/1791/605 615/1795/615 1081/1807/1081 1076/1808/1076
f 3196/1796/3196 3186/1794/3186 3657/1809/3657 3662/1810/3662
f 616/1792/616 605/1791/605 1076/1808/1076 620/435/620
f 3186/1794/3186 3197/1793/3197 3201/440/3201 3657/1809/3657
f 606/1811/606 608/1812/608 638/1813/638 636/1814/636
f 3189/1815/3189 3187/1816/3187 3217/1817/3217 3219/1818/3219
f 607/1819/607 606/1820/606 636/1821/636 633/1822/633
f 3187/1823/3187 3188/1824/3188 3214/1825/3214 3217/1826/3217
f 613/1827/613 607/1819/607 633/1822/633 640/1828/640
f 3188/1824/3188 3194/1829/3194 3221/1830/3221 3214/1825/3214
f 608/1812/608 611/1801/611 610/1797/610 638/1813/638
f 3192/1802/3192 3189/1815/3189 3219/1818/3219 3191/1799/3191
f 106/60/106 105/431/105 92/18/92 94/17/94
f 2686/434/2686 2687/61/2687 2675/22/2675 2673/21/2673
f 638/1813/638 610/1797/610 614/1798/614 637/1831/637
f 3191/1799/3191 3219/1818/3219 3218/1832/3218 3195/1800/3195
f 752/1833/752 612/1834/612 639/1835/639 686/1836/686
f 3193/1837/3193 3333/1838/3333 3267/1839/3267 3220/1840/3220
f 612/1834/612 613/1827/613 640/1828/640 639/1835/639
f 3194/1829/3194 3193/1837/3193 3220/1840/3220 3221/1830/3221
f 637/1831/637 614/1798/614 618/438/618 621/1599/621
f 3195/1800/3195 3218/1832/3218 3202/1601/3202 3199/441/3199
f 618/438/618 614/1798/614 616/1792/616 620/435/620
f 3195/1800/3195 3199/441/3199 3201/440/3201 3197/1793/3197
f 615/1795/615 1082/1803/1082 1080/1841/1080 1081/1807/1081
f 3663/1804/3663 3196/1796/3196 3662/1810/3662 3661/1842/3661
f 619/1843/619 617/1844/617 635/1845/635 634/1846/634
f 3198/1847/3198 3200/1848/3200 3215/1849/3215 3216/1850/3216
f 617/1844/617 619/1843/619 644/1851/644 645/1852/645
f 3200/1848/3200 3198/1847/3198 3226/1853/3226 3225/1854/3225
f 632/1855/632 617/1844/617 645/1852/645 647/1856/647
f 3198/1847/3198 3213/1857/3213 3228/1858/3228 3226/1853/3226
f 617/1844/617 632/1855/632 643/1859/643 635/1845/635
f 3213/1857/3213 3198/1847/3198 3216/1850/3216 3224/1860/3224
f 621/1599/621 619/1600/619 634/1861/634 637/1831/637
f 3200/1602/3200 3202/1601/3202 3218/1832/3218 3215/1862/3215
f 620/435/620 1076/1808/1076 1075/1557/1075 1077/436/1077
f 3657/1809/3657 3201/440/3201 3658/439/3658 3656/1558/3656
f 628/860/628 622/859/622 1546/1863/1546 627/1864/627
f 3203/862/3203 3209/861/3209 3208/1865/3208 4127/1866/4127
f 622/859/622 623/696/623 624/882/624 1546/1863/1546
f 3204/699/3204 3203/862/3203 4127/1866/4127 3205/884/3205
f 1546/1863/1546 624/882/624 1541/890/1541 1545/1867/1545
f 3205/884/3205 4127/1866/4127 4126/1868/4126 4122/891/4122
f 625/877/625 628/860/628 627/1864/627 626/1869/626
f 3209/861/3209 3206/880/3206 3207/1870/3207 3208/1865/3208
f 667/878/667 625/877/625 626/1869/626 1539/1871/1539
f 3206/880/3206 3248/879/3248 4120/1872/4120 3207/1870/3207
f 1539/1871/1539 626/1869/626 1537/1873/1537 1535/1874/1535
f 3207/1870/3207 4120/1872/4120 4116/1875/4116 4118/1876/4118
f 1537/1873/1537 626/1869/626 627/1864/627 1544/1877/1544
f 3207/1870/3207 4118/1876/4118 4125/1878/4125 3208/1865/3208
f 1544/1877/1544 627/1864/627 1546/1863/1546 1545/1867/1545
f 3208/1865/3208 4125/1878/4125 4126/1868/4126 4127/1866/4127
f 631/1879/631 630/1880/630 646/1881/646 693/1882/693
f 3211/1883/3211 3212/1884/3212 3274/1885/3274 3227/1886/3227
f 630/1880/630 631/1879/631 642/1887/642 641/1888/641
f 3212/1884/3212 3211/1883/3211 3222/1889/3222 3223/1890/3223
f 632/1855/632 630/1880/630 641/1888/641 643/1859/643
f 3211/1883/3211 3213/1857/3213 3224/1860/3224 3222/1889/3222
f 630/1880/630 632/1855/632 647/1856/647 646/1881/646
f 3213/1857/3213 3211/1883/3211 3227/1886/3227 3228/1858/3228
f 677/1891/677 631/1879/631 693/1882/693 694/1892/694
f 3212/1884/3212 3258/1893/3258 3275/1894/3275 3274/1885/3274
f 631/1879/631 677/1891/677 690/1895/690 642/1887/642
f 3258/1893/3258 3212/1884/3212 3223/1890/3223 3271/1896/3271
f 640/1828/640 633/1822/633 635/1845/635 643/1859/643
f 3214/1825/3214 3221/1830/3221 3224/1860/3224 3216/1850/3216
f 633/1822/633 636/1821/636 634/1846/634 635/1845/635
f 3217/1826/3217 3214/1825/3214 3216/1850/3216 3215/1849/3215
f 637/1831/637 634/1861/634 636/1814/636 638/1813/638
f 3215/1862/3215 3218/1832/3218 3219/1818/3219 3217/1817/3217
f 639/1835/639 640/1828/640 643/1859/643 641/1888/641
f 3221/1830/3221 3220/1840/3220 3222/1889/3222 3224/1860/3224
f 686/1836/686 639/1835/639 641/1888/641 642/1887/642
f 3220/1840/3220 3267/1839/3267 3223/1890/3223 3222/1889/3222
f 642/1887/642 690/1895/690 687/1897/687 686/1836/686
f 3271/1896/3271 3223/1890/3223 3267/1839/3267 3268/1898/3268
f 651/919/651 648/867/648 650/741/650 649/921/649
f 3229/870/3229 3232/920/3232 3230/924/3230 3231/742/3231
f 654/1899/654 655/1900/655 656/1901/656 657/1902/657
f 3236/1903/3236 3235/1904/3235 3238/1905/3238 3237/1906/3237
f 1066/1907/1066 654/1899/654 657/1902/657 1063/1908/1063
f 3235/1904/3235 3647/1909/3647 3644/1910/3644 3238/1905/3238
f 655/1900/655 666/1911/666 664/1912/664 656/1901/656
f 3247/1913/3247 3236/1903/3236 3237/1906/3237 3245/1914/3245
f 657/1902/657 656/1901/656 681/1915/681 680/1916/680
f 3237/1906/3237 3238/1905/3238 3261/1917/3261 3262/1918/3262
f 656/1901/656 664/1912/664 678/1919/678 681/1915/681
f 3245/1914/3245 3237/1906/3237 3262/1918/3262 3259/1920/3259
f 1063/1908/1063 657/1902/657 680/1916/680 1064/1921/1064
f 3238/1905/3238 3644/1910/3644 3645/1922/3645 3261/1917/3261
f 658/1923/658 662/1924/662 661/1925/661 660/1926/660
f 3243/1927/3243 3239/1928/3239 3241/1929/3241 3242/1930/3242
f 663/1931/663 658/1932/658 660/1933/660 665/1934/665
f 3239/1935/3239 3244/1936/3244 3246/1937/3246 3241/1938/3241
f 662/1924/662 659/1939/659 687/1897/687 661/1925/661
f 3240/1940/3240 3243/1927/3243 3242/1930/3242 3268/1898/3268
f 659/1939/659 752/1833/752 686/1836/686 687/1897/687
f 3333/1838/3333 3240/1940/3240 3268/1898/3268 3267/1839/3267
f 660/1926/660 661/1925/661 688/1941/688 689/1942/689
f 3242/1930/3242 3241/1929/3241 3270/1943/3270 3269/1944/3269
f 665/1934/665 660/1933/660 689/1945/689 679/1946/679
f 3241/1938/3241 3246/1937/3246 3260/1947/3260 3270/1948/3270
f 661/1925/661 687/1897/687 690/1895/690 688/1941/688
f 3268/1898/3268 3242/1930/3242 3269/1944/3269 3271/1896/3271
f 666/1911/666 663/1931/663 665/1934/665 664/1912/664
f 3244/1936/3244 3247/1913/3247 3245/1914/3245 3246/1937/3246
f 664/1912/664 665/1934/665 679/1946/679 678/1919/678
f 3246/1937/3246 3245/1914/3245 3259/1920/3259 3260/1947/3260
f 669/1125/669 667/878/667 1539/1871/1539 668/1949/668
f 3248/879/3248 3250/1126/3250 3249/1950/3249 4120/1872/4120
f 669/1125/669 668/1949/668 2041/1951/2041 670/1128/670
f 3249/1950/3249 3250/1126/3250 3251/1130/3251 4622/1952/4622
f 2041/1951/2041 668/1949/668 2039/1953/2039 2032/1954/2032
f 3249/1950/3249 4622/1952/4622 4613/1955/4613 4620/1956/4620
f 668/1949/668 1539/1871/1539 1535/1874/1535 2039/1953/2039
f 4120/1872/4120 3249/1950/3249 4620/1956/4620 4116/1875/4116
f 671/1131/671 670/1128/670 2041/1951/2041 2036/1957/2036
f 3251/1130/3251 3252/1132/3252 4617/1958/4617 4622/1952/4622
f 672/1133/672 671/1131/671 2036/1957/2036 2037/1959/2037
f 3252/1132/3252 3253/1134/3253 4618/1960/4618 4617/1958/4617
f 701/1239/701 672/1133/672 2037/1959/2037 673/1961/673
f 3253/1134/3253 3282/1240/3282 3254/1962/3254 4618/1960/4618
f 673/1961/673 2037/1959/2037 2034/1963/2034 2054/1964/2054
f 4618/1960/4618 3254/1962/3254 4635/1965/4635 4615/1966/4615
f 703/1251/703 673/1967/673 2054/1968/2054 712/1969/712
f 3254/1970/3254 3284/1252/3284 3293/1971/3293 4635/1972/4635
f 673/1967/673 703/1251/703 702/1236/702 701/1235/701
f 3284/1252/3284 3254/1970/3254 3282/1238/3282 3283/1237/3283
f 676/1973/676 675/1974/675 689/1942/689 688/1941/688
f 3256/1975/3256 3257/1976/3257 3269/1944/3269 3270/1943/3270
f 675/1974/675 676/1973/676 692/1977/692 691/1978/691
f 3257/1976/3257 3256/1975/3256 3272/1979/3272 3273/1980/3273
f 682/1981/682 675/1982/675 691/1638/691 683/1637/683
f 3256/1983/3256 3263/1984/3263 3264/1640/3264 3272/1639/3272
f 675/1982/675 682/1981/682 679/1946/679 689/1945/689
f 3263/1984/3263 3256/1983/3256 3270/1948/3270 3260/1947/3260
f 677/1891/677 676/1973/676 688/1941/688 690/1895/690
f 3257/1976/3257 3258/1893/3258 3271/1896/3271 3269/1944/3269
f 676/1973/676 677/1891/677 694/1892/694 692/1977/692
f 3258/1893/3258 3257/1976/3257 3273/1980/3273 3275/1894/3275
f 681/1915/681 678/1919/678 685/1985/685 684/1986/684
f 3259/1920/3259 3262/1918/3262 3265/1987/3265 3266/1988/3266
f 678/1919/678 679/1946/679 682/1981/682 685/1985/685
f 3260/1947/3260 3259/1920/3259 3266/1988/3266 3263/1984/3263
f 680/1916/680 681/1915/681 684/1986/684 1053/1989/1053
f 3262/1918/3262 3261/1917/3261 3634/1990/3634 3265/1987/3265
f 680/1916/680 1053/1989/1053 1052/1991/1052 1064/1921/1064
f 3634/1990/3634 3261/1917/3261 3645/1922/3645 3633/1992/3633
f 685/1985/685 682/1981/682 683/1637/683 1049/1641/1049
f 3263/1984/3263 3266/1988/3266 3630/1642/3630 3264/1640/3264
f 1053/1989/1053 684/1986/684 1048/1624/1048 1047/1623/1047
f 3265/1987/3265 3634/1990/3634 3628/1626/3628 3629/1625/3629
f 684/1986/684 685/1985/685 1049/1641/1049 1048/1624/1048
f 3266/1988/3266 3265/1987/3265 3629/1625/3629 3630/1642/3630
f 697/303/697 695/376/695 696/925/696 698/304/698
f 3276/378/3276 3278/306/3278 3279/305/3279 3277/926/3277
f 703/1251/703 712/1969/712 715/1993/715 704/1247/704
f 3293/1971/3293 3284/1252/3284 3285/1250/3285 3296/1994/3296
f 704/1247/704 715/1993/715 716/1995/716 708/1248/708
f 3296/1994/3296 3285/1250/3285 3289/1249/3289 3297/1996/3297
f 706/1245/706 708/1248/708 709/1997/709 710/1253/710
f 3289/1249/3289 3287/1246/3287 3291/1254/3291 3290/1998/3290
f 709/1997/709 708/1248/708 716/1995/716 718/1999/718
f 3289/1249/3289 3290/1998/3290 3299/2000/3299 3297/1996/3297
f 2053/2001/2053 711/2002/711 712/1969/712 2054/1968/2054
f 3292/2003/3292 4634/2004/4634 4635/1972/4635 3293/1971/3293
f 711/2005/711 2053/2006/2053 2056/2007/2056 721/2008/721
f 4634/2009/4634 3292/2010/3292 3302/2011/3302 4637/2012/4637
f 713/2013/713 711/2002/711 721/2014/721 714/2015/714
f 3292/2003/3292 3294/2016/3294 3295/2017/3295 3302/2018/3302
f 711/2002/711 713/2013/713 715/1993/715 712/1969/712
f 3294/2016/3294 3292/2003/3292 3293/1971/3293 3296/1994/3296
f 713/2013/713 714/2015/714 723/2019/723 717/2020/717
f 3295/2017/3295 3294/2016/3294 3298/2021/3298 3304/2022/3304
f 715/1993/715 713/2013/713 717/2020/717 716/1995/716
f 3294/2016/3294 3296/1994/3296 3297/1996/3297 3298/2021/3298
f 723/2019/723 714/2015/714 722/2023/722 724/2024/724
f 3295/2017/3295 3304/2022/3304 3305/2025/3305 3303/2026/3303
f 714/2015/714 721/2014/721 720/2027/720 722/2023/722
f 3302/2018/3302 3295/2017/3295 3303/2026/3303 3301/2028/3301
f 718/1999/718 716/1995/716 717/2020/717 719/2029/719
f 3297/1996/3297 3299/2000/3299 3300/2030/3300 3298/2021/3298
f 719/2029/719 717/2020/717 723/2019/723 728/2031/728
f 3298/2021/3298 3300/2030/3300 3309/2032/3309 3304/2022/3304
f 2046/2033/2046 720/2034/720 721/2008/721 2056/2007/2056
f 3301/2035/3301 4627/2036/4627 4637/2012/4637 3302/2011/3302
f 720/2034/720 2046/2033/2046 2055/2037/2055 725/2038/725
f 4627/2036/4627 3301/2035/3301 3306/2039/3306 4636/2040/4636
f 722/2023/722 720/2027/720 725/2041/725 726/2042/726
f 3301/2028/3301 3303/2026/3303 3307/2043/3307 3306/2044/3306
f 724/2024/724 722/2023/722 726/2042/726 727/2045/727
f 3303/2026/3303 3305/2025/3305 3308/2046/3308 3307/2043/3307
f 723/2019/723 724/2024/724 729/2047/729 728/2031/728
f 3305/2025/3305 3304/2022/3304 3309/2032/3309 3310/2048/3310
f 724/2024/724 727/2045/727 730/2049/730 729/2047/729
f 3308/2046/3308 3305/2025/3305 3310/2048/3310 3311/2050/3311
f 725/2038/725 2055/2037/2055 2098/2051/2098 731/2052/731
f 4636/2040/4636 3306/2039/3306 3312/2053/3312 4679/2054/4679
f 726/2042/726 725/2041/725 731/2055/731 733/2056/733
f 3306/2044/3306 3307/2043/3307 3314/2057/3314 3312/2058/3312
f 727/2045/727 726/2042/726 733/2056/733 734/2059/734
f 3307/2043/3307 3308/2046/3308 3315/2060/3315 3314/2057/3314
f 727/2045/727 734/2059/734 742/2061/742 730/2049/730
f 3315/2060/3315 3308/2046/3308 3311/2050/3311 3323/2062/3323
f 733/2056/733 731/2055/731 735/2063/735 732/2064/732
f 3312/2058/3312 3314/2057/3314 3313/2065/3313 3316/2066/3316
f 731/2052/731 2098/2051/2098 2093/2067/2093 735/2068/735
f 4679/2054/4679 3312/2053/3312 3316/2069/3316 4674/2070/4674
f 739/2071/739 732/2064/732 736/2072/736 738/2073/738
f 3313/2065/3313 3320/2074/3320 3319/2075/3319 3317/2076/3317
f 732/2064/732 739/2071/739 734/2059/734 733/2056/733
f 3320/2074/3320 3313/2065/3313 3314/2057/3314 3315/2060/3315
f 732/2064/732 735/2063/735 2122/2077/2122 736/2072/736
f 3316/2066/3316 3313/2065/3313 3317/2076/3317 4703/2078/4703
f 734/2059/734 739/2071/739 740/2079/740 742/2061/742
f 3320/2074/3320 3315/2060/3315 3323/2062/3323 3321/2080/3321
f 2122/2081/2122 735/2068/735 2093/2067/2093 2092/2082/2092
f 3316/2069/3316 4703/2083/4703 4673/2084/4673 4674/2070/4674
f 744/2085/744 736/2072/736 2122/2077/2122 2110/2086/2110
f 3317/2076/3317 3325/2087/3325 4691/2088/4691 4703/2078/4703
f 736/2072/736 744/2085/744 737/2089/737 738/2073/738
f 3325/2087/3325 3317/2076/3317 3319/2075/3319 3318/2090/3318
f 747/2091/747 737/2089/737 745/2092/745 748/2093/748
f 3318/2090/3318 3328/2094/3328 3329/2095/3329 3326/2096/3326
f 737/2089/737 747/2091/747 741/2097/741 738/2073/738
f 3328/2094/3328 3318/2090/3318 3319/2075/3319 3322/2098/3322
f 737/2089/737 744/2085/744 743/2099/743 745/2092/745
f 3325/2087/3325 3318/2090/3318 3326/2096/3326 3324/2100/3324
f 739/2071/739 738/2073/738 741/2097/741 740/2079/740
f 3319/2075/3319 3320/2074/3320 3321/2080/3321 3322/2098/3322
f 745/2101/745 743/2102/743 2146/2103/2146 746/2104/746
f 3324/2105/3324 3326/2106/3326 3327/2107/3327 4727/2108/4727
f 2144/2109/2144 743/2099/743 744/2085/744 2110/2086/2110
f 3324/2100/3324 4725/2110/4725 4691/2088/4691 3325/2087/3325
f 743/2102/743 2144/2111/2144 2145/2112/2145 2146/2103/2146
f 4725/2113/4725 3324/2105/3324 4727/2108/4727 4726/2114/4726
f 748/2115/748 745/2101/745 746/2104/746 749/2116/749
f 3326/2106/3326 3329/2117/3329 3330/2118/3330 3327/2107/3327
f 749/2116/749 746/2104/746 750/2119/750 751/2120/751
f 3327/2107/3327 3330/2118/3330 3332/2121/3332 3331/2122/3331
f 750/2119/750 746/2104/746 2146/2103/2146 2124/2123/2124
f 3327/2107/3327 3331/2122/3331 4705/2124/4705 4727/2108/4727
f 2303/2125/2303 750/2119/750 2124/2123/2124 2284/2126/2284
f 3331/2122/3331 4884/2127/4884 4865/2128/4865 4705/2124/4705
f 750/2119/750 2303/2125/2303 2301/2129/2301 751/2120/751
f 4884/2127/4884 3331/2122/3331 3332/2121/3332 4882/2130/4882
f 829/2131/829 754/1348/754 755/1347/755 758/1377/758
f 3335/1349/3335 3410/2132/3410 3339/1378/3339 3336/1350/3336
f 754/1348/754 829/2131/829 814/2133/814 806/1355/806
f 3410/2132/3410 3335/1349/3335 3387/1356/3387 3395/2134/3395
f 758/1377/758 756/1375/756 763/2135/763 757/2136/757
f 3337/1376/3337 3339/1378/3339 3338/2137/3338 3344/2138/3344
f 756/1375/756 760/1371/760 761/1402/761 763/2135/763
f 3341/1373/3341 3337/1376/3337 3344/2138/3344 3342/1403/3342
f 758/1377/758 757/2136/757 830/2139/830 829/2131/829
f 3338/2137/3338 3339/1378/3339 3410/2132/3410 3411/2140/3411
f 824/2141/824 757/2136/757 763/2135/763 762/2142/762
f 3338/2137/3338 3405/2143/3405 3343/2144/3343 3344/2138/3344
f 757/2136/757 824/2141/824 831/2145/831 830/2139/830
f 3405/2143/3405 3338/2137/3338 3411/2140/3411 3412/2146/3412
f 763/2135/763 761/1402/761 964/1401/964 762/2142/762
f 3342/1403/3342 3344/2138/3344 3343/2144/3343 3545/1404/3545
f 762/2142/762 964/1401/964 963/2147/963 966/2148/966
f 3545/1404/3545 3343/2144/3343 3547/2149/3547 3544/2150/3544
f 762/2142/762 966/2148/966 826/2151/826 824/2141/824
f 3547/2149/3547 3343/2144/3343 3405/2143/3405 3407/2152/3407
f 765/1398/765 764/1397/764 974/2153/974 975/2154/975
f 3345/1400/3345 3346/1399/3346 3556/2155/3556 3555/2156/3555
f 765/1398/765 975/2154/975 963/2147/963 964/1401/964
f 3556/2155/3556 3346/1399/3346 3545/1404/3545 3544/2150/3544
f 770/2157/770 767/365/767 798/2158/798 800/2159/800
f 3348/366/3348 3351/2160/3351 3381/2161/3381 3379/2162/3379
f 767/365/767 770/2157/770 773/324/773 771/323/771
f 3351/2160/3351 3348/366/3348 3352/326/3352 3354/325/3354
f 767/365/767 777/310/777 779/2163/779 798/2158/798
f 3358/312/3358 3348/366/3348 3379/2162/3379 3360/2164/3360
f 799/2165/799 768/2166/768 770/2167/770 800/2168/800
f 3349/2169/3349 3380/2170/3380 3381/2171/3381 3351/2172/3351
f 768/2173/768 799/2174/799 797/2175/797 769/2176/769
f 3380/2177/3380 3349/2178/3349 3350/2179/3350 3378/2180/3378
f 768/2173/768 769/2176/769 772/350/772 774/349/774
f 3350/2179/3350 3349/2178/3349 3355/354/3355 3353/353/3353
f 768/2166/768 774/336/774 773/335/773 770/2167/770
f 3355/338/3355 3349/2169/3349 3351/2172/3351 3354/337/3354
f 2313/2181/2313 769/2176/769 797/2175/797 2325/2182/2325
f 3350/2179/3350 4894/2183/4894 4906/2184/4906 3378/2180/3378
f 769/2176/769 2313/2181/2313 2309/360/2309 772/350/772
f 4894/2183/4894 3350/2179/3350 3353/353/3353 4890/362/4890
f 823/2185/823 775/2186/775 821/2187/821 819/2188/819
f 3356/2189/3356 3404/2190/3404 3400/2191/3400 3402/2192/3402
f 775/2186/775 823/2185/823 794/2193/794 795/2194/795
f 3404/2190/3404 3356/2189/3356 3376/2195/3376 3375/2196/3375
f 821/2187/821 775/2186/775 785/2197/785 784/2198/784
f 3356/2189/3356 3402/2192/3402 3365/2199/3365 3366/2200/3366
f 775/2186/775 795/2194/795 778/2201/778 785/2197/785
f 3376/2195/3376 3356/2189/3356 3366/2200/3366 3359/2202/3359
f 777/310/777 776/307/776 778/2201/778 779/2163/779
f 3357/308/3357 3358/312/3358 3360/2164/3360 3359/2202/3359
f 776/307/776 783/285/783 785/2197/785 778/2201/778
f 3364/288/3364 3357/308/3357 3359/2202/3359 3366/2200/3366
f 779/2163/779 778/2201/778 795/2194/795 796/2203/796
f 3359/2202/3359 3360/2164/3360 3377/2204/3377 3376/2195/3376
f 779/2163/779 796/2203/796 802/2205/802 798/2158/798
f 3377/2204/3377 3360/2164/3360 3379/2162/3379 3383/2206/3383
f 781/275/781 780/257/780 803/271/803 808/2207/808
f 3361/260/3361 3362/280/3362 3389/2208/3389 3384/272/3384
f 781/275/781 808/2207/808 784/2198/784 782/276/782
f 3389/2208/3389 3362/280/3362 3363/279/3363 3365/2199/3365
f 782/276/782 784/2198/784 785/2197/785 783/285/783
f 3365/2199/3365 3363/279/3363 3364/288/3364 3366/2200/3366
f 821/2187/821 784/2198/784 808/2207/808 820/2209/820
f 3365/2199/3365 3402/2192/3402 3401/2210/3401 3389/2208/3389
f 796/2203/796 787/2211/787 789/2212/789 802/2205/802
f 3368/2213/3368 3377/2204/3377 3383/2206/3383 3370/2214/3370
f 787/2211/787 796/2203/796 795/2194/795 794/2193/794
f 3377/2204/3377 3368/2213/3368 3375/2196/3375 3376/2195/3376
f 787/2211/787 794/2193/794 813/2215/813 936/2216/936
f 3375/2196/3375 3368/2213/3368 3517/2217/3517 3394/2218/3394
f 787/2211/787 936/2216/936 938/2219/938 789/2212/789
f 3517/2217/3517 3368/2213/3368 3370/2214/3370 3519/2220/3519
f 790/2221/790 788/2222/788 801/2223/801 793/2224/793
f 3369/2225/3369 3371/2226/3371 3374/2227/3374 3382/2228/3382
f 788/2222/788 790/2221/790 921/2229/921 920/2230/920
f 3371/2226/3371 3369/2225/3369 3501/2231/3501 3502/2232/3502
f 2321/2233/2321 788/2222/788 920/2230/920 2357/2234/2357
f 3369/2225/3369 4902/2235/4902 4938/2236/4938 3501/2231/3501
f 788/2222/788 2321/2233/2321 2323/2237/2323 801/2223/801
f 4902/2235/4902 3369/2225/3369 3382/2228/3382 4904/2238/4904
f 791/2239/791 789/2212/789 938/2219/938 922/2240/922
f 3370/2214/3370 3372/2241/3372 3503/2242/3503 3519/2220/3519
f 789/2212/789 791/2239/791 792/2243/792 802/2205/802
f 3372/2241/3372 3370/2214/3370 3383/2206/3383 3373/2244/3373
f 921/2245/921 790/2246/790 791/2247/791 922/2248/922
f 3371/2249/3371 3502/2250/3502 3503/2251/3503 3372/2252/3372
f 790/2246/790 793/2253/793 792/2254/792 791/2247/791
f 3374/2255/3374 3371/2249/3371 3372/2252/3372 3373/2256/3373
f 800/2168/800 792/2254/792 793/2253/793 799/2165/799
f 3373/2256/3373 3381/2171/3381 3380/2170/3380 3374/2255/3374
f 792/2243/792 800/2159/800 798/2158/798 802/2205/802
f 3381/2161/3381 3373/2244/3373 3383/2206/3383 3379/2162/3379
f 793/2224/793 801/2223/801 797/2175/797 799/2174/799
f 3382/2228/3382 3374/2227/3374 3380/2177/3380 3378/2180/3378
f 794/2193/794 823/2185/823 812/2257/812 813/2215/813
f 3404/2190/3404 3375/2196/3375 3394/2218/3394 3393/2258/3393
f 2325/2182/2325 797/2175/797 801/2223/801 2323/2237/2323
f 3378/2180/3378 4906/2184/4906 4904/2238/4904 3382/2228/3382
f 804/2259/804 803/271/803 807/267/807 805/1353/805
f 3384/272/3384 3385/2260/3385 3386/1354/3386 3388/269/3388
f 803/271/803 804/2259/804 820/2209/820 808/2207/808
f 3385/2260/3385 3384/272/3384 3389/2208/3389 3401/2210/3401
f 804/2259/804 805/1353/805 806/1355/806 815/2261/815
f 3386/1354/3386 3385/2260/3385 3396/2262/3396 3387/1356/3387
f 804/2259/804 815/2261/815 822/2263/822 820/2209/820
f 3396/2262/3396 3385/2260/3385 3401/2210/3401 3403/2264/3403
f 806/1355/806 814/2133/814 816/2265/816 815/2261/815
f 3395/2134/3395 3387/1356/3387 3396/2262/3396 3397/2266/3397
f 828/2267/828 809/2268/809 832/2269/832 834/2270/834
f 3390/2271/3390 3409/2272/3409 3415/2273/3415 3413/2274/3413
f 809/2268/809 828/2267/828 811/2275/811 810/2276/810
f 3409/2272/3409 3390/2271/3390 3391/2277/3391 3392/2278/3392
f 809/2268/809 810/2276/810 818/2279/818 817/2280/817
f 3391/2277/3391 3390/2271/3390 3398/2281/3398 3399/2282/3399
f 809/2268/809 817/2280/817 816/2265/816 832/2269/832
f 3398/2281/3398 3390/2271/3390 3413/2274/3413 3397/2266/3397
f 818/2279/818 810/2276/810 932/2283/932 812/2257/812
f 3391/2277/3391 3399/2282/3399 3393/2258/3393 3513/2284/3513
f 810/2276/810 811/2275/811 934/2285/934 932/2283/932
f 3392/2278/3392 3391/2277/3391 3513/2284/3513 3515/2286/3515
f 811/2275/811 828/2267/828 948/2287/948 949/2288/949
f 3409/2272/3409 3392/2278/3392 3530/2289/3530 3529/2290/3529
f 934/2285/934 811/2275/811 949/2288/949 946/2291/946
f 3392/2278/3392 3515/2286/3515 3527/2292/3527 3530/2289/3530
f 812/2257/812 932/2283/932 933/2293/933 813/2215/813
f 3513/2284/3513 3393/2258/3393 3394/2218/3394 3514/2294/3514
f 818/2279/818 812/2257/812 823/2185/823 819/2188/819
f 3393/2258/3393 3399/2282/3399 3400/2191/3400 3404/2190/3404
f 813/2215/813 933/2293/933 937/2295/937 936/2216/936
f 3514/2294/3514 3394/2218/3394 3517/2217/3517 3518/2296/3518
f 833/2297/833 814/2133/814 829/2131/829 830/2139/830
f 3395/2134/3395 3414/2298/3414 3411/2140/3411 3410/2132/3410
f 814/2133/814 833/2297/833 832/2269/832 816/2265/816
f 3414/2298/3414 3395/2134/3395 3397/2266/3397 3413/2274/3413
f 815/2261/815 816/2265/816 817/2280/817 822/2263/822
f 3397/2266/3397 3396/2262/3396 3403/2264/3403 3398/2281/3398
f 817/2280/817 818/2279/818 819/2188/819 822/2263/822
f 3399/2282/3399 3398/2281/3398 3403/2264/3403 3400/2191/3400
f 822/2263/822 819/2188/819 821/2187/821 820/2209/820
f 3400/2191/3400 3403/2264/3403 3401/2210/3401 3402/2192/3402
f 824/2141/824 826/2151/826 827/2299/827 831/2145/831
f 3407/2152/3407 3405/2143/3405 3412/2146/3412 3408/2300/3408
f 831/2145/831 825/2301/825 833/2297/833 830/2139/830
f 3406/2302/3406 3412/2146/3412 3411/2140/3411 3414/2298/3414
f 825/2301/825 831/2145/831 827/2299/827 834/2270/834
f 3412/2146/3412 3406/2302/3406 3415/2273/3415 3408/2300/3408
f 833/2297/833 825/2301/825 834/2270/834 832/2269/832
f 3406/2302/3406 3414/2298/3414 3413/2274/3413 3415/2273/3415
f 827/2299/827 826/2151/826 968/2303/968 948/2287/948
f 3407/2152/3407 3408/2300/3408 3529/2290/3529 3549/2304/3549
f 826/2151/826 966/2148/966 967/2305/967 968/2303/968
f 3547/2149/3547 3407/2152/3407 3549/2304/3549 3548/2306/3548
f 827/2299/827 948/2287/948 828/2267/828 834/2270/834
f 3529/2290/3529 3408/2300/3408 3415/2273/3415 3409/2272/3409
f 835/134/835 838/133/838 845/2307/845 839/167/839
f 3419/138/3419 3416/137/3416 3420/168/3420 3426/2308/3426
f 836/2309/836 869/2310/869 891/2311/891 848/2312/848
f 3450/2313/3450 3417/2314/3417 3429/2315/3429 3472/2316/3472
f 837/2317/837 836/2309/836 848/2312/848 844/2318/844
f 3417/2314/3417 3418/2319/3418 3425/2320/3425 3429/2315/3429
f 838/2321/838 837/2317/837 844/2318/844 845/2322/845
f 3418/2319/3418 3419/2323/3419 3426/2324/3426 3425/2320/3425
f 841/165/841 839/167/839 847/2325/847 846/2326/846
f 3420/168/3420 3422/166/3422 3427/2327/3427 3428/2328/3428
f 839/167/839 845/2307/845 850/2329/850 847/2325/847
f 3426/2308/3426 3420/168/3420 3428/2328/3428 3431/2330/3431
f 840/161/840 841/165/841 846/2326/846 843/2331/843
f 3422/166/3422 3421/164/3421 3424/2332/3424 3427/2327/3427
f 2200/162/2200 840/161/840 843/2331/843 842/2333/842
f 3421/164/3421 4781/163/4781 3423/2334/3423 3424/2332/3424
f 842/2333/842 843/2331/843 858/2335/858 852/2336/852
f 3424/2332/3424 3423/2334/3423 3433/2337/3433 3439/2338/3439
f 854/2339/854 842/2333/842 852/2336/852 853/2340/853
f 3423/2334/3423 3435/2341/3435 3434/2342/3434 3433/2337/3433
f 842/2333/842 854/2339/854 2199/2343/2199 2200/162/2200
f 3435/2341/3435 3423/2334/3423 4781/163/4781 4780/2344/4780
f 843/2331/843 846/2326/846 856/2345/856 858/2335/858
f 3427/2327/3427 3424/2332/3424 3439/2338/3439 3437/2346/3437
f 844/2318/844 848/2312/848 849/2347/849 851/2348/851
f 3429/2315/3429 3425/2320/3425 3432/2349/3432 3430/2350/3430
f 845/2322/845 844/2318/844 851/2348/851 850/2351/850
f 3425/2320/3425 3426/2324/3426 3431/2352/3431 3432/2349/3432
f 846/2326/846 847/2325/847 857/2353/857 856/2345/856
f 3428/2328/3428 3427/2327/3427 3437/2346/3437 3438/2354/3438
f 847/2325/847 850/2329/850 865/2355/865 857/2353/857
f 3431/2330/3431 3428/2328/3428 3438/2354/3438 3446/2356/3446
f 848/2312/848 891/2311/891 894/2357/894 849/2347/849
f 3472/2316/3472 3429/2315/3429 3430/2350/3430 3475/2358/3475
f 849/2347/849 894/2357/894 863/2359/863 864/2360/864
f 3475/2358/3475 3430/2350/3430 3445/2361/3445 3444/2362/3444
f 851/2348/851 849/2347/849 864/2360/864 866/2363/866
f 3430/2350/3430 3432/2349/3432 3447/2364/3447 3445/2361/3445
f 850/2351/850 851/2348/851 866/2363/866 865/2365/865
f 3432/2349/3432 3431/2352/3431 3446/2366/3446 3447/2364/3447
f 852/2336/852 858/2335/858 862/2367/862 861/2368/861
f 3439/2338/3439 3433/2337/3433 3442/2369/3442 3443/2370/3443
f 853/2340/853 852/2336/852 861/2368/861 855/2371/855
f 3433/2337/3433 3434/2342/3434 3436/2372/3436 3442/2369/3442
f 854/2339/854 853/2340/853 2208/2373/2208 2207/2374/2207
f 3434/2342/3434 3435/2341/3435 4788/2375/4788 4789/2376/4789
f 853/2340/853 855/2371/855 2209/2377/2209 2208/2373/2208
f 3436/2372/3436 3434/2342/3434 4789/2376/4789 4790/2378/4790
f 854/2339/854 2207/2374/2207 2201/2379/2201 2199/2343/2199
f 4788/2375/4788 3435/2341/3435 4780/2344/4780 4782/2380/4782
f 858/2335/858 856/2345/856 859/2381/859 862/2367/862
f 3437/2346/3437 3439/2338/3439 3443/2370/3443 3440/2382/3440
f 856/2345/856 857/2353/857 860/2383/860 859/2381/859
f 3438/2354/3438 3437/2346/3437 3440/2382/3440 3441/2384/3441
f 857/2353/857 865/2355/865 1001/2385/1001 860/2383/860
f 3446/2356/3446 3438/2354/3438 3441/2384/3441 3582/2386/3582
f 1004/2387/1004 863/2359/863 894/2357/894 893/2388/893
f 3444/2362/3444 3585/2389/3585 3474/2390/3474 3475/2358/3475
f 863/2359/863 1004/2387/1004 1005/2391/1005 999/2392/999
f 3585/2389/3585 3444/2362/3444 3580/2393/3580 3586/2394/3586
f 864/2360/864 863/2359/863 999/2392/999 1000/2395/1000
f 3444/2362/3444 3445/2361/3445 3581/2396/3581 3580/2393/3580
f 866/2363/866 864/2360/864 1000/2395/1000 1002/2397/1002
f 3445/2361/3445 3447/2364/3447 3583/2398/3583 3581/2396/3581
f 865/2365/865 866/2363/866 1002/2397/1002 1001/2399/1001
f 3447/2364/3447 3446/2366/3446 3582/2400/3582 3583/2398/3583
f 868/2401/868 867/2402/867 890/2403/890 875/2404/875
f 3448/2405/3448 3449/2406/3449 3456/2407/3456 3471/2408/3471
f 867/2402/867 873/2409/873 878/2410/878 890/2403/890
f 3454/2411/3454 3448/2405/3448 3471/2408/3471 3459/2412/3459
f 869/2310/869 868/2401/868 875/2404/875 891/2311/891
f 3449/2406/3449 3450/2313/3450 3472/2316/3472 3456/2407/3456
f 870/47/870 881/45/881 880/2413/880 876/2414/876
f 3462/46/3462 3451/48/3451 3457/2415/3457 3461/2416/3461
f 872/49/872 870/47/870 876/2414/876 877/2417/877
f 3451/48/3451 3453/50/3453 3458/2418/3458 3457/2415/3457
f 871/2/871 872/2419/872 873/83/873 874/3/874
f 3453/2420/3453 3452/5/3452 3455/8/3455 3454/84/3454
f 872/2421/872 877/2422/877 878/2410/878 873/2409/873
f 3458/2423/3458 3453/2424/3453 3454/2411/3454 3459/2412/3459
f 875/2404/875 890/2403/890 892/2425/892 893/2388/893
f 3471/2408/3471 3456/2407/3456 3474/2390/3474 3473/2426/3473
f 891/2311/891 875/2404/875 893/2388/893 894/2357/894
f 3456/2407/3456 3472/2316/3472 3475/2358/3475 3474/2390/3474
f 877/2417/877 876/2414/876 900/2427/900 895/2428/895
f 3457/2415/3457 3458/2418/3458 3476/2429/3476 3481/2430/3481
f 876/2414/876 880/2413/880 884/2431/884 900/2427/900
f 3461/2416/3461 3457/2415/3457 3481/2430/3481 3465/2432/3465
f 878/2410/878 877/2422/877 895/2433/895 898/2434/898
f 3458/2423/3458 3459/2412/3459 3479/2435/3479 3476/2436/3476
f 890/2403/890 878/2410/878 898/2434/898 892/2425/892
f 3459/2412/3459 3471/2408/3471 3473/2426/3473 3479/2435/3479
f 879/42/879 2223/41/2223 889/2437/889 2225/2438/2225
f 4804/44/4804 3460/43/3460 4806/2439/4806 3470/2440/3470
f 879/42/879 2225/2438/2225 880/2413/880 881/45/881
f 4806/2439/4806 3460/43/3460 3462/46/3462 3461/2416/3461
f 880/2413/880 2225/2438/2225 882/2441/882 884/2431/884
f 4806/2439/4806 3461/2416/3461 3465/2432/3465 3463/2442/3463
f 883/2443/883 882/2441/882 2225/2438/2225 889/2437/889
f 3463/2442/3463 3464/2444/3464 3470/2440/3470 4806/2439/4806
f 882/2441/882 883/2443/883 901/2445/901 914/2446/914
f 3464/2444/3464 3463/2442/3463 3495/2447/3495 3482/2448/3482
f 915/2449/915 884/2431/884 882/2441/882 914/2446/914
f 3465/2432/3465 3496/2450/3496 3495/2447/3495 3463/2442/3463
f 888/2451/888 883/2443/883 889/2437/889 886/2452/886
f 3464/2444/3464 3469/2453/3469 3467/2454/3467 3470/2440/3470
f 883/2443/883 888/2451/888 902/2455/902 901/2445/901
f 3469/2453/3469 3464/2444/3464 3482/2448/3482 3483/2456/3483
f 900/2427/900 884/2431/884 915/2449/915 899/2457/899
f 3465/2432/3465 3481/2430/3481 3480/2458/3480 3496/2450/3496
f 886/2452/886 885/2459/885 887/2460/887 888/2451/888
f 3466/2461/3466 3467/2454/3467 3469/2453/3469 3468/2462/3468
f 885/2459/885 886/2452/886 2224/2463/2224 2226/2464/2226
f 3467/2454/3467 3466/2461/3466 4807/2465/4807 4805/2466/4805
f 887/2460/887 885/2459/885 2230/2467/2230 2235/2468/2235
f 3466/2461/3466 3468/2462/3468 4816/2469/4816 4811/2470/4811
f 885/2459/885 2226/2464/2226 2212/2471/2212 2230/2467/2230
f 4807/2465/4807 3466/2461/3466 4811/2470/4811 4793/2472/4793
f 2224/2463/2224 886/2452/886 889/2437/889 2223/41/2223
f 3467/2454/3467 4805/2466/4805 4804/44/4804 3470/2440/3470
f 888/2451/888 887/2460/887 903/2473/903 902/2455/902
f 3468/2462/3468 3469/2453/3469 3483/2456/3483 3484/2474/3484
f 903/2473/903 887/2460/887 2235/2468/2235 2233/2475/2233
f 3468/2462/3468 3484/2474/3484 4814/2476/4814 4816/2469/4816
f 893/2388/893 892/2425/892 1003/2477/1003 1004/2387/1004
f 3473/2426/3473 3474/2390/3474 3585/2389/3585 3584/2478/3584
f 1003/2477/1003 892/2425/892 898/2434/898 897/2479/897
f 3473/2426/3473 3584/2478/3584 3478/2480/3478 3479/2435/3479
f 895/2428/895 900/2427/900 899/2457/899 896/2481/896
f 3481/2430/3481 3476/2429/3476 3477/2482/3477 3480/2458/3480
f 895/2433/895 896/2483/896 897/2479/897 898/2434/898
f 3477/2484/3477 3476/2436/3476 3479/2435/3479 3478/2480/3478
f 896/2481/896 899/2457/899 909/2485/909 911/2486/911
f 3480/2458/3480 3477/2482/3477 3492/2487/3492 3490/2488/3490
f 896/2483/896 911/2489/911 912/2490/912 897/2479/897
f 3492/2491/3492 3477/2484/3477 3478/2480/3478 3493/2492/3493
f 899/2457/899 915/2449/915 916/2493/916 909/2485/909
f 3496/2450/3496 3480/2458/3480 3490/2488/3490 3497/2494/3497
f 901/2445/901 902/2455/902 905/2495/905 919/2496/919
f 3483/2456/3483 3482/2448/3482 3500/2497/3500 3486/2498/3486
f 914/2446/914 901/2445/901 919/2496/919 913/2499/913
f 3482/2448/3482 3495/2447/3495 3494/2500/3494 3500/2497/3500
f 902/2455/902 903/2473/903 904/2501/904 905/2495/905
f 3484/2474/3484 3483/2456/3483 3486/2498/3486 3485/2502/3485
f 903/2473/903 2233/2475/2233 906/2503/906 904/2501/904
f 4814/2476/4814 3484/2474/3484 3485/2502/3485 3487/2504/3487
f 2241/2505/2241 906/2503/906 2233/2475/2233 2232/2506/2232
f 3487/2504/3487 4822/2507/4822 4813/2508/4813 4814/2476/4814
f 916/2493/916 907/2509/907 908/2510/908 909/2485/909
f 3488/2511/3488 3497/2494/3497 3490/2488/3490 3489/2512/3489
f 907/2509/907 914/2446/914 913/2499/913 917/2513/917
f 3495/2447/3495 3488/2511/3488 3498/2514/3498 3494/2500/3494
f 908/2510/908 907/2509/907 917/2513/917 918/2515/918
f 3488/2511/3488 3489/2512/3489 3499/2516/3499 3498/2514/3498
f 910/2517/910 908/2510/908 918/2515/918 1008/2518/1008
f 3489/2512/3489 3491/2519/3491 3589/2520/3589 3499/2516/3499
f 908/2510/908 910/2517/910 911/2486/911 909/2485/909
f 3491/2519/3491 3489/2512/3489 3490/2488/3490 3492/2487/3492
f 910/2521/910 1008/2522/1008 1009/2523/1009 1006/2524/1006
f 3589/2525/3589 3491/2526/3491 3587/2527/3587 3590/2528/3590
f 911/2489/911 910/2521/910 1006/2524/1006 912/2490/912
f 3491/2526/3491 3492/2491/3492 3493/2492/3493 3587/2527/3587
f 2357/2234/2357 920/2230/920 941/2529/941 942/2530/942
f 3501/2231/3501 4938/2236/4938 3523/2531/3523 3522/2532/3522
f 941/2529/941 920/2230/920 921/2229/921 940/2533/940
f 3501/2231/3501 3522/2532/3522 3521/2534/3521 3502/2232/3502
f 940/2535/940 921/2536/921 922/2537/922 943/2538/943
f 3502/2539/3502 3521/2540/3521 3524/2541/3524 3503/2542/3503
f 943/2543/943 922/2240/922 938/2219/938 939/2544/939
f 3503/2242/3503 3524/2545/3524 3520/2546/3520 3519/2220/3519
f 937/2295/937 923/2547/923 925/2548/925 939/2544/939
f 3504/2549/3504 3518/2296/3518 3520/2546/3520 3506/2550/3506
f 923/2547/923 937/2295/937 933/2293/933 935/2551/935
f 3518/2296/3518 3504/2549/3504 3516/2552/3516 3514/2294/3514
f 923/2547/923 935/2551/935 947/2553/947 924/2554/924
f 3516/2552/3516 3504/2549/3504 3505/2555/3505 3528/2556/3528
f 925/2548/925 923/2547/923 924/2554/924 928/2557/928
f 3504/2549/3504 3506/2550/3506 3509/2558/3509 3505/2555/3505
f 924/2554/924 947/2553/947 945/2559/945 953/2560/953
f 3528/2556/3528 3505/2555/3505 3534/2561/3534 3526/2562/3526
f 928/2557/928 924/2554/924 953/2560/953 956/2563/956
f 3505/2555/3505 3509/2558/3509 3537/2564/3537 3534/2561/3534
f 930/2565/930 925/2548/925 928/2557/928 929/2566/929
f 3506/2550/3506 3511/2567/3511 3510/2568/3510 3509/2558/3509
f 925/2548/925 930/2565/930 943/2543/943 939/2544/939
f 3511/2567/3511 3506/2550/3506 3520/2546/3520 3524/2545/3524
f 931/2569/931 926/2570/926 941/2529/941 940/2533/940
f 3507/2571/3507 3512/2572/3512 3521/2534/3521 3522/2532/3522
f 926/2570/926 931/2569/931 950/2573/950 927/2574/927
f 3512/2572/3512 3507/2571/3507 3508/2575/3508 3531/2576/3531
f 2397/2577/2397 926/2570/926 927/2574/927 2395/2578/2395
f 3507/2571/3507 4978/2579/4978 4976/2580/4976 3508/2575/3508
f 926/2570/926 2397/2577/2397 942/2530/942 941/2529/941
f 4978/2579/4978 3507/2571/3507 3522/2532/3522 3523/2531/3523
f 2395/2578/2395 927/2574/927 957/2581/957 2412/2582/2412
f 3508/2575/3508 4976/2580/4976 4993/2583/4993 3538/2584/3538
f 927/2574/927 950/2573/950 958/2585/958 957/2581/957
f 3531/2576/3531 3508/2575/3508 3538/2584/3538 3539/2586/3539
f 928/2557/928 956/2563/956 959/2587/959 929/2566/929
f 3537/2564/3537 3509/2558/3509 3510/2568/3510 3540/2588/3540
f 929/2589/929 959/2590/959 958/2591/958 950/2592/950
f 3540/2593/3540 3510/2594/3510 3531/2595/3531 3539/2596/3539
f 930/2597/930 929/2589/929 950/2592/950 931/2598/931
f 3510/2594/3510 3511/2599/3511 3512/2600/3512 3531/2595/3531
f 943/2538/943 930/2597/930 931/2598/931 940/2535/940
f 3511/2599/3511 3524/2541/3524 3521/2540/3521 3512/2600/3512
f 932/2283/932 934/2285/934 935/2551/935 933/2293/933
f 3515/2286/3515 3513/2284/3513 3514/2294/3514 3516/2552/3516
f 935/2551/935 934/2285/934 946/2291/946 947/2553/947
f 3515/2286/3515 3516/2552/3516 3528/2556/3528 3527/2292/3527
f 936/2216/936 937/2295/937 939/2544/939 938/2219/938
f 3518/2296/3518 3517/2217/3517 3519/2220/3519 3520/2546/3520
f 2399/2601/2399 942/2530/942 2397/2577/2397 2398/2602/2398
f 3523/2531/3523 4980/2603/4980 4979/2604/4979 4978/2579/4978
f 942/2530/942 2399/2601/2399 2356/2605/2356 2357/2234/2357
f 4980/2603/4980 3523/2531/3523 4938/2236/4938 4937/2606/4937
f 946/2291/946 944/2607/944 945/2559/945 947/2553/947
f 3525/2608/3525 3527/2292/3527 3528/2556/3528 3526/2562/3526
f 944/2607/944 946/2291/946 949/2288/949 969/2609/969
f 3527/2292/3527 3525/2608/3525 3550/2610/3550 3530/2289/3530
f 945/2559/945 944/2607/944 962/2611/962 987/2612/987
f 3525/2608/3525 3526/2562/3526 3568/2613/3568 3543/2614/3543
f 944/2607/944 969/2609/969 961/2615/961 962/2611/962
f 3550/2610/3550 3525/2608/3525 3543/2614/3543 3542/2616/3542
f 945/2559/945 987/2612/987 989/2617/989 953/2560/953
f 3568/2613/3568 3526/2562/3526 3534/2561/3534 3570/2618/3570
f 948/2287/948 968/2303/968 969/2609/969 949/2288/949
f 3549/2304/3549 3529/2290/3529 3530/2289/3530 3550/2610/3550
f 954/2619/954 951/2620/951 959/2587/959 956/2563/956
f 3532/2621/3532 3535/2622/3535 3537/2564/3537 3540/2588/3540
f 951/2620/951 954/2619/954 982/2623/982 983/2624/983
f 3535/2622/3535 3532/2621/3532 3564/2625/3564 3563/2626/3563
f 959/2590/959 951/2627/951 952/2628/952 958/2591/958
f 3532/2629/3532 3540/2593/3540 3539/2596/3539 3533/2630/3533
f 952/2628/952 951/2627/951 983/2631/983 984/2632/984
f 3532/2629/3532 3533/2630/3533 3565/2633/3565 3564/2634/3564
f 955/2635/955 952/2636/952 984/2637/984 977/2638/977
f 3533/2639/3533 3536/2640/3536 3558/2641/3558 3565/2642/3565
f 952/2636/952 955/2635/955 957/2581/957 958/2585/958
f 3536/2640/3536 3533/2639/3533 3539/2586/3539 3538/2584/3538
f 953/2560/953 989/2617/989 954/2619/954 956/2563/956
f 3570/2618/3570 3534/2561/3534 3537/2564/3537 3535/2622/3535
f 954/2619/954 989/2617/989 986/2643/986 982/2623/982
f 3570/2618/3570 3535/2622/3535 3563/2626/3563 3567/2644/3567
f 2411/2645/2411 955/2635/955 977/2638/977 2433/2646/2433
f 3536/2640/3536 4992/2647/4992 5014/2648/5014 3558/2641/3558
f 955/2635/955 2411/2645/2411 2412/2582/2412 957/2581/957
f 4992/2647/4992 3536/2640/3536 3538/2584/3538 4993/2583/4993
f 985/2649/985 960/2650/960 972/2651/972 973/2652/973
f 3541/2653/3541 3566/2654/3566 3554/2655/3554 3553/2656/3553
f 960/2650/960 985/2649/985 962/2611/962 961/2615/961
f 3566/2654/3566 3541/2653/3541 3542/2616/3542 3543/2614/3543
f 965/2657/965 960/2650/960 961/2615/961 967/2305/967
f 3541/2653/3541 3546/2658/3546 3548/2306/3548 3542/2616/3542
f 960/2650/960 965/2657/965 976/2659/976 972/2651/972
f 3546/2658/3546 3541/2653/3541 3553/2656/3553 3557/2660/3557
f 961/2615/961 969/2609/969 968/2303/968 967/2305/967
f 3550/2610/3550 3542/2616/3542 3548/2306/3548 3549/2304/3549
f 987/2612/987 962/2611/962 985/2649/985 988/2661/988
f 3543/2614/3543 3568/2613/3568 3569/2662/3569 3566/2654/3566
f 965/2657/965 963/2147/963 975/2154/975 976/2659/976
f 3544/2150/3544 3546/2658/3546 3557/2660/3557 3556/2155/3556
f 963/2147/963 965/2657/965 967/2305/967 966/2148/966
f 3546/2658/3546 3544/2150/3544 3547/2149/3547 3548/2306/3548
f 970/2663/970 971/2664/971 972/2651/972 976/2659/976
f 3552/2665/3552 3551/2666/3551 3557/2660/3557 3553/2656/3553
f 970/2663/970 976/2659/976 975/2154/975 974/2153/974
f 3557/2660/3557 3551/2666/3551 3555/2156/3555 3556/2155/3556
f 971/2664/971 990/2667/990 973/2652/973 972/2651/972
f 3571/2668/3571 3552/2665/3552 3553/2656/3553 3554/2655/3554
f 973/2652/973 990/2667/990 991/2669/991 998/2670/998
f 3571/2668/3571 3554/2655/3554 3579/2671/3579 3572/2672/3572
f 973/2652/973 998/2670/998 988/2661/988 985/2649/985
f 3579/2671/3579 3554/2655/3554 3566/2654/3566 3569/2662/3569
f 2433/2646/2433 977/2638/977 979/2673/979 2430/2674/2430
f 3558/2641/3558 5014/2648/5014 5011/2675/5011 3560/2676/3560
f 979/2673/979 977/2638/977 984/2637/984 980/2677/980
f 3558/2641/3558 3560/2676/3560 3561/2678/3561 3565/2642/3565
f 993/2679/993 978/2680/978 982/2623/982 986/2643/986
f 3559/2681/3559 3574/2682/3574 3567/2644/3567 3563/2626/3563
f 978/2680/978 993/2679/993 992/2683/992 994/2684/994
f 3574/2682/3574 3559/2681/3559 3575/2685/3575 3573/2686/3573
f 981/2687/981 978/2680/978 994/2684/994 996/2688/996
f 3559/2681/3559 3562/2689/3562 3577/2690/3577 3575/2685/3575
f 978/2680/978 981/2687/981 983/2624/983 982/2623/982
f 3562/2689/3562 3559/2681/3559 3563/2626/3563 3564/2625/3564
f 979/2673/979 980/2677/980 997/2691/997 995/2692/995
f 3561/2678/3561 3560/2676/3560 3576/2693/3576 3578/2694/3578
f 979/2673/979 995/2692/995 2434/2695/2434 2430/2674/2430
f 3576/2693/3576 3560/2676/3560 5011/2675/5011 5015/2696/5015
f 981/2697/981 980/2698/980 984/2632/984 983/2631/983
f 3561/2699/3561 3562/2700/3562 3564/2634/3564 3565/2633/3565
f 980/2698/980 981/2697/981 996/2701/996 997/2702/997
f 3562/2700/3562 3561/2699/3561 3578/2703/3578 3577/2704/3577
f 988/2661/988 986/2643/986 989/2617/989 987/2612/987
f 3567/2644/3567 3569/2662/3569 3568/2613/3568 3570/2618/3570
f 986/2643/986 988/2661/988 998/2670/998 993/2679/993
f 3569/2662/3569 3567/2644/3567 3574/2682/3574 3579/2671/3579
f 991/2669/991 992/2683/992 993/2679/993 998/2670/998
f 3573/2686/3573 3572/2672/3572 3579/2671/3579 3574/2682/3574
f 1004/2387/1004 1003/2477/1003 1007/2705/1007 1005/2391/1005
f 3584/2478/3584 3585/2389/3585 3586/2394/3586 3588/2706/3588
f 1007/2705/1007 1003/2477/1003 1006/2524/1006 1009/2523/1009
f 3584/2478/3584 3588/2706/3588 3590/2528/3590 3587/2527/3587
f 1011/1728/1011 1010/2707/1010 1018/2708/1018 1020/1725/1020
f 3591/2709/3591 3592/1731/3592 3601/1730/3601 3599/2710/3599
f 1010/2707/1010 1011/1728/1011 1012/1475/1012 1177/2711/1177
f 3592/1731/3592 3591/2709/3591 3758/2712/3758 3593/1478/3593
f 1017/2713/1017 1010/2707/1010 1177/2711/1177 1176/2714/1176
f 3591/2709/3591 3598/2715/3598 3757/2716/3757 3758/2712/3758
f 1010/2707/1010 1017/2713/1017 1015/2717/1015 1018/2708/1018
f 3598/2715/3598 3591/2709/3591 3599/2710/3599 3596/2718/3596
f 1177/2711/1177 1012/1475/1012 1178/1467/1178 1170/2719/1170
f 3593/1478/3593 3758/2712/3758 3751/2720/3751 3759/1472/3759
f 1015/2717/1015 1013/2721/1013 1025/2722/1025 1027/2723/1027
f 3594/2724/3594 3596/2718/3596 3608/2725/3608 3606/2726/3606
f 1013/2721/1013 1015/2717/1015 1017/2713/1017 1181/2727/1181
f 3596/2718/3596 3594/2724/3594 3762/2728/3762 3598/2715/3598
f 1025/2729/1025 1013/2730/1013 1014/2731/1014 1033/2732/1033
f 3594/2733/3594 3606/2734/3606 3614/2735/3614 3595/2736/3595
f 1013/2730/1013 1181/2737/1181 1180/2738/1180 1014/2731/1014
f 3762/2739/3762 3594/2733/3594 3595/2736/3595 3761/2740/3761
f 1033/2732/1033 1014/2731/1014 1183/2741/1183 1034/2742/1034
f 3595/2736/3595 3614/2735/3614 3615/2743/3615 3764/2744/3764
f 1183/2741/1183 1014/2731/1014 1180/2738/1180 1184/2745/1184
f 3595/2736/3595 3764/2744/3764 3765/2746/3765 3761/2740/3761
f 1018/2708/1018 1015/2717/1015 1027/2723/1027 1016/2747/1016
f 3596/2718/3596 3599/2710/3599 3597/2748/3597 3608/2725/3608
f 1016/2747/1016 1027/2723/1027 1038/2749/1038 1039/2750/1039
f 3608/2725/3608 3597/2748/3597 3620/2751/3620 3619/2752/3619
f 1018/2708/1018 1016/2747/1016 1019/1709/1019 1020/1725/1020
f 3597/2748/3597 3599/2710/3599 3601/1730/3601 3600/1711/3600
f 1019/1709/1019 1016/2747/1016 1039/2750/1039 1022/1707/1022
f 3597/2748/3597 3600/1711/3600 3603/1710/3603 3620/2751/3620
f 1181/2727/1181 1017/2713/1017 1176/2714/1176 1168/2753/1168
f 3598/2715/3598 3762/2728/3762 3749/2754/3749 3757/2716/3757
f 1036/2755/1036 1021/1670/1021 1022/1707/1022 1039/2750/1039
f 3602/1672/3602 3617/2756/3617 3620/2751/3620 3603/1710/3603
f 1021/1670/1021 1036/2755/1036 1023/2757/1023 1024/1669/1024
f 3617/2756/3617 3602/1672/3602 3605/1671/3605 3604/2758/3604
f 1043/2759/1043 1023/2757/1023 1036/2755/1036 1037/2760/1037
f 3604/2758/3604 3624/2761/3624 3618/2762/3618 3617/2756/3617
f 1026/2763/1026 1025/2729/1025 1033/2732/1033 1030/2764/1030
f 3606/2734/3606 3607/2765/3607 3611/2766/3611 3614/2735/3614
f 1025/2722/1025 1026/2767/1026 1038/2749/1038 1027/2723/1027
f 3607/2768/3607 3606/2726/3606 3608/2725/3608 3619/2752/3619
f 1035/2769/1035 1026/2763/1026 1030/2764/1030 1044/2770/1044
f 3607/2765/3607 3616/2771/3616 3625/2772/3625 3611/2766/3611
f 1026/2767/1026 1035/2773/1035 1037/2760/1037 1038/2749/1038
f 3616/2774/3616 3607/2768/3607 3619/2752/3619 3618/2762/3618
f 2457/2775/2457 1028/2776/1028 1032/2777/1032 2452/2778/2452
f 3609/2779/3609 5038/2780/5038 5033/2781/5033 3613/2782/3613
f 1028/2776/1028 2457/2775/2457 2439/2783/2439 1041/2784/1041
f 5038/2780/5038 3609/2779/3609 3622/2785/3622 5020/2786/5020
f 1029/2787/1029 1028/2788/1028 1041/2789/1041 1031/2790/1031
f 3609/2791/3609 3610/2792/3610 3612/2793/3612 3622/2794/3622
f 1028/2788/1028 1029/2787/1029 1034/2742/1034 1032/2795/1032
f 3610/2792/3610 3609/2791/3609 3613/2796/3613 3615/2743/3615
f 1029/2787/1029 1031/2790/1031 1044/2770/1044 1030/2764/1030
f 3612/2793/3612 3610/2792/3610 3611/2766/3611 3625/2772/3625
f 1029/2787/1029 1030/2764/1030 1033/2732/1033 1034/2742/1034
f 3611/2766/3611 3610/2792/3610 3615/2743/3615 3614/2735/3614
f 1044/2770/1044 1031/2790/1031 1045/2797/1045 1046/2798/1046
f 3612/2793/3612 3625/2772/3625 3627/2799/3627 3626/2800/3626
f 1031/2790/1031 1041/2789/1041 1040/2801/1040 1045/2797/1045
f 3622/2794/3622 3612/2793/3612 3626/2800/3626 3621/2802/3621
f 2452/2778/2452 1032/2777/1032 1182/2803/1182 2448/2804/2448
f 3613/2782/3613 5033/2781/5033 5029/2805/5029 3763/2806/3763
f 1032/2795/1032 1034/2742/1034 1183/2741/1183 1182/2807/1182
f 3615/2743/3615 3613/2796/3613 3763/2808/3763 3764/2744/3764
f 1042/2809/1042 1035/2769/1035 1044/2770/1044 1046/2798/1046
f 3616/2771/3616 3623/2810/3623 3627/2799/3627 3625/2772/3625
f 1035/2773/1035 1042/2811/1042 1043/2759/1043 1037/2760/1037
f 3623/2812/3623 3616/2774/3616 3618/2762/3618 3624/2761/3624
f 1037/2760/1037 1036/2755/1036 1039/2750/1039 1038/2749/1038
f 3617/2756/3617 3618/2762/3618 3619/2752/3619 3620/2751/3620
f 2440/2813/2440 1040/2814/1040 1041/2784/1041 2439/2783/2439
f 3621/2815/3621 5021/2816/5021 5020/2786/5020 3622/2785/3622
f 1047/1623/1047 1051/1629/1051 1052/1991/1052 1053/1989/1053
f 3632/1630/3632 3628/1626/3628 3634/1990/3634 3633/1992/3633
f 1059/2817/1059 1050/2818/1050 1060/2819/1060 1056/2820/1056
f 3631/2821/3631 3640/2822/3640 3637/2823/3637 3641/2824/3641
f 1050/2818/1050 1059/2817/1059 1070/2825/1070 1062/2826/1062
f 3640/2822/3640 3631/2821/3631 3643/2827/3643 3651/2828/3651
f 1060/2819/1060 1050/2818/1050 1052/1991/1052 1051/1629/1051
f 3631/2821/3631 3641/2824/3641 3632/1630/3632 3633/1992/3633
f 1050/2818/1050 1062/2826/1062 1064/1921/1064 1052/1991/1052
f 3643/2827/3643 3631/2821/3631 3633/1992/3633 3645/1922/3645
f 1060/2819/1060 1051/1629/1051 1054/1627/1054 1058/2829/1058
f 3632/1630/3632 3641/2824/3641 3639/2830/3639 3635/1628/3635
f 1058/2829/1058 1054/1627/1054 1219/1423/1219 1218/1425/1218
f 3635/1628/3635 3639/2830/3639 3799/1426/3799 3800/1424/3800
f 1068/2831/1068 1055/2832/1055 1221/2833/1221 1229/2834/1229
f 3636/2835/3636 3649/2836/3649 3810/2837/3810 3802/2838/3802
f 1055/2832/1055 1068/2831/1068 1070/2825/1070 1059/2817/1059
f 3649/2836/3649 3636/2835/3636 3640/2822/3640 3651/2828/3651
f 1055/2832/1055 1059/2817/1059 1056/2820/1056 1057/2839/1057
f 3640/2822/3640 3636/2835/3636 3638/2840/3638 3637/2823/3637
f 1055/2832/1055 1057/2839/1057 1222/2841/1222 1221/2833/1221
f 3638/2840/3638 3636/2835/3636 3802/2838/3802 3803/2842/3803
f 1056/2820/1056 1060/2819/1060 1058/2829/1058 1057/2839/1057
f 3641/2824/3641 3637/2823/3637 3638/2840/3638 3639/2830/3639
f 1057/2839/1057 1058/2829/1058 1218/1425/1218 1222/2841/1222
f 3639/2830/3639 3638/2840/3638 3803/2842/3803 3799/1426/3799
f 1062/2826/1062 1061/2843/1061 1063/1908/1063 1064/1921/1064
f 3642/2844/3642 3643/2827/3643 3645/1922/3645 3644/1910/3644
f 1061/2843/1061 1062/2826/1062 1070/2825/1070 1069/2845/1069
f 3643/2827/3643 3642/2844/3642 3650/2846/3650 3651/2828/3651
f 1065/2847/1065 1061/2843/1061 1069/2845/1069 1072/2848/1072
f 3642/2844/3642 3646/2849/3646 3653/2850/3653 3650/2846/3650
f 1061/2843/1061 1065/2847/1065 1066/1907/1066 1063/1908/1063
f 3646/2849/3646 3642/2844/3642 3644/1910/3644 3647/1909/3647
f 1228/2851/1228 1067/2852/1067 1068/2831/1068 1229/2834/1229
f 3648/2853/3648 3809/2854/3809 3810/2837/3810 3649/2836/3649
f 1067/2852/1067 1228/2851/1228 1231/2855/1231 1071/2856/1071
f 3809/2854/3809 3648/2853/3648 3652/2857/3652 3812/2858/3812
f 1068/2831/1068 1067/2852/1067 1069/2845/1069 1070/2825/1070
f 3648/2853/3648 3649/2836/3649 3651/2828/3651 3650/2846/3650
f 1067/2852/1067 1071/2856/1071 1072/2848/1072 1069/2845/1069
f 3652/2857/3652 3648/2853/3648 3650/2846/3650 3653/2850/3653
f 1074/1560/1074 1073/2859/1073 1091/2860/1091 1088/1559/1088
f 3654/2861/3654 3655/1562/3655 3669/1561/3669 3672/2862/3672
f 1073/2859/1073 1074/1560/1074 1081/1807/1081 1080/1841/1080
f 3655/1562/3655 3654/2861/3654 3661/1842/3661 3662/1810/3662
f 1073/2859/1073 1080/1841/1080 1079/2863/1079 1090/2864/1090
f 3661/1842/3661 3654/2861/3654 3671/2865/3671 3660/2866/3660
f 1073/2859/1073 1090/2864/1090 1089/2867/1089 1091/2860/1091
f 3671/2865/3671 3654/2861/3654 3672/2862/3672 3670/2868/3670
f 1074/1560/1074 1075/1557/1075 1076/1808/1076 1081/1807/1081
f 3656/1558/3656 3655/1562/3655 3662/1810/3662 3657/1809/3657
f 1094/2869/1094 1079/2863/1079 1102/1805/1102 1098/2870/1098
f 3660/2866/3660 3675/2871/3675 3679/2872/3679 3683/1806/3683
f 1079/2863/1079 1094/2869/1094 1096/2873/1096 1090/2864/1090
f 3675/2871/3675 3660/2866/3660 3671/2865/3671 3677/2874/3677
f 1079/2863/1079 1080/1841/1080 1082/1803/1082 1102/1805/1102
f 3661/1842/3661 3660/2866/3660 3683/1806/3683 3663/1804/3663
f 1084/2875/1084 1083/2876/1083 1242/2877/1242 1243/2878/1243
f 3664/2879/3664 3665/2880/3665 3824/2881/3824 3823/2882/3823
f 1083/2876/1083 1084/2875/1084 1096/2873/1096 1095/2883/1095
f 3665/2880/3665 3664/2879/3664 3676/2884/3676 3677/2874/3677
f 1092/2885/1092 1083/2876/1083 1095/2883/1095 1109/2886/1109
f 3664/2879/3664 3673/2887/3673 3690/2888/3690 3676/2884/3676
f 1083/2876/1083 1092/2885/1092 1241/2889/1241 1242/2877/1242
f 3673/2887/3673 3664/2879/3664 3823/2882/3823 3822/2890/3822
f 1089/2867/1089 1084/2875/1084 1243/2878/1243 1087/1307/1087
f 3665/2880/3665 3670/2868/3670 3668/1308/3668 3824/2881/3824
f 1084/2875/1084 1089/2867/1089 1090/2864/1090 1096/2873/1096
f 3670/2868/3670 3665/2880/3665 3677/2874/3677 3671/2865/3671
f 1085/1305/1085 1086/1298/1086 1088/1559/1088 1091/2860/1091
f 3667/1299/3667 3666/1306/3666 3672/2862/3672 3669/1561/3669
f 1087/1307/1087 1085/1305/1085 1091/2860/1091 1089/2867/1089
f 3666/1306/3666 3668/1308/3668 3670/2868/3670 3672/2862/3672
f 1087/1307/1087 1243/2878/1243 1240/1275/1240 1239/1273/1239
f 3824/2881/3824 3668/1308/3668 3820/1274/3820 3821/1276/3821
f 1257/2891/1257 1092/2885/1092 1109/2886/1109 1108/2892/1108
f 3673/2887/3673 3838/2893/3838 3689/2894/3689 3690/2888/3690
f 1092/2885/1092 1257/2891/1257 1256/2895/1256 1241/2889/1241
f 3838/2893/3838 3673/2887/3673 3822/2890/3822 3837/2896/3837
f 1094/2869/1094 1093/2897/1093 1095/2883/1095 1096/2873/1096
f 3674/2898/3674 3675/2871/3675 3677/2874/3677 3676/2884/3676
f 1093/2897/1093 1094/2869/1094 1098/2870/1098 1097/2899/1097
f 3675/2871/3675 3674/2898/3674 3678/2900/3678 3679/2872/3679
f 1111/2901/1111 1093/2897/1093 1097/2899/1097 1113/2902/1113
f 3674/2898/3674 3692/2903/3692 3694/2904/3694 3678/2900/3678
f 1093/2897/1093 1111/2901/1111 1109/2886/1109 1095/2883/1095
f 3692/2903/3692 3674/2898/3674 3676/2884/3676 3690/2888/3690
f 1113/2902/1113 1097/2899/1097 1099/2905/1099 1115/2906/1115
f 3678/2900/3678 3694/2904/3694 3696/2907/3696 3680/2908/3680
f 1097/2899/1097 1098/2870/1098 1100/2909/1100 1099/2905/1099
f 3679/2872/3679 3678/2900/3678 3680/2908/3680 3681/2910/3681
f 1098/2870/1098 1102/1805/1102 1101/1788/1101 1100/2909/1100
f 3683/1806/3683 3679/2872/3679 3681/2910/3681 3682/1789/3682
f 1115/2906/1115 1099/2905/1099 1103/2911/1103 1116/2912/1116
f 3680/2908/3680 3696/2907/3696 3697/2913/3697 3684/2914/3684
f 1099/2905/1099 1100/2909/1100 1104/2915/1104 1103/2911/1103
f 3681/2910/3681 3680/2908/3680 3684/2914/3684 3685/2916/3685
f 1100/2909/1100 1101/1788/1101 1105/1787/1105 1104/2915/1104
f 3682/1789/3682 3681/2910/3681 3685/2916/3685 3686/1790/3686
f 1254/2917/1254 1106/2918/1106 1107/2919/1107 1255/2920/1255
f 3687/2921/3687 3835/2922/3835 3836/2923/3836 3688/2924/3688
f 1106/2918/1106 1254/2917/1254 1248/2925/1248 1252/2926/1252
f 3835/2922/3835 3687/2921/3687 3833/2927/3833 3829/2928/3829
f 1257/2891/1257 1106/2918/1106 1252/2926/1252 1256/2895/1256
f 3687/2921/3687 3838/2893/3838 3837/2896/3837 3833/2927/3833
f 1106/2918/1106 1257/2891/1257 1108/2892/1108 1107/2919/1107
f 3838/2893/3838 3687/2921/3687 3688/2924/3688 3689/2894/3689
f 1255/2920/1255 1107/2919/1107 1122/2929/1122 1121/2930/1121
f 3688/2924/3688 3836/2923/3836 3702/2931/3702 3703/2932/3703
f 1107/2919/1107 1108/2892/1108 1110/2933/1110 1122/2929/1122
f 3689/2894/3689 3688/2924/3688 3703/2932/3703 3691/2934/3691
f 1108/2892/1108 1109/2886/1109 1111/2901/1111 1110/2933/1110
f 3690/2888/3690 3689/2894/3689 3691/2934/3691 3692/2903/3692
f 1122/2929/1122 1110/2933/1110 1124/2935/1124 1123/2936/1123
f 3691/2934/3691 3703/2932/3703 3704/2937/3704 3705/2938/3705
f 1110/2933/1110 1111/2901/1111 1113/2902/1113 1124/2935/1124
f 3692/2903/3692 3691/2934/3691 3705/2938/3705 3694/2904/3694
f 1132/2939/1132 1112/2940/1112 1114/2941/1114 1131/2942/1131
f 3693/2943/3693 3713/2944/3713 3712/2945/3712 3695/2946/3695
f 1112/2940/1112 1132/2939/1132 1123/2936/1123 1124/2935/1124
f 3713/2944/3713 3693/2943/3693 3705/2938/3705 3704/2937/3704
f 1114/2941/1114 1112/2940/1112 1115/2906/1115 1116/2912/1116
f 3693/2943/3693 3695/2946/3695 3697/2913/3697 3696/2907/3696
f 1112/2940/1112 1124/2935/1124 1113/2902/1113 1115/2906/1115
f 3705/2938/3705 3693/2943/3693 3696/2907/3696 3694/2904/3694
f 1118/2947/1118 1117/2948/1117 1284/2949/1284 1119/2950/1119
f 3698/2951/3698 3699/2952/3699 3700/2953/3700 3865/2954/3865
f 1117/2948/1117 1118/2947/1118 1129/2955/1129 1128/2956/1128
f 3699/2952/3699 3698/2951/3698 3709/2957/3709 3710/2958/3710
f 1284/2949/1284 1117/2948/1117 1310/2959/1310 1283/2960/1283
f 3698/2951/3698 3865/2954/3865 3864/2961/3864 3891/2962/3891
f 1310/2959/1310 1117/2948/1117 1128/2956/1128 1127/2963/1127
f 3698/2951/3698 3891/2962/3891 3708/2964/3708 3709/2957/3709
f 1129/2955/1129 1118/2947/1118 1120/2965/1120 1130/2966/1130
f 3699/2952/3699 3710/2958/3710 3711/2967/3711 3701/2968/3701
f 1120/2965/1120 1118/2947/1118 1119/2950/1119 1121/2930/1121
f 3699/2952/3699 3701/2968/3701 3702/2931/3702 3700/2953/3700
f 1121/2930/1121 1119/2950/1119 1288/2969/1288 1255/2920/1255
f 3700/2953/3700 3702/2931/3702 3836/2923/3836 3869/2970/3869
f 1119/2950/1119 1284/2949/1284 1285/2971/1285 1288/2969/1288
f 3865/2954/3865 3700/2953/3700 3869/2970/3869 3866/2972/3866
f 1123/2936/1123 1120/2965/1120 1121/2930/1121 1122/2929/1122
f 3701/2968/3701 3704/2937/3704 3703/2932/3703 3702/2931/3702
f 1120/2965/1120 1123/2936/1123 1132/2939/1132 1130/2966/1130
f 3704/2937/3704 3701/2968/3701 3711/2967/3711 3713/2944/3713
f 1126/2973/1126 1125/2974/1125 1308/2975/1308 1127/2963/1127
f 3706/2976/3706 3707/2977/3707 3708/2964/3708 3889/2978/3889
f 1125/2974/1125 1306/2979/1306 1307/2980/1307 1308/2975/1308
f 3887/2981/3887 3706/2976/3706 3889/2978/3889 3888/2982/3888
f 1126/2973/1126 1127/2963/1127 1128/2956/1128 2578/2983/2578
f 3708/2964/3708 3707/2977/3707 5159/2984/5159 3709/2957/3709
f 1127/2963/1127 1308/2975/1308 1309/2985/1309 1310/2959/1310
f 3889/2978/3889 3708/2964/3708 3891/2962/3891 3890/2986/3890
f 2578/2983/2578 1128/2956/1128 1129/2955/1129 2579/2987/2579
f 3709/2957/3709 5159/2984/5159 5160/2988/5160 3710/2958/3710
f 1129/2955/1129 1130/2966/1130 2580/2989/2580 2579/2987/2579
f 3711/2967/3711 3710/2958/3710 5160/2988/5160 5161/2990/5161
f 1130/2966/1130 1132/2939/1132 1131/2942/1131 2580/2989/2580
f 3713/2944/3713 3711/2967/3711 5161/2990/5161 3712/2945/3712
f 1573/2991/1573 1133/2992/1133 1191/2993/1191 1185/2994/1185
f 3714/2995/3714 4154/2996/4154 3766/2997/3766 3772/2998/3772
f 1133/2992/1133 1573/2991/1573 1571/2999/1571 1139/3000/1139
f 4154/2996/4154 3714/2995/3714 3720/3001/3720 4152/3002/4152
f 1141/3003/1141 1133/2992/1133 1139/3000/1139 1140/3004/1140
f 3714/2995/3714 3722/3005/3722 3721/3006/3721 3720/3001/3720
f 1133/2992/1133 1141/3003/1141 1215/3007/1215 1191/2993/1191
f 3722/3005/3722 3714/2995/3714 3772/2998/3772 3796/3008/3796
f 1135/3009/1135 1134/3010/1134 1210/3011/1210 1212/3012/1212
f 3715/3013/3715 3716/3014/3716 3793/3015/3793 3791/3016/3791
f 1134/3010/1134 1135/3009/1135 1153/3017/1153 1152/3018/1152
f 3716/3014/3716 3715/3013/3715 3733/3019/3733 3734/3020/3734
f 1144/3021/1144 1135/3009/1135 1212/3012/1212 1206/3022/1206
f 3716/3014/3716 3725/3023/3725 3787/3024/3787 3793/3015/3793
f 1135/3009/1135 1144/3021/1144 1154/3025/1154 1153/3017/1153
f 3725/3023/3725 3716/3014/3716 3734/3020/3734 3735/3026/3735
f 1137/3027/1137 1136/3028/1136 1616/3029/1616 1636/3030/1636
f 3717/3031/3717 3718/3032/3718 4217/3033/4217 4197/3034/4197
f 1136/3028/1136 1137/3027/1137 1142/3035/1142 1138/3036/1138
f 3718/3032/3718 3717/3031/3717 3719/3037/3719 3723/3038/3723
f 1617/3039/1617 1136/3028/1136 1138/3036/1138 1140/3004/1140
f 3717/3031/3717 4198/3040/4198 3721/3006/3721 3719/3037/3719
f 1136/3028/1136 1617/3039/1617 1614/3041/1614 1616/3029/1616
f 4198/3040/4198 3717/3031/3717 4197/3034/4197 4195/3042/4195
f 1151/3043/1151 1137/3027/1137 1636/3030/1636 1149/3044/1149
f 3718/3032/3718 3732/3045/3732 3730/3046/3730 4217/3033/4217
f 1137/3027/1137 1151/3043/1151 1154/3025/1154 1142/3035/1142
f 3732/3045/3732 3718/3032/3718 3723/3038/3723 3735/3026/3735
f 1140/3004/1140 1138/3036/1138 1145/3047/1145 1141/3003/1141
f 3719/3037/3719 3721/3006/3721 3722/3005/3722 3726/3048/3726
f 1138/3036/1138 1142/3035/1142 1143/3049/1143 1145/3047/1145
f 3723/3038/3723 3719/3037/3719 3726/3048/3726 3724/3050/3724
f 1140/3004/1140 1139/3000/1139 1619/3051/1619 1617/3039/1617
f 3720/3001/3720 3721/3006/3721 4198/3040/4198 4200/3052/4200
f 1139/3000/1139 1571/2999/1571 1618/3053/1618 1619/3051/1619
f 4152/3002/4152 3720/3001/3720 4200/3052/4200 4199/3054/4199
f 1141/3003/1141 1145/3047/1145 1216/3055/1216 1215/3007/1215
f 3726/3048/3726 3722/3005/3722 3796/3008/3796 3797/3056/3797
f 1142/3035/1142 1154/3025/1154 1144/3021/1144 1143/3049/1143
f 3735/3026/3735 3723/3038/3723 3724/3050/3724 3725/3023/3725
f 1143/3049/1143 1144/3021/1144 1206/3022/1206 1214/3057/1214
f 3725/3023/3725 3724/3050/3724 3795/3058/3795 3787/3024/3787
f 1145/3047/1145 1143/3049/1143 1214/3057/1214 1216/3055/1216
f 3724/3050/3724 3726/3048/3726 3797/3056/3797 3795/3058/3795
f 1147/3059/1147 1146/3060/1146 1148/3061/1148 1150/3062/1150
f 3727/3063/3727 3728/3064/3728 3731/3065/3731 3729/3066/3729
f 1146/3060/1146 1147/3059/1147 1633/3067/1633 1632/3068/1632
f 3728/3064/3728 3727/3063/3727 4213/3069/4213 4214/3070/4214
f 1149/3044/1149 1147/3059/1147 1150/3062/1150 1151/3043/1151
f 3728/3064/3728 3730/3046/3730 3732/3045/3732 3731/3065/3731
f 1147/3059/1147 1149/3044/1149 1635/3071/1635 1633/3067/1633
f 3730/3046/3730 3728/3064/3728 4214/3070/4214 4216/3072/4216
f 1150/3062/1150 1148/3061/1148 1152/3018/1152 1153/3017/1153
f 3729/3066/3729 3731/3065/3731 3734/3020/3734 3733/3019/3733
f 1635/3071/1635 1149/3044/1149 1636/3030/1636 1634/3073/1634
f 3730/3046/3730 4216/3072/4216 4215/3074/4215 4217/3033/4217
f 1151/3043/1151 1150/3062/1150 1153/3017/1153 1154/3025/1154
f 3731/3065/3731 3732/3045/3732 3735/3026/3735 3734/3020/3734
f 1156/3075/1156 1155/1470/1155 1166/1509/1166 1164/3076/1164
f 3736/1473/3736 3737/3077/3737 3745/3078/3745 3747/1512/3747
f 1155/1470/1155 1156/3075/1156 1170/2719/1170 1178/1467/1178
f 3737/3077/3737 3736/1473/3736 3759/1472/3759 3751/2720/3751
f 1165/3079/1165 1156/3075/1156 1164/3076/1164 1163/3080/1163
f 3737/3077/3737 3746/3081/3746 3744/3082/3744 3745/3078/3745
f 1156/3075/1156 1165/3079/1165 1171/3083/1171 1170/2719/1170
f 3746/3081/3746 3737/3077/3737 3751/2720/3751 3752/3084/3752
f 1163/3080/1163 1158/3085/1158 1200/3086/1200 1165/3079/1165
f 3739/3087/3739 3744/3082/3744 3746/3081/3746 3781/3088/3781
f 1158/3085/1158 1163/3080/1163 1162/3089/1162 1688/3090/1688
f 3744/3082/3744 3739/3087/3739 4269/3091/4269 3743/3092/3743
f 1158/3093/1158 1688/3094/1688 1687/3095/1687 1159/3096/1159
f 4269/3097/4269 3739/3098/3739 3740/3099/3740 4268/3100/4268
f 1200/3101/1200 1158/3093/1158 1159/3096/1159 1199/3102/1199
f 3739/3098/3739 3781/3103/3781 3780/3104/3780 3740/3099/3740
f 1197/3105/1197 1159/3096/1159 1687/3095/1687 1692/3106/1692
f 3740/3099/3740 3778/3107/3778 4273/3108/4273 4268/3100/4268
f 1159/3096/1159 1197/3105/1197 1202/3109/1202 1199/3102/1199
f 3778/3107/3778 3740/3099/3740 3780/3104/3780 3783/3110/3783
f 1161/3111/1161 1160/1020/1160 1681/1019/1681 1682/3112/1682
f 3741/1021/3741 3742/3113/3742 4263/3114/4263 4262/1022/4262
f 1160/1020/1160 1161/3111/1161 1164/3076/1164 1166/1509/1166
f 3742/3113/3742 3741/1021/3741 3747/1512/3747 3745/3078/3745
f 1162/3089/1162 1161/3111/1161 1682/3112/1682 1689/3115/1689
f 3742/3113/3742 3743/3092/3743 4270/3116/4270 4263/3114/4263
f 1161/3111/1161 1162/3089/1162 1163/3080/1163 1164/3076/1164
f 3743/3092/3743 3742/3113/3742 3745/3078/3745 3744/3082/3744
f 1688/3090/1688 1162/3089/1162 1689/3115/1689 1690/3117/1690
f 3743/3092/3743 4269/3091/4269 4271/3118/4271 4270/3116/4270
f 1165/3079/1165 1200/3086/1200 1169/3119/1169 1171/3083/1171
f 3781/3088/3781 3746/3081/3746 3752/3084/3752 3750/3120/3750
f 1173/3121/1173 1167/3122/1167 1199/3102/1199 1202/3109/1202
f 3748/3123/3748 3754/3124/3754 3783/3110/3783 3780/3104/3780
f 1167/3125/1167 1173/3126/1173 1174/3127/1174 1175/3128/1175
f 3754/3129/3754 3748/3130/3748 3756/3131/3756 3755/3132/3755
f 1167/3125/1167 1175/3128/1175 1168/3133/1168 1169/3134/1169
f 3756/3131/3756 3748/3130/3748 3750/3135/3750 3749/3136/3749
f 1167/3122/1167 1169/3137/1169 1200/3101/1200 1199/3102/1199
f 3750/3138/3750 3748/3123/3748 3780/3104/3780 3781/3103/3781
f 1168/2753/1168 1176/2714/1176 1171/3083/1171 1169/3119/1169
f 3757/2716/3757 3749/2754/3749 3750/3120/3750 3752/3084/3752
f 1181/2737/1181 1168/3133/1168 1175/3128/1175 1180/2738/1180
f 3749/3136/3749 3762/2739/3762 3761/2740/3761 3756/3131/3756
f 1170/2719/1170 1171/3083/1171 1176/2714/1176 1177/2711/1177
f 3752/3084/3752 3751/2720/3751 3758/2712/3758 3757/2716/3757
f 1173/3126/1173 1172/3139/1172 1179/3140/1179 1174/3127/1174
f 3753/3141/3753 3754/3129/3754 3755/3132/3755 3760/3142/3760
f 1172/3143/1172 1173/3121/1173 1202/3109/1202 1201/3144/1201
f 3754/3124/3754 3753/3145/3753 3782/3146/3782 3783/3110/3783
f 2476/3147/2476 1172/3148/1172 1201/3149/1201 2475/3150/2475
f 3753/3151/3753 5057/3152/5057 5056/3153/5056 3782/3154/3782
f 1172/3148/1172 2476/3147/2476 2469/3155/2469 1179/3156/1179
f 5057/3152/5057 3753/3151/3753 3760/3157/3760 5050/3158/5050
f 1175/3128/1175 1174/3127/1174 1184/2745/1184 1180/2738/1180
f 3755/3132/3755 3756/3131/3756 3761/2740/3761 3765/2746/3765
f 1174/3127/1174 1179/3140/1179 2447/3159/2447 1184/2745/1184
f 3760/3142/3760 3755/3132/3755 3765/2746/3765 5028/3160/5028
f 1179/3156/1179 2469/3155/2469 2473/3161/2473 2447/3162/2447
f 5050/3158/5050 3760/3157/3760 5028/3163/5028 5054/3164/5054
f 1182/2807/1182 1183/2741/1183 1184/2745/1184 2447/3159/2447
f 3764/2744/3764 3763/2808/3763 5028/3160/5028 3765/2746/3765
f 2448/2804/2448 1182/2803/1182 2447/3162/2447 2473/3161/2473
f 3763/2806/3763 5029/2805/5029 5054/3164/5054 5028/3163/5028
f 1185/2994/1185 1191/2993/1191 1192/3165/1192 1189/3166/1189
f 3772/2998/3772 3766/2997/3766 3770/3167/3770 3773/3168/3773
f 1185/2994/1185 1189/3166/1189 1186/3169/1186 1713/3170/1713
f 3770/3167/3770 3766/2997/3766 4294/3171/4294 3767/3172/3767
f 1185/2994/1185 1713/3170/1713 1572/3173/1572 1573/2991/1573
f 4294/3171/4294 3766/2997/3766 4154/2996/4154 4153/3174/4153
f 1187/3175/1187 1186/3169/1186 1189/3166/1189 1188/3176/1188
f 3767/3172/3767 3768/3177/3768 3769/3178/3769 3770/3167/3770
f 1186/3169/1186 1187/3175/1187 2486/3179/2486 1712/3180/1712
f 3768/3177/3768 3767/3172/3767 4293/3181/4293 5067/3182/5067
f 1713/3170/1713 1186/3169/1186 1712/3180/1712 1569/3183/1569
f 3767/3172/3767 4294/3171/4294 4150/3184/4150 4293/3181/4293
f 1187/3175/1187 1188/3176/1188 2474/3185/2474 2481/3186/2481
f 3769/3178/3769 3768/3177/3768 5062/3187/5062 5055/3188/5055
f 1187/3175/1187 2481/3186/2481 2487/3189/2487 2486/3179/2486
f 5062/3187/5062 3768/3177/3768 5067/3182/5067 5068/3190/5068
f 1193/3191/1193 1188/3176/1188 1189/3166/1189 1192/3165/1192
f 3769/3178/3769 3774/3192/3774 3773/3168/3773 3770/3167/3770
f 1188/3176/1188 1193/3191/1193 1194/3193/1194 2474/3185/2474
f 3774/3192/3774 3769/3178/3769 5055/3188/5055 3775/3194/3775
f 2470/3195/2470 1190/3196/1190 1194/3197/1194 2463/3198/2463
f 3771/3199/3771 5051/3200/5051 5044/3201/5044 3775/3202/3775
f 1190/3196/1190 2470/3195/2470 2471/3203/2471 2480/3204/2480
f 5051/3200/5051 3771/3199/3771 5061/3205/5061 5052/3206/5052
f 1190/3207/1190 2480/3208/2480 2477/3209/2477 2478/3210/2478
f 5061/3211/5061 3771/3212/3771 5059/3213/5059 5058/3214/5058
f 1190/3196/1190 2478/3215/2478 2474/3216/2474 1194/3197/1194
f 5059/3217/5059 3771/3199/3771 3775/3202/3775 5055/3218/5055
f 1191/2993/1191 1215/3007/1215 1195/3219/1195 1192/3165/1192
f 3796/3008/3796 3772/2998/3772 3773/3168/3773 3776/3220/3776
f 1192/3165/1192 1195/3219/1195 1196/3221/1196 1193/3191/1193
f 3776/3220/3776 3773/3168/3773 3774/3192/3774 3777/3222/3777
f 1194/3193/1194 1193/3191/1193 1196/3221/1196 2463/3223/2463
f 3774/3192/3774 3775/3194/3775 5044/3224/5044 3777/3222/3777
f 2464/3225/2464 1195/3219/1195 1215/3007/1215 1216/3055/1216
f 3776/3220/3776 5045/3226/5045 3797/3056/3797 3796/3008/3796
f 1195/3219/1195 2464/3225/2464 2465/3227/2465 1196/3221/1196
f 5045/3226/5045 3776/3220/3776 3777/3222/3777 5046/3228/5046
f 1196/3221/1196 2465/3227/2465 2466/3229/2466 2463/3223/2463
f 5046/3228/5046 3777/3222/3777 5044/3224/5044 5047/3230/5047
f 1198/3231/1198 1197/3105/1197 1692/3106/1692 1691/3232/1691
f 3778/3107/3778 3779/3233/3779 4272/3234/4272 4273/3108/4273
f 1197/3105/1197 1198/3231/1198 1201/3144/1201 1202/3109/1202
f 3779/3233/3779 3778/3107/3778 3783/3110/3783 3782/3146/3782
f 2482/3235/2482 1198/3236/1198 1691/3237/1691 2489/3238/2489
f 3779/3239/3779 5063/3240/5063 5070/3241/5070 4272/3242/4272
f 1198/3236/1198 2482/3235/2482 2475/3150/2475 1201/3149/1201
f 5063/3240/5063 3779/3239/3779 3782/3154/3782 5056/3153/5056
f 2466/3243/2466 1203/3244/1203 2470/3195/2470 2463/3198/2463
f 3784/3245/3784 5047/3246/5047 5044/3201/5044 5051/3200/5051
f 1203/3244/1203 2466/3243/2466 2467/3247/2467 2450/3248/2450
f 5047/3246/5047 3784/3245/3784 5031/3249/5031 5048/3250/5048
f 1204/3251/1204 1203/3244/1203 2450/3248/2450 2449/3252/2449
f 3784/3245/3784 3785/3253/3785 5030/3254/5030 5031/3249/5031
f 1203/3244/1203 1204/3251/1204 2471/3203/2471 2470/3195/2470
f 3785/3253/3785 3784/3245/3784 5051/3200/5051 5052/3206/5052
f 2471/3255/2471 1204/3256/1204 1205/3257/1205 2472/3258/2472
f 3785/3259/3785 5052/3260/5052 5053/3261/5053 3786/3262/3786
f 1205/3257/1205 1204/3256/1204 2449/3263/2449 2451/3264/2451
f 3785/3259/3785 3786/3262/3786 5032/3265/5032 5030/3266/5030
f 2472/3258/2472 1205/3257/1205 2448/2804/2448 2473/3161/2473
f 3786/3262/3786 5053/3261/5053 5054/3164/5054 5029/2805/5029
f 2448/2804/2448 1205/3257/1205 2451/3264/2451 2452/2778/2452
f 3786/3262/3786 5029/2805/5029 5033/2781/5033 5032/3265/5032
f 1206/3022/1206 1212/3012/1212 1213/3267/1213 1208/3268/1208
f 3793/3015/3793 3787/3024/3787 3789/3269/3789 3794/3270/3794
f 1214/3057/1214 1206/3022/1206 1208/3268/1208 1207/3271/1207
f 3787/3024/3787 3795/3058/3795 3788/3272/3788 3789/3269/3789
f 1209/3273/1209 1207/3271/1207 1208/3268/1208 2441/3274/2441
f 3788/3272/3788 3790/3275/3790 5022/3276/5022 3789/3269/3789
f 1207/3271/1207 1209/3273/1209 2465/3227/2465 2464/3225/2464
f 3790/3275/3790 3788/3272/3788 5045/3226/5045 5046/3228/5046
f 1214/3057/1214 1207/3271/1207 2464/3225/2464 1216/3055/1216
f 3788/3272/3788 3795/3058/3795 3797/3056/3797 5045/3226/5045
f 2441/3274/2441 1208/3268/1208 1213/3267/1213 2443/3277/2443
f 3789/3269/3789 5022/3276/5022 5024/3278/5024 3794/3270/3794
f 2467/3279/2467 1209/3273/1209 2441/3274/2441 2442/3280/2442
f 3790/3275/3790 5048/3281/5048 5023/3282/5023 5022/3276/5022
f 1209/3273/1209 2467/3279/2467 2466/3229/2466 2465/3227/2465
f 5048/3281/5048 3790/3275/3790 5046/3228/5046 5047/3230/5047
f 1212/3012/1212 1210/3011/1210 1211/3283/1211 1213/3267/1213
f 3791/3016/3791 3793/3015/3793 3794/3270/3794 3792/3284/3792
f 1211/3283/1211 2445/3285/2445 2443/3277/2443 1213/3267/1213
f 5026/3286/5026 3792/3284/3792 3794/3270/3794 5024/3278/5024
f 1218/1425/1218 1217/1389/1217 1225/3287/1225 1222/2841/1222
f 3798/1390/3798 3799/1426/3799 3803/2842/3803 3806/3288/3806
f 1225/3287/1225 1217/1389/1217 1224/539/1224 1223/3289/1223
f 3798/1390/3798 3806/3288/3806 3804/3290/3804 3805/540/3805
f 1221/2833/1221 1220/3291/1220 1227/3292/1227 1229/2834/1229
f 3801/3293/3801 3802/2838/3802 3810/2837/3810 3808/3294/3808
f 1220/3291/1220 1221/2833/1221 1222/2841/1222 1225/3287/1225
f 3802/2838/3802 3801/3293/3801 3806/3288/3806 3803/2842/3803
f 1226/3295/1226 1220/3291/1220 1225/3287/1225 1223/3289/1223
f 3801/3293/3801 3807/3296/3807 3804/3290/3804 3806/3288/3806
f 1220/3291/1220 1226/3295/1226 1234/3297/1234 1227/3292/1227
f 3807/3296/3807 3801/3293/3801 3808/3294/3808 3815/3298/3815
f 1721/3299/1721 1223/3289/1223 1224/539/1224 1722/515/1722
f 3804/3290/3804 4302/3300/4302 4303/516/4303 3805/540/3805
f 1223/3289/1223 1721/3299/1721 1724/3301/1724 1226/3295/1226
f 4302/3300/4302 3804/3290/3804 3807/3296/3807 4305/3302/4305
f 1226/3295/1226 1724/3301/1724 1733/3303/1733 1234/3297/1234
f 4305/3302/4305 3807/3296/3807 3815/3298/3815 4314/3304/4314
f 1235/3305/1235 1227/3292/1227 1234/3297/1234 1233/3306/1233
f 3808/3294/3808 3816/3307/3816 3814/3308/3814 3815/3298/3815
f 1227/3292/1227 1235/3305/1235 1228/2851/1228 1229/2834/1229
f 3816/3307/3816 3808/3294/3808 3810/2837/3810 3809/2854/3809
f 1231/2855/1231 1228/2851/1228 1235/3305/1235 1230/3309/1230
f 3809/2854/3809 3812/2858/3812 3811/3310/3811 3816/3307/3816
f 1236/3311/1236 1230/3309/1230 1235/3305/1235 1233/3306/1233
f 3811/3310/3811 3817/3312/3817 3814/3308/3814 3816/3307/3816
f 1733/3303/1733 1232/3313/1232 1233/3306/1233 1234/3297/1234
f 3813/3314/3813 4314/3304/4314 3815/3298/3815 3814/3308/3814
f 1232/3313/1232 1733/3303/1733 1732/3315/1732 1731/3316/1731
f 4314/3304/4314 3813/3314/3813 4312/3317/4312 4313/3318/4313
f 1232/3313/1232 1731/3316/1731 1734/3319/1734 1736/3320/1736
f 4312/3317/4312 3813/3314/3813 4317/3321/4317 4315/3322/4315
f 1232/3313/1232 1736/3320/1736 1236/3311/1236 1233/3306/1233
f 4317/3321/4317 3813/3314/3813 3814/3308/3814 3817/3312/3817
f 1238/3323/1238 1237/3324/1237 1262/3325/1262 1244/3326/1244
f 3818/3327/3818 3819/3328/3819 3825/3329/3825 3843/3330/3843
f 1237/3324/1237 1238/3323/1238 1242/2877/1242 1241/2889/1241
f 3819/3328/3819 3818/3327/3818 3822/2890/3822 3823/2882/3823
f 1263/3331/1263 1237/3324/1237 1241/2889/1241 1256/2895/1256
f 3818/3327/3818 3844/3332/3844 3837/2896/3837 3822/2890/3822
f 1237/3324/1237 1263/3331/1263 1261/3333/1261 1262/3325/1262
f 3844/3332/3844 3818/3327/3818 3843/3330/3843 3842/3334/3842
f 1240/1275/1240 1238/3323/1238 1244/3326/1244 1245/1268/1245
f 3819/3328/3819 3821/1276/3821 3826/1270/3826 3825/3329/3825
f 1238/3323/1238 1240/1275/1240 1243/2878/1243 1242/2877/1242
f 3821/1276/3821 3819/3328/3819 3823/2882/3823 3824/2881/3824
f 1245/1268/1245 1244/3326/1244 1746/3335/1746 1744/1267/1744
f 3825/3329/3825 3826/1270/3826 4325/1269/4325 4327/3336/4327
f 1244/3326/1244 1262/3325/1262 1745/3337/1745 1746/3335/1746
f 3843/3330/3843 3825/3329/3825 4327/3336/4327 4326/3338/4326
f 1253/3339/1253 1246/3340/1246 1282/3341/1282 1274/3342/1274
f 3827/3343/3827 3834/3344/3834 3855/3345/3855 3863/3346/3863
f 1246/3340/1246 1253/3339/1253 1247/3347/1247 1287/3348/1287
f 3834/3344/3834 3827/3343/3827 3868/3349/3868 3828/3350/3828
f 1285/2971/1285 1246/3340/1246 1287/3348/1287 1288/2969/1288
f 3827/3343/3827 3866/2972/3866 3869/2970/3869 3868/3349/3868
f 1246/3340/1246 1285/2971/1285 1286/3351/1286 1282/3341/1282
f 3866/2972/3866 3827/3343/3827 3863/3346/3863 3867/3352/3867
f 1248/2925/1248 1247/3347/1247 1249/3353/1249 1250/3354/1250
f 3828/3350/3828 3829/2928/3829 3831/3355/3831 3830/3356/3830
f 1247/3347/1247 1248/2925/1248 1254/2917/1254 1287/3348/1287
f 3829/2928/3829 3828/3350/3828 3868/3349/3868 3835/2922/3835
f 1247/3347/1247 1253/3339/1253 1273/3357/1273 1249/3353/1249
f 3834/3344/3834 3828/3350/3828 3830/3356/3830 3854/3358/3854
f 1248/2925/1248 1250/3354/1250 1251/3359/1251 1252/2926/1252
f 3831/3355/3831 3829/2928/3829 3833/2927/3833 3832/3360/3832
f 1270/3361/1270 1249/3353/1249 1273/3357/1273 1268/3362/1268
f 3830/3356/3830 3851/3363/3851 3849/3364/3849 3854/3358/3854
f 1249/3353/1249 1270/3361/1270 1269/3365/1269 1250/3354/1250
f 3851/3363/3851 3830/3356/3830 3831/3355/3831 3850/3366/3850
f 1251/3359/1251 1250/3354/1250 1269/3365/1269 1260/3367/1260
f 3831/3355/3831 3832/3360/3832 3841/3368/3841 3850/3366/3850
f 1252/2926/1252 1251/3359/1251 1263/3331/1263 1256/2895/1256
f 3832/3360/3832 3833/2927/3833 3837/2896/3837 3844/3332/3844
f 1263/3331/1263 1251/3359/1251 1260/3367/1260 1261/3333/1261
f 3832/3360/3832 3844/3332/3844 3842/3334/3842 3841/3368/3841
f 1253/3339/1253 1274/3342/1274 1272/3369/1272 1273/3357/1273
f 3855/3345/3855 3834/3344/3834 3854/3358/3854 3853/3370/3853
f 1254/2917/1254 1255/2920/1255 1288/2969/1288 1287/3348/1287
f 3836/2923/3836 3835/2922/3835 3868/3349/3868 3869/2970/3869
f 1259/3371/1259 1258/3372/1258 1762/3373/1762 1757/3374/1757
f 3839/3375/3839 3840/3376/3840 4338/3377/4338 4343/3378/4343
f 1258/3372/1258 1259/3371/1259 1261/3333/1261 1260/3367/1260
f 3840/3376/3840 3839/3375/3839 3841/3368/3841 3842/3334/3842
f 1768/3379/1768 1258/3372/1258 1260/3367/1260 1269/3365/1269
f 3839/3375/3839 4349/3380/4349 3850/3366/3850 3841/3368/3841
f 1258/3372/1258 1768/3379/1768 1761/3381/1761 1762/3373/1762
f 4349/3380/4349 3839/3375/3839 4343/3378/4343 4342/3382/4342
f 1745/3337/1745 1259/3371/1259 1757/3374/1757 1756/3383/1756
f 3840/3376/3840 4326/3338/4326 4337/3384/4337 4338/3377/4338
f 1259/3371/1259 1745/3337/1745 1262/3325/1262 1261/3333/1261
f 4326/3338/4326 3840/3376/3840 3842/3334/3842 3843/3330/3843
f 1265/3385/1265 1264/3386/1264 1764/3387/1764 1271/3388/1271
f 3845/3389/3845 3846/3390/3846 3852/3391/3852 4345/3392/4345
f 1264/3386/1264 1265/3385/1265 1350/3393/1350 1811/3394/1811
f 3846/3390/3846 3845/3389/3845 4392/3395/4392 3931/3396/3931
f 1764/3387/1764 1264/3386/1264 1766/3397/1766 1765/3398/1765
f 3845/3389/3845 4345/3392/4345 4346/3399/4346 4347/3400/4347
f 1264/3386/1264 1811/3394/1811 1812/3401/1812 1766/3397/1766
f 4392/3395/4392 3845/3389/3845 4347/3400/4347 4393/3402/4393
f 1266/3403/1266 1265/3385/1265 1271/3388/1271 1272/3369/1272
f 3846/3390/3846 3847/3404/3847 3853/3370/3853 3852/3391/3852
f 1265/3385/1265 1266/3403/1266 1351/3405/1351 1350/3393/1350
f 3847/3404/3847 3846/3390/3846 3931/3396/3931 3932/3406/3932
f 1353/3407/1353 1266/3403/1266 1272/3369/1272 1274/3342/1274
f 3847/3404/3847 3934/3408/3934 3855/3345/3855 3853/3370/3853
f 1266/3403/1266 1353/3407/1353 1352/3409/1352 1351/3405/1351
f 3934/3408/3934 3847/3404/3847 3932/3406/3932 3933/3410/3933
f 1268/3362/1268 1267/3411/1267 1767/3412/1767 1270/3361/1270
f 3848/3413/3848 3849/3364/3849 3851/3363/3851 4348/3414/4348
f 1267/3411/1267 1268/3362/1268 1271/3388/1271 1764/3387/1764
f 3849/3364/3849 3848/3413/3848 4345/3392/4345 3852/3391/3852
f 1767/3412/1767 1267/3411/1267 1758/3415/1758 1763/3416/1763
f 3848/3413/3848 4348/3414/4348 4344/3417/4344 4339/3418/4339
f 1267/3411/1267 1764/3387/1764 1765/3398/1765 1758/3415/1758
f 4345/3392/4345 3848/3413/3848 4339/3418/4339 4346/3399/4346
f 1271/3388/1271 1268/3362/1268 1273/3357/1273 1272/3369/1272
f 3849/3364/3849 3852/3391/3852 3853/3370/3853 3854/3358/3854
f 1269/3365/1269 1270/3361/1270 1767/3412/1767 1768/3379/1768
f 3851/3363/3851 3850/3366/3850 4349/3380/4349 4348/3414/4348
f 1353/3407/1353 1274/3342/1274 1282/3341/1282 1354/3419/1354
f 3855/3345/3855 3934/3408/3934 3935/3420/3935 3863/3346/3863
f 1281/3421/1281 1275/3422/1275 1279/3423/1279 1276/3424/1276
f 3856/3425/3856 3862/3426/3862 3857/3427/3857 3860/3428/3860
f 1275/3422/1275 1281/3421/1281 1300/3429/1300 1349/3430/1349
f 3862/3426/3862 3856/3425/3856 3930/3431/3930 3881/3432/3881
f 1347/3433/1347 1275/3422/1275 1349/3430/1349 1346/3434/1346
f 3856/3425/3856 3928/3435/3928 3927/3436/3927 3930/3431/3930
f 1275/3422/1275 1347/3433/1347 1278/3437/1278 1279/3423/1279
f 3928/3435/3928 3856/3425/3856 3860/3428/3860 3859/3438/3859
f 1277/3439/1277 1276/3424/1276 1279/3423/1279 1280/3440/1280
f 3857/3427/3857 3858/3441/3858 3861/3442/3861 3860/3428/3860
f 1276/3424/1276 1277/3439/1277 1309/2985/1309 1304/3443/1304
f 3858/3441/3858 3857/3427/3857 3885/3444/3885 3890/2986/3890
f 1276/3424/1276 1304/3443/1304 1303/3445/1303 1281/3421/1281
f 3885/3444/3885 3857/3427/3857 3862/3426/3862 3884/3446/3884
f 1277/3439/1277 1280/3440/1280 1286/3351/1286 1283/2960/1283
f 3861/3442/3861 3858/3441/3858 3864/2961/3864 3867/3352/3867
f 1309/2985/1309 1277/3439/1277 1283/2960/1283 1310/2959/1310
f 3858/3441/3858 3890/2986/3890 3891/2962/3891 3864/2961/3864
f 1279/3423/1279 1278/3437/1278 1354/3419/1354 1280/3440/1280
f 3859/3438/3859 3860/3428/3860 3861/3442/3861 3935/3420/3935
f 1354/3419/1354 1278/3437/1278 1352/3409/1352 1353/3407/1353
f 3859/3438/3859 3935/3420/3935 3934/3408/3934 3933/3410/3933
f 1278/3437/1278 1347/3433/1347 1344/3447/1344 1352/3409/1352
f 3928/3435/3928 3859/3438/3859 3933/3410/3933 3925/3448/3925
f 1286/3351/1286 1280/3440/1280 1354/3419/1354 1282/3341/1282
f 3861/3442/3861 3867/3352/3867 3863/3346/3863 3935/3420/3935
f 1281/3421/1281 1303/3445/1303 1302/3449/1302 1300/3429/1300
f 3884/3446/3884 3862/3426/3862 3881/3432/3881 3883/3450/3883
f 1284/2949/1284 1283/2960/1283 1286/3351/1286 1285/2971/1285
f 3864/2961/3864 3865/2954/3865 3866/2972/3866 3867/3352/3867
f 1290/3451/1290 1289/3452/1289 1296/3453/1296 1295/3454/1295
f 3870/3455/3870 3871/3456/3871 3876/3457/3876 3877/3458/3877
f 1289/3452/1289 1290/3451/1290 1323/3459/1323 1319/3460/1319
f 3871/3456/3871 3870/3455/3870 3900/3461/3900 3904/3462/3904
f 1289/3452/1289 1319/3460/1319 1292/3463/1292 1293/3464/1293
f 3900/3461/3900 3870/3455/3870 3874/3465/3874 3873/3466/3873
f 1296/3453/1296 1289/3452/1289 1293/3464/1293 1294/3467/1294
f 3870/3455/3870 3877/3458/3877 3875/3468/3875 3874/3465/3874
f 1342/3469/1342 1291/3470/1291 1325/3471/1325 1374/3472/1374
f 3872/3473/3872 3923/3474/3923 3955/3475/3955 3906/3476/3906
f 1291/3470/1291 1342/3469/1342 1348/3477/1348 1299/3478/1299
f 3923/3474/3923 3872/3473/3872 3880/3479/3880 3929/3480/3929
f 1325/3471/1325 1291/3470/1291 1293/3464/1293 1292/3463/1292
f 3872/3473/3872 3906/3476/3906 3873/3466/3873 3874/3465/3874
f 1293/3464/1293 1291/3470/1291 1299/3478/1299 1294/3467/1294
f 3872/3473/3872 3874/3465/3874 3875/3468/3875 3880/3479/3880
f 1292/3463/1292 1319/3460/1319 1321/3481/1321 1318/3482/1318
f 3900/3461/3900 3873/3466/3873 3899/3483/3899 3902/3484/3902
f 1325/3471/1325 1292/3463/1292 1318/3482/1318 1326/3485/1326
f 3873/3466/3873 3906/3476/3906 3907/3486/3907 3899/3483/3899
f 1294/3467/1294 1299/3478/1299 1300/3487/1300 1302/3488/1302
f 3880/3479/3880 3875/3468/3875 3883/3489/3883 3881/3490/3881
f 1294/3467/1294 1302/3488/1302 1301/3491/1301 1296/3453/1296
f 3883/3489/3883 3875/3468/3875 3877/3458/3877 3882/3492/3882
f 1295/3454/1295 1296/3453/1296 1301/3491/1301 1297/3493/1297
f 3877/3458/3877 3876/3457/3876 3878/3494/3878 3882/3492/3882
f 1297/3495/1297 1301/3496/1301 1298/3497/1298 1305/3498/1305
f 3882/3499/3882 3878/3500/3878 3886/3501/3886 3879/3502/3879
f 1305/3498/1305 1298/3497/1298 1307/2980/1307 1306/2979/1306
f 3879/3502/3879 3886/3501/3886 3887/2981/3887 3888/2982/3888
f 1307/2980/1307 1298/3497/1298 1303/3445/1303 1304/3443/1304
f 3879/3502/3879 3888/2982/3888 3885/3444/3885 3884/3446/3884
f 1303/3445/1303 1298/3497/1298 1301/3496/1301 1302/3449/1302
f 3879/3502/3879 3884/3446/3884 3883/3450/3883 3882/3499/3882
f 1299/3478/1299 1348/3477/1348 1349/3503/1349 1300/3487/1300
f 3929/3480/3929 3880/3479/3880 3881/3490/3881 3930/3504/3930
f 1307/2980/1307 1304/3443/1304 1309/2985/1309 1308/2975/1308
f 3885/3444/3885 3888/2982/3888 3889/2978/3889 3890/2986/3890
f 1388/3505/1388 1311/3506/1311 1386/3507/1386 1312/3508/1312
f 3892/3509/3892 3969/3510/3969 3893/3511/3893 3967/3512/3967
f 1311/3506/1311 1388/3505/1388 1316/3513/1316 1317/3514/1317
f 3969/3510/3969 3892/3509/3892 3898/3515/3898 3897/3516/3897
f 1311/3506/1311 1317/3514/1317 1327/3517/1327 1313/3518/1313
f 3898/3515/3898 3892/3509/3892 3894/3519/3894 3908/3520/3908
f 1386/3507/1386 1311/3506/1311 1313/3518/1313 1320/3521/1320
f 3892/3509/3892 3967/3512/3967 3901/3522/3901 3894/3519/3894
f 1388/3505/1388 1312/3508/1312 1379/3523/1379 1385/3524/1385
f 3893/3511/3893 3969/3510/3969 3966/3525/3966 3960/3526/3960
f 1320/3521/1320 1313/3518/1313 1321/3481/1321 1322/3527/1322
f 3894/3519/3894 3901/3522/3901 3903/3528/3903 3902/3484/3902
f 1313/3518/1313 1327/3517/1327 1318/3482/1318 1321/3481/1321
f 3908/3520/3908 3894/3519/3894 3902/3484/3902 3899/3483/3899
f 1327/3517/1327 1314/3529/1314 1326/3485/1326 1318/3482/1318
f 3895/3530/3895 3908/3520/3908 3899/3483/3899 3907/3486/3907
f 1314/3529/1314 1327/3517/1327 1317/3514/1317 1315/3531/1315
f 3908/3520/3908 3895/3530/3895 3896/3532/3896 3898/3515/3898
f 1373/3533/1373 1314/3529/1314 1315/3531/1315 1376/3534/1376
f 3895/3530/3895 3954/3535/3954 3957/3536/3957 3896/3532/3896
f 1314/3529/1314 1373/3533/1373 1324/3537/1324 1326/3485/1326
f 3954/3535/3954 3895/3530/3895 3907/3486/3907 3905/3538/3905
f 1376/3534/1376 1315/3531/1315 1387/3539/1387 1375/3540/1375
f 3896/3532/3896 3957/3536/3957 3956/3541/3956 3968/3542/3968
f 1315/3531/1315 1317/3514/1317 1316/3513/1316 1387/3539/1387
f 3898/3515/3898 3896/3532/3896 3968/3542/3968 3897/3516/3897
f 1316/3513/1316 1388/3505/1388 1385/3524/1385 1389/3543/1389
f 3969/3510/3969 3897/3516/3897 3970/3544/3970 3966/3525/3966
f 1387/3539/1387 1316/3513/1316 1389/3543/1389 1383/3545/1383
f 3897/3516/3897 3968/3542/3968 3964/3546/3964 3970/3544/3970
f 1321/3481/1321 1319/3460/1319 1323/3459/1323 1322/3527/1322
f 3900/3461/3900 3902/3484/3902 3903/3528/3903 3904/3462/3904
f 1324/3547/1324 1373/3548/1373 1369/3549/1369 1371/3550/1371
f 3954/3551/3954 3905/3552/3905 3952/3553/3952 3950/3554/3950
f 1374/3555/1374 1324/3547/1324 1371/3550/1371 1372/3556/1372
f 3905/3552/3905 3955/3557/3955 3953/3558/3953 3952/3553/3952
f 1324/3537/1324 1374/3472/1374 1325/3471/1325 1326/3485/1326
f 3955/3475/3955 3905/3538/3905 3907/3486/3907 3906/3476/3906
f 1359/3559/1359 1328/3560/1328 1361/3561/1361 1358/3562/1358
f 3909/3563/3909 3940/3564/3940 3939/3565/3939 3942/3566/3942
f 1328/3560/1328 1359/3559/1359 1800/3567/1800 1331/3568/1331
f 3940/3564/3940 3909/3563/3909 3912/3569/3912 4381/3570/4381
f 1361/3561/1361 1328/3560/1328 1329/3571/1329 1363/3572/1363
f 3909/3563/3909 3942/3566/3942 3944/3573/3944 3910/3574/3910
f 1328/3560/1328 1331/3568/1331 1330/3575/1330 1329/3571/1329
f 3912/3569/3912 3909/3563/3909 3910/3574/3910 3911/3576/3911
f 1339/3577/1339 1329/3571/1329 1330/3575/1330 1338/3578/1338
f 3910/3574/3910 3920/3579/3920 3919/3580/3919 3911/3576/3911
f 1329/3571/1329 1339/3577/1339 1370/3581/1370 1363/3572/1363
f 3920/3579/3920 3910/3574/3910 3944/3573/3944 3951/3582/3951
f 1338/3578/1338 1330/3575/1330 1334/3583/1334 1340/3584/1340
f 3911/3576/3911 3919/3580/3919 3921/3585/3921 3915/3586/3915
f 1330/3575/1330 1331/3568/1331 1332/3587/1332 1334/3583/1334
f 3912/3569/3912 3911/3576/3911 3915/3586/3915 3913/3588/3913
f 1332/3587/1332 1331/3568/1331 1800/3567/1800 1799/3589/1799
f 3912/3569/3912 3913/3588/3913 4380/3590/4380 4381/3570/4381
f 1332/3587/1332 1799/3589/1799 1805/3591/1805 1333/3592/1333
f 4380/3590/4380 3913/3588/3913 3914/3593/3914 4386/3594/4386
f 1334/3583/1334 1332/3587/1332 1333/3592/1333 1335/3595/1335
f 3913/3588/3913 3915/3586/3915 3916/3596/3916 3914/3593/3914
f 1333/3597/1333 1805/3598/1805 1810/3599/1810 1336/3600/1336
f 4386/3601/4386 3914/3602/3914 3917/3603/3917 4391/3604/4391
f 1335/3605/1335 1333/3597/1333 1336/3600/1336 1337/3606/1337
f 3914/3602/3914 3916/3607/3916 3918/3608/3918 3917/3603/3917
f 1340/3584/1340 1334/3583/1334 1335/3595/1335 1343/3609/1343
f 3915/3586/3915 3921/3585/3921 3924/3610/3924 3916/3596/3916
f 1343/3611/1343 1335/3605/1335 1337/3606/1337 1344/3447/1344
f 3916/3607/3916 3924/3612/3924 3925/3448/3925 3918/3608/3918
f 1336/3600/1336 1810/3599/1810 1811/3394/1811 1350/3393/1350
f 4391/3604/4391 3917/3603/3917 3931/3396/3931 4392/3395/4392
f 1337/3606/1337 1336/3600/1336 1350/3393/1350 1351/3405/1351
f 3917/3603/3917 3918/3608/3918 3932/3406/3932 3931/3396/3931
f 1337/3606/1337 1351/3405/1351 1352/3409/1352 1344/3447/1344
f 3932/3406/3932 3918/3608/3918 3925/3448/3925 3933/3410/3933
f 1338/3578/1338 1340/3584/1340 1345/3613/1345 1341/3614/1341
f 3921/3585/3921 3919/3580/3919 3922/3615/3922 3926/3616/3926
f 1338/3578/1338 1341/3614/1341 1372/3556/1372 1339/3577/1339
f 3922/3615/3922 3919/3580/3919 3920/3579/3920 3953/3558/3953
f 1339/3577/1339 1372/3556/1372 1371/3550/1371 1370/3581/1370
f 3953/3558/3953 3920/3579/3920 3951/3582/3951 3952/3553/3952
f 1345/3613/1345 1340/3584/1340 1343/3609/1343 1346/3617/1346
f 3921/3585/3921 3926/3616/3926 3927/3618/3927 3924/3610/3924
f 1342/3619/1342 1341/3614/1341 1345/3613/1345 1348/3620/1348
f 3922/3615/3922 3923/3621/3923 3929/3622/3929 3926/3616/3926
f 1341/3614/1341 1342/3619/1342 1374/3555/1374 1372/3556/1372
f 3923/3621/3923 3922/3615/3922 3953/3558/3953 3955/3557/3955
f 1343/3611/1343 1344/3447/1344 1347/3433/1347 1346/3434/1346
f 3925/3448/3925 3924/3612/3924 3927/3436/3927 3928/3435/3928
f 1348/3620/1348 1345/3613/1345 1346/3617/1346 1349/3623/1349
f 3926/3616/3926 3929/3622/3929 3930/3624/3930 3927/3618/3927
f 1408/3625/1408 1355/3626/1355 1362/3627/1362 1357/3628/1357
f 3936/3629/3936 3989/3630/3989 3938/3631/3938 3943/3632/3943
f 1355/3626/1355 1408/3625/1408 1407/3633/1407 1406/3634/1406
f 3989/3630/3989 3936/3629/3936 3987/3635/3987 3988/3636/3988
f 1355/3626/1355 1406/3634/1406 1893/3637/1893 1897/3638/1897
f 3987/3635/3987 3936/3629/3936 4478/3639/4478 4474/3640/4474
f 1355/3626/1355 1897/3638/1897 1820/3641/1820 1362/3627/1362
f 4478/3639/4478 3936/3629/3936 3943/3632/3943 4401/3642/4401
f 1357/3628/1357 1356/3643/1356 1365/3644/1365 1366/3645/1366
f 3937/3646/3937 3938/3631/3938 3947/3647/3947 3946/3648/3946
f 1356/3643/1356 1357/3628/1357 1362/3627/1362 1360/3649/1360
f 3938/3631/3938 3937/3646/3937 3941/3650/3941 3943/3632/3943
f 1365/3644/1365 1356/3643/1356 1363/3572/1363 1370/3581/1370
f 3937/3646/3937 3946/3648/3946 3951/3582/3951 3944/3573/3944
f 1356/3643/1356 1360/3649/1360 1361/3561/1361 1363/3572/1363
f 3941/3650/3941 3937/3646/3937 3944/3573/3944 3942/3566/3942
f 1357/3628/1357 1366/3645/1366 1364/3651/1364 1408/3625/1408
f 3947/3647/3947 3938/3631/3938 3989/3630/3989 3945/3652/3945
f 1359/3559/1359 1358/3562/1358 1801/3653/1801 1803/3654/1803
f 3939/3565/3939 3940/3564/3940 4384/3655/4384 4382/3656/4382
f 1358/3562/1358 1361/3561/1361 1360/3649/1360 1824/3657/1824
f 3942/3566/3942 3939/3565/3939 4405/3658/4405 3941/3650/3941
f 1801/3653/1801 1358/3562/1358 1824/3657/1824 1826/3659/1826
f 3939/3565/3939 4382/3656/4382 4407/3660/4407 4405/3658/4405
f 1800/3567/1800 1359/3559/1359 1803/3654/1803 1802/3661/1802
f 3940/3564/3940 4381/3570/4381 4383/3662/4383 4384/3655/4384
f 1360/3649/1360 1362/3627/1362 1820/3641/1820 1824/3657/1824
f 3943/3632/3943 3941/3650/3941 4405/3658/4405 4401/3642/4401
f 1368/3663/1368 1364/3651/1364 1366/3645/1366 1367/3664/1367
f 3945/3652/3945 3949/3665/3949 3948/3666/3948 3947/3647/3947
f 1364/3651/1364 1368/3663/1368 1413/3667/1413 1412/3668/1412
f 3949/3665/3949 3945/3652/3945 3993/3669/3993 3994/3670/3994
f 1408/3625/1408 1364/3651/1364 1412/3668/1412 1407/3633/1407
f 3945/3652/3945 3989/3630/3989 3988/3636/3988 3993/3669/3993
f 1366/3645/1366 1365/3644/1365 1369/3549/1369 1367/3664/1367
f 3946/3648/3946 3947/3647/3947 3948/3666/3948 3950/3554/3950
f 1369/3549/1369 1365/3644/1365 1370/3581/1370 1371/3550/1371
f 3946/3648/3946 3950/3554/3950 3952/3553/3952 3951/3582/3951
f 1368/3663/1368 1367/3664/1367 1376/3671/1376 1375/3672/1375
f 3948/3666/3948 3949/3665/3949 3956/3673/3956 3957/3674/3957
f 1376/3671/1376 1367/3664/1367 1369/3549/1369 1373/3548/1373
f 3948/3666/3948 3957/3674/3957 3954/3551/3954 3950/3554/3950
f 1368/3663/1368 1375/3672/1375 1414/3675/1414 1413/3667/1413
f 3956/3673/3956 3949/3665/3949 3994/3670/3994 3995/3676/3995
f 1375/3540/1375 1387/3539/1387 1383/3545/1383 1414/3677/1414
f 3968/3542/3968 3956/3541/3956 3995/3678/3995 3964/3546/3964
f 1378/3679/1378 1377/3680/1377 1385/3524/1385 1379/3523/1379
f 3958/3681/3958 3959/3682/3959 3960/3526/3960 3966/3525/3966
f 1377/3680/1377 1378/3679/1378 1401/3683/1401 1399/3684/1399
f 3959/3682/3959 3958/3681/3958 3980/3685/3980 3982/3686/3982
f 1384/3687/1384 1377/3680/1377 1399/3684/1399 1403/3688/1403
f 3958/3681/3958 3965/3689/3965 3984/3690/3984 3980/3685/3980
f 1377/3680/1377 1384/3687/1384 1389/3543/1389 1385/3524/1385
f 3965/3689/3965 3958/3681/3958 3966/3525/3966 3970/3544/3970
f 1381/3691/1381 1380/3692/1380 1414/3677/1414 1383/3545/1383
f 3961/3693/3961 3962/3694/3962 3964/3546/3964 3995/3678/3995
f 1380/3692/1380 1381/3691/1381 1382/3695/1382 1428/3696/1428
f 3962/3694/3962 3961/3693/3961 4009/3697/4009 3963/3698/3963
f 1410/3699/1410 1380/3700/1380 1428/3701/1428 1411/3702/1411
f 3961/3703/3961 3991/3704/3991 3992/3705/3992 4009/3706/4009
f 1380/3700/1380 1410/3699/1410 1413/3667/1413 1414/3675/1414
f 3991/3704/3991 3961/3703/3961 3995/3676/3995 3994/3670/3994
f 1382/3695/1382 1381/3691/1381 1384/3687/1384 1403/3688/1403
f 3962/3694/3962 3963/3698/3963 3984/3690/3984 3965/3689/3965
f 1381/3691/1381 1383/3545/1383 1389/3543/1389 1384/3687/1384
f 3964/3546/3964 3962/3694/3962 3965/3689/3965 3970/3544/3970
f 1382/3695/1382 1403/3688/1403 1395/3707/1395 1394/3708/1394
f 3984/3690/3984 3963/3698/3963 3975/3709/3975 3976/3710/3976
f 1428/3696/1428 1382/3695/1382 1394/3708/1394 1427/3711/1427
f 3963/3698/3963 4009/3697/4009 4008/3712/4008 3975/3709/3975
f 1434/3713/1434 1390/3714/1390 1391/3715/1391 1392/3716/1392
f 3971/3717/3971 4015/3718/4015 3973/3719/3973 3972/3720/3972
f 1390/3714/1390 1434/3713/1434 1436/3721/1436 1435/3722/1435
f 4015/3718/4015 3971/3717/3971 4016/3723/4016 4017/3724/4017
f 1390/3714/1390 1435/3722/1435 1438/3725/1438 1396/3726/1396
f 4016/3723/4016 3971/3717/3971 3977/3727/3977 4019/3728/4019
f 1390/3714/1390 1396/3726/1396 1397/3729/1397 1391/3715/1391
f 3977/3727/3977 3971/3717/3971 3972/3720/3972 3978/3730/3978
f 1391/3715/1391 1397/3729/1397 1395/3707/1395 1398/3731/1398
f 3978/3730/3978 3972/3720/3972 3979/3732/3979 3976/3710/3976
f 1392/3716/1392 1391/3715/1391 1398/3731/1398 1400/3733/1400
f 3972/3720/3972 3973/3719/3973 3981/3734/3981 3979/3732/3979
f 1402/3735/1402 1393/3736/1393 1437/3737/1437 1467/3738/1467
f 3974/3739/3974 3983/3740/3983 4048/3741/4048 4018/3742/4018
f 1393/3736/1393 1402/3735/1402 1427/3711/1427 1394/3708/1394
f 3983/3740/3983 3974/3739/3974 3975/3709/3975 4008/3712/4008
f 1393/3736/1393 1394/3708/1394 1395/3707/1395 1397/3729/1397
f 3975/3709/3975 3974/3739/3974 3978/3730/3978 3976/3710/3976
f 1393/3736/1393 1397/3729/1397 1396/3726/1396 1437/3737/1437
f 3978/3730/3978 3974/3739/3974 4018/3742/4018 3977/3727/3977
f 1398/3731/1398 1395/3707/1395 1403/3688/1403 1399/3684/1399
f 3976/3710/3976 3979/3732/3979 3980/3685/3980 3984/3690/3984
f 1437/3737/1437 1396/3726/1396 1438/3725/1438 1430/3743/1430
f 3977/3727/3977 4018/3742/4018 4011/3744/4011 4019/3728/4019
f 1398/3731/1398 1399/3684/1399 1401/3683/1401 1400/3733/1400
f 3980/3685/3980 3979/3732/3979 3981/3734/3981 3982/3686/3982
f 1423/3745/1423 1402/3746/1402 1467/3747/1467 1422/3748/1422
f 3983/3749/3983 4004/3750/4004 4003/3751/4003 4048/3752/4048
f 1402/3746/1402 1423/3745/1423 1426/3753/1426 1427/3754/1427
f 4004/3750/4004 3983/3749/3983 4008/3755/4008 4007/3756/4007
f 1405/3757/1405 1404/3758/1404 1406/3634/1406 1407/3633/1407
f 3985/3759/3985 3986/3760/3986 3988/3636/3988 3987/3635/3987
f 1404/3758/1404 1405/3757/1405 1419/3761/1419 1912/3762/1912
f 3986/3760/3986 3985/3759/3985 4493/3763/4493 4000/3764/4000
f 1404/3758/1404 1912/3762/1912 1891/3765/1891 1892/3766/1892
f 4493/3763/4493 3985/3759/3985 4473/3767/4473 4472/3768/4472
f 1406/3634/1406 1404/3758/1404 1892/3766/1892 1893/3637/1893
f 3985/3759/3985 3987/3635/3987 4474/3640/4474 4473/3767/4473
f 1405/3757/1405 1407/3633/1407 1412/3668/1412 1409/3769/1409
f 3988/3636/3988 3986/3760/3986 3990/3770/3990 3993/3669/3993
f 1419/3761/1419 1405/3757/1405 1409/3769/1409 1424/3771/1424
f 3986/3760/3986 4000/3764/4000 4005/3772/4005 3990/3770/3990
f 1410/3699/1410 1409/3769/1409 1412/3668/1412 1413/3667/1413
f 3990/3770/3990 3991/3704/3991 3994/3670/3994 3993/3669/3993
f 1409/3769/1409 1410/3699/1410 1411/3702/1411 1424/3771/1424
f 3991/3704/3991 3990/3770/3990 4005/3772/4005 3992/3705/3992
f 1424/3771/1424 1411/3702/1411 1426/3753/1426 1425/3773/1425
f 3992/3705/3992 4005/3772/4005 4006/3774/4006 4007/3756/4007
f 1411/3702/1411 1428/3701/1428 1427/3754/1427 1426/3753/1426
f 4009/3706/4009 3992/3705/3992 4007/3756/4007 4008/3755/4008
f 1911/3775/1911 1415/3776/1415 1951/3777/1951 1953/3778/1953
f 3996/3779/3996 4492/3780/4492 4534/3781/4534 4532/3782/4532
f 1415/3776/1415 1911/3775/1911 1913/3783/1913 1910/3784/1910
f 4492/3780/4492 3996/3779/3996 4491/3785/4491 4494/3786/4494
f 1415/3776/1415 1910/3784/1910 1416/3787/1416 1418/3788/1418
f 4491/3785/4491 3996/3779/3996 3999/3789/3999 3997/3790/3997
f 1415/3776/1415 1418/3788/1418 1454/3791/1454 1951/3777/1951
f 3999/3789/3999 3996/3779/3996 4532/3782/4532 4035/3792/4035
f 1416/3787/1416 1910/3784/1910 1891/3765/1891 1912/3762/1912
f 4491/3785/4491 3997/3790/3997 4493/3763/4493 4472/3768/4472
f 1418/3788/1418 1416/3787/1416 1417/3793/1417 1457/3794/1457
f 3997/3790/3997 3999/3789/3999 4038/3795/4038 3998/3796/3998
f 1417/3793/1417 1416/3787/1416 1912/3762/1912 1419/3761/1419
f 3997/3790/3997 3998/3796/3998 4000/3764/4000 4493/3763/4493
f 1425/3773/1425 1417/3793/1417 1419/3761/1419 1424/3771/1424
f 3998/3796/3998 4006/3774/4006 4005/3772/4005 4000/3764/4000
f 1417/3793/1417 1425/3773/1425 1420/3797/1420 1457/3794/1457
f 4006/3774/4006 3998/3796/3998 4038/3795/4038 4001/3798/4001
f 1418/3788/1418 1457/3794/1457 1459/3799/1459 1454/3791/1454
f 4038/3795/4038 3999/3789/3999 4035/3792/4035 4040/3800/4040
f 1423/3745/1423 1420/3797/1420 1425/3773/1425 1426/3753/1426
f 4001/3798/4001 4004/3750/4004 4007/3756/4007 4006/3774/4006
f 1420/3797/1420 1423/3745/1423 1422/3748/1422 1421/3801/1421
f 4004/3750/4004 4001/3798/4001 4002/3802/4002 4003/3751/4003
f 1457/3794/1457 1420/3797/1420 1421/3801/1421 1459/3799/1459
f 4001/3798/4001 4038/3795/4038 4040/3800/4040 4002/3802/4002
f 1421/3801/1421 1422/3748/1422 1465/3803/1465 1464/3804/1464
f 4003/3751/4003 4002/3802/4002 4045/3805/4045 4046/3806/4046
f 1459/3799/1459 1421/3801/1421 1464/3804/1464 1458/3807/1458
f 4002/3802/4002 4040/3800/4040 4039/3808/4039 4045/3805/4045
f 1422/3748/1422 1467/3747/1467 1466/3809/1466 1465/3803/1465
f 4048/3752/4048 4003/3751/4003 4046/3806/4046 4047/3810/4047
f 1445/3811/1445 1429/3812/1429 1447/3813/1447 1451/3814/1451
f 4010/3815/4010 4026/3816/4026 4032/3817/4032 4028/3818/4028
f 1429/3812/1429 1445/3811/1445 1435/3722/1435 1436/3721/1436
f 4026/3816/4026 4010/3815/4010 4017/3724/4017 4016/3723/4016
f 1466/3819/1466 1430/3743/1430 1431/3820/1431 1461/3821/1461
f 4011/3744/4011 4047/3822/4047 4042/3823/4042 4012/3824/4012
f 1430/3743/1430 1466/3819/1466 1467/3738/1467 1437/3737/1437
f 4047/3822/4047 4011/3744/4011 4018/3742/4018 4048/3741/4048
f 1430/3743/1430 1438/3725/1438 1433/3825/1433 1431/3820/1431
f 4019/3728/4019 4011/3744/4011 4012/3824/4012 4014/3826/4014
f 1461/3821/1461 1431/3820/1431 1448/3827/1448 1480/3828/1480
f 4012/3824/4012 4042/3823/4042 4061/3829/4061 4029/3830/4029
f 1431/3820/1431 1433/3825/1433 1432/3831/1432 1448/3827/1448
f 4014/3826/4014 4012/3824/4012 4029/3830/4029 4013/3832/4013
f 1451/3814/1451 1432/3831/1432 1433/3825/1433 1445/3811/1445
f 4013/3832/4013 4032/3817/4032 4026/3816/4026 4014/3826/4014
f 1432/3831/1432 1451/3814/1451 1450/3833/1450 1449/3834/1449
f 4032/3817/4032 4013/3832/4013 4030/3835/4030 4031/3836/4031
f 1432/3831/1432 1449/3834/1449 1441/3837/1441 1448/3827/1448
f 4030/3835/4030 4013/3832/4013 4029/3830/4029 4022/3838/4022
f 1433/3825/1433 1438/3725/1438 1435/3722/1435 1445/3811/1445
f 4019/3728/4019 4014/3826/4014 4026/3816/4026 4016/3723/4016
f 1443/3839/1443 1439/3840/1439 1483/3841/1483 1492/3842/1492
f 4020/3843/4020 4024/3844/4024 4073/3845/4073 4064/3846/4064
f 1439/3840/1439 1443/3839/1443 1442/3847/1442 1444/3848/1444
f 4024/3844/4024 4020/3843/4020 4025/3849/4025 4023/3850/4023
f 1439/3840/1439 1444/3848/1444 1440/3851/1440 1487/3852/1487
f 4025/3849/4025 4020/3843/4020 4068/3853/4068 4021/3854/4021
f 1439/3840/1439 1487/3852/1487 1486/3855/1486 1483/3841/1483
f 4068/3853/4068 4020/3843/4020 4064/3846/4064 4067/3856/4067
f 1446/3857/1446 1440/3851/1440 1444/3848/1444 1450/3833/1450
f 4021/3854/4021 4027/3858/4027 4031/3836/4031 4025/3849/4025
f 1448/3827/1448 1441/3837/1441 1479/3859/1479 1480/3828/1480
f 4022/3838/4022 4029/3830/4029 4061/3829/4061 4060/3860/4060
f 1441/3837/1441 1449/3834/1449 1442/3847/1442 1491/3861/1491
f 4030/3835/4030 4022/3838/4022 4072/3862/4072 4023/3850/4023
f 1479/3859/1479 1441/3837/1441 1491/3861/1491 1478/3863/1478
f 4022/3838/4022 4060/3860/4060 4059/3864/4059 4072/3862/4072
f 1491/3861/1491 1442/3847/1442 1443/3839/1443 1490/3865/1490
f 4023/3850/4023 4072/3862/4072 4071/3866/4071 4024/3844/4024
f 1444/3848/1444 1442/3847/1442 1449/3834/1449 1450/3833/1450
f 4023/3850/4023 4025/3849/4025 4031/3836/4031 4030/3835/4030
f 1443/3839/1443 1492/3842/1492 1489/3867/1489 1490/3865/1490
f 4073/3845/4073 4024/3844/4024 4071/3866/4071 4070/3868/4070
f 1446/3857/1446 1450/3833/1450 1451/3814/1451 1447/3813/1447
f 4031/3836/4031 4027/3858/4027 4028/3818/4028 4032/3817/4032
f 1453/3869/1453 1452/3870/1452 1458/3807/1458 1464/3804/1464
f 4033/3871/4033 4034/3872/4034 4045/3805/4045 4039/3808/4039
f 1452/3870/1452 1453/3869/1453 1460/3873/1460 1472/3874/1472
f 4034/3872/4034 4033/3871/4033 4053/3875/4053 4041/3876/4041
f 1455/3877/1455 1452/3870/1452 1472/3874/1472 1471/3878/1471
f 4033/3871/4033 4036/3879/4036 4052/3880/4052 4053/3875/4053
f 1452/3870/1452 1455/3877/1455 1456/3881/1456 1458/3807/1458
f 4036/3879/4036 4033/3871/4033 4039/3808/4039 4037/3882/4037
f 1462/3883/1462 1453/3869/1453 1464/3804/1464 1465/3803/1465
f 4034/3872/4034 4043/3884/4043 4046/3806/4046 4045/3805/4045
f 1453/3869/1453 1462/3883/1462 1463/3885/1463 1460/3873/1460
f 4043/3884/4043 4034/3872/4034 4041/3876/4041 4044/3886/4044
f 1454/3791/1454 1459/3799/1459 1458/3807/1458 1456/3881/1456
f 4040/3800/4040 4035/3792/4035 4037/3882/4037 4039/3808/4039
f 1951/3777/1951 1454/3791/1454 1456/3881/1456 1950/3887/1950
f 4035/3792/4035 4532/3782/4532 4531/3888/4531 4037/3882/4037
f 1949/3889/1949 1455/3877/1455 1471/3878/1471 1969/3890/1969
f 4036/3879/4036 4530/3891/4530 4550/3892/4550 4052/3880/4052
f 1455/3877/1455 1949/3889/1949 1950/3887/1950 1456/3881/1456
f 4530/3891/4530 4036/3879/4036 4037/3882/4037 4531/3888/4531
f 1460/3873/1460 1463/3885/1463 1477/3893/1477 1475/3894/1475
f 4044/3886/4044 4041/3876/4041 4056/3895/4056 4058/3896/4058
f 1472/3874/1472 1460/3873/1460 1475/3894/1475 1473/3897/1473
f 4041/3876/4041 4053/3875/4053 4054/3898/4054 4056/3895/4056
f 1462/3883/1462 1461/3899/1461 1480/3900/1480 1463/3885/1463
f 4042/3901/4042 4043/3884/4043 4044/3886/4044 4061/3902/4061
f 1461/3899/1461 1462/3883/1462 1465/3803/1465 1466/3809/1466
f 4043/3884/4043 4042/3901/4042 4047/3810/4047 4046/3806/4046
f 1463/3885/1463 1480/3900/1480 1479/3903/1479 1477/3893/1477
f 4061/3902/4061 4044/3886/4044 4058/3896/4058 4060/3904/4060
f 1469/3905/1469 1468/3906/1468 1473/3897/1473 1470/3907/1470
f 4049/3908/4049 4050/3909/4050 4051/3910/4051 4054/3898/4054
f 1468/3906/1468 1469/3905/1469 1965/3911/1965 1968/3912/1968
f 4050/3909/4050 4049/3908/4049 4549/3913/4549 4546/3914/4546
f 1473/3897/1473 1468/3906/1468 1471/3878/1471 1472/3874/1472
f 4049/3908/4049 4054/3898/4054 4053/3875/4053 4052/3880/4052
f 1471/3878/1471 1468/3906/1468 1968/3912/1968 1969/3890/1969
f 4049/3908/4049 4052/3880/4052 4550/3892/4550 4549/3913/4549
f 1469/3905/1469 1470/3907/1470 1499/3915/1499 1496/3916/1496
f 4051/3910/4051 4050/3909/4050 4077/3917/4077 4080/3918/4080
f 1469/3905/1469 1496/3916/1496 2013/3919/2013 1965/3911/1965
f 4077/3917/4077 4050/3909/4050 4546/3914/4546 4594/3920/4594
f 1499/3915/1499 1470/3907/1470 1474/3921/1474 1505/3922/1505
f 4051/3910/4051 4080/3918/4080 4086/3923/4086 4055/3924/4055
f 1474/3921/1474 1470/3907/1470 1473/3897/1473 1475/3894/1475
f 4051/3910/4051 4055/3924/4055 4056/3895/4056 4054/3898/4054
f 1476/3925/1476 1474/3921/1474 1475/3894/1475 1477/3893/1477
f 4055/3924/4055 4057/3926/4057 4058/3896/4058 4056/3895/4056
f 1474/3921/1474 1476/3925/1476 1507/3927/1507 1505/3922/1505
f 4057/3926/4057 4055/3924/4055 4086/3923/4086 4088/3928/4088
f 1478/3929/1478 1476/3925/1476 1477/3893/1477 1479/3903/1479
f 4057/3926/4057 4059/3930/4059 4060/3904/4060 4058/3896/4058
f 1476/3925/1476 1478/3929/1478 1488/3931/1488 1507/3927/1507
f 4059/3930/4059 4057/3926/4057 4088/3928/4088 4069/3932/4069
f 1488/3933/1488 1478/3863/1478 1491/3861/1491 1490/3865/1490
f 4059/3864/4059 4069/3934/4069 4071/3866/4071 4072/3862/4072
f 1482/644/1482 1481/638/1481 1483/3841/1483 1486/3855/1486
f 4062/640/4062 4063/646/4063 4067/3856/4067 4064/3846/4064
f 1481/638/1481 1485/635/1485 1492/3842/1492 1483/3841/1483
f 4066/636/4066 4062/640/4062 4064/3846/4064 4073/3845/4073
f 1484/632/1484 1504/631/1504 1508/3935/1508 1489/3867/1489
f 4085/634/4085 4065/633/4065 4070/3868/4070 4089/3936/4089
f 1485/635/1485 1484/632/1484 1489/3867/1489 1492/3842/1492
f 4065/633/4065 4066/636/4066 4073/3845/4073 4070/3868/4070
f 1488/3933/1488 1490/3865/1490 1489/3867/1489 1508/3935/1508
f 4071/3866/4071 4069/3934/4069 4089/3936/4089 4070/3868/4070
f 1507/3927/1507 1488/3931/1488 1508/3937/1508 1503/3938/1503
f 4069/3932/4069 4088/3928/4088 4084/3939/4084 4089/3940/4089
f 1501/781/1501 1494/803/1494 1498/806/1498 1506/3941/1506
f 4075/808/4075 4082/782/4082 4087/3942/4087 4079/809/4079
f 2014/3943/2014 1495/813/1495 2011/811/2011 2010/1047/2010
f 4076/814/4076 4595/3944/4595 4591/1048/4591 4592/812/4592
f 1495/813/1495 2014/3943/2014 2015/3945/2015 2013/3919/2013
f 4595/3944/4595 4076/814/4076 4594/3920/4594 4596/3946/4596
f 1495/813/1495 2013/3919/2013 1496/3916/1496 1497/805/1497
f 4594/3920/4594 4076/814/4076 4078/810/4078 4077/3917/4077
f 1496/3916/1496 1499/3915/1499 1498/806/1498 1497/805/1497
f 4080/3918/4080 4077/3917/4077 4078/810/4078 4079/809/4079
f 1498/806/1498 1499/3915/1499 1505/3922/1505 1506/3941/1506
f 4080/3918/4080 4079/809/4079 4087/3942/4087 4086/3923/4086
f 1502/777/1502 1501/781/1501 1506/3941/1506 1503/3938/1503
f 4082/782/4082 4083/780/4083 4084/3939/4084 4087/3942/4087
f 1504/778/1504 1502/777/1502 1503/3938/1503 1508/3937/1508
f 4083/780/4083 4085/779/4085 4089/3940/4089 4084/3939/4084
f 1503/3938/1503 1506/3941/1506 1505/3922/1505 1507/3927/1507
f 4087/3942/4087 4084/3939/4084 4088/3928/4088 4086/3923/4086
f 1510/3947/1510 1509/3948/1509 1528/3949/1528 1525/3950/1525
f 4090/3951/4090 4091/3952/4091 4106/3953/4106 4109/3954/4109
f 1509/3948/1509 1510/3947/1510 1517/1763/1517 1511/1769/1511
f 4091/3952/4091 4090/3951/4090 4092/1770/4092 4098/1764/4098
f 1517/1763/1517 1510/3947/1510 1515/3955/1515 1516/1759/1516
f 4091/3952/4091 4098/1764/4098 4097/1760/4097 4096/3956/4096
f 1515/3955/1515 1510/3947/1510 1525/3950/1525 1533/3957/1533
f 4091/3952/4091 4096/3956/4096 4114/3958/4114 4106/3953/4106
f 1542/902/1542 1512/901/1512 1529/3959/1529 1543/3960/1543
f 4093/904/4093 4123/903/4123 4124/3961/4124 4110/3962/4110
f 1529/3963/1529 1512/898/1512 1514/897/1514 1530/3964/1530
f 4093/899/4093 4110/3965/4110 4111/3966/4111 4095/900/4095
f 1513/894/1513 1516/1759/1516 1515/3955/1515 1514/897/1514
f 4097/1760/4097 4094/896/4094 4095/900/4095 4096/3956/4096
f 1514/897/1514 1515/3955/1515 1533/3957/1533 1530/3964/1530
f 4096/3956/4096 4095/900/4095 4111/3966/4111 4114/3958/4114
f 1596/3967/1596 1519/3968/1519 1524/3969/1524 1521/3970/1521
f 4100/3971/4100 4177/3972/4177 4102/3973/4102 4105/3974/4105
f 1519/3968/1519 1596/3967/1596 1595/3975/1595 1593/3976/1593
f 4177/3972/4177 4100/3971/4100 4174/3977/4174 4176/3978/4176
f 1524/3969/1524 1519/3968/1519 1601/957/1601 1523/953/1523
f 4100/3971/4100 4105/3974/4105 4104/955/4104 4182/958/4182
f 1601/957/1601 1519/3968/1519 1593/3976/1593 1600/3979/1600
f 4100/3971/4100 4182/958/4182 4181/3980/4181 4174/3977/4174
f 1520/3981/1520 1597/3982/1597 1596/3967/1596 1521/3970/1521
f 4178/3983/4178 4101/3984/4101 4102/3973/4102 4177/3972/4177
f 1520/3981/1520 1521/3970/1521 1526/3985/1526 1527/3986/1527
f 4102/3973/4102 4101/3984/4101 4108/3987/4108 4107/3988/4107
f 1521/3970/1521 1524/3969/1524 1531/3989/1531 1526/3985/1526
f 4105/3974/4105 4102/3973/4102 4107/3988/4107 4112/3990/4112
f 1522/943/1522 1601/957/1601 1600/3979/1600 1599/965/1599
f 4182/958/4182 4103/948/4103 4180/968/4180 4181/3980/4181
f 1524/3969/1524 1523/953/1523 1532/954/1532 1531/3989/1531
f 4104/955/4104 4105/3974/4105 4112/3990/4112 4113/956/4113
f 1525/3950/1525 1528/3949/1528 1527/3986/1527 1526/3985/1526
f 4109/3954/4109 4106/3953/4106 4107/3988/4107 4108/3987/4108
f 1533/3957/1533 1525/3950/1525 1526/3985/1526 1531/3989/1531
f 4106/3953/4106 4114/3958/4114 4112/3990/4112 4107/3988/4107
f 1543/3991/1543 1529/3963/1529 1561/950/1561 1562/949/1562
f 4110/3965/4110 4124/3992/4124 4143/952/4143 4142/951/4142
f 1529/3963/1529 1530/3964/1530 1532/954/1532 1561/950/1561
f 4111/3966/4111 4110/3965/4110 4142/951/4142 4113/956/4113
f 1532/954/1532 1530/3964/1530 1533/3957/1533 1531/3989/1531
f 4111/3966/4111 4113/956/4113 4112/3990/4112 4114/3958/4114
f 1553/3993/1553 1534/3994/1534 1536/3995/1536 1554/3996/1554
f 4115/3997/4115 4134/3998/4134 4135/3999/4135 4117/4000/4117
f 1534/3994/1534 1553/3993/1553 2050/4001/2050 2038/4002/2038
f 4134/3998/4134 4115/3997/4115 4619/4003/4619 4631/4004/4631
f 1534/3994/1534 2038/4002/2038 2039/1953/2039 1535/1874/1535
f 4619/4003/4619 4115/3997/4115 4116/1875/4116 4620/1956/4620
f 1536/3995/1536 1534/3994/1534 1535/1874/1535 1537/1873/1537
f 4115/3997/4115 4117/4000/4117 4118/1876/4118 4116/1875/4116
f 1538/4005/1538 1536/3995/1536 1537/1873/1537 1544/1877/1544
f 4117/4000/4117 4119/4006/4119 4125/1878/4125 4118/1876/4118
f 1536/3995/1536 1538/4005/1538 1555/4007/1555 1554/3996/1554
f 4119/4006/4119 4117/4000/4117 4135/3999/4135 4136/4008/4136
f 1538/4005/1538 1544/1877/1544 1545/1867/1545 1540/4009/1540
f 4125/1878/4125 4119/4006/4119 4121/4010/4121 4126/1868/4126
f 1538/4005/1538 1540/4009/1540 1563/4011/1563 1555/4007/1555
f 4121/4010/4121 4119/4006/4119 4136/4008/4136 4144/4012/4144
f 1542/902/1542 1540/4009/1540 1545/1867/1545 1541/890/1541
f 4121/4010/4121 4123/903/4123 4122/891/4122 4126/1868/4126
f 1540/4009/1540 1542/902/1542 1543/3960/1543 1563/4011/1563
f 4123/903/4123 4121/4010/4121 4144/4012/4144 4124/3961/4124
f 1563/4011/1563 1543/3960/1543 1562/4013/1562 1557/4014/1557
f 4124/3961/4124 4144/4012/4144 4138/4015/4138 4143/4016/4143
f 1548/4017/1548 1547/4018/1547 1550/4019/1550 1551/4020/1551
f 4128/4021/4128 4129/4022/4129 4132/4023/4132 4131/4024/4131
f 1547/4018/1547 1548/4017/1548 2047/4025/2047 2048/4026/2048
f 4129/4022/4129 4128/4021/4128 4629/4027/4629 4628/4028/4628
f 1550/4019/1550 1547/4018/1547 1553/3993/1553 1554/3996/1554
f 4128/4021/4128 4131/4024/4131 4135/3999/4135 4134/3998/4134
f 1547/4018/1547 2048/4026/2048 2050/4001/2050 1553/3993/1553
f 4629/4027/4629 4128/4021/4128 4134/3998/4134 4631/4004/4631
f 2047/4025/2047 1548/4017/1548 1549/4029/1549 2104/4030/2104
f 4129/4022/4129 4628/4028/4628 4685/4031/4685 4130/4032/4130
f 1548/4017/1548 1551/4020/1551 1649/4033/1649 1549/4029/1549
f 4132/4023/4132 4129/4022/4129 4130/4032/4130 4230/4034/4230
f 1648/4035/1648 1549/4029/1549 1649/4033/1649 1647/4036/1647
f 4130/4032/4130 4229/4037/4229 4228/4038/4228 4230/4034/4230
f 1549/4029/1549 1648/4035/1648 2102/4039/2102 2104/4030/2104
f 4229/4037/4229 4130/4032/4130 4685/4031/4685 4683/4040/4683
f 1552/4041/1552 1550/4019/1550 1554/3996/1554 1555/4007/1555
f 4131/4024/4131 4133/4042/4133 4136/4008/4136 4135/3999/4135
f 1550/4019/1550 1552/4041/1552 1556/4043/1556 1551/4020/1551
f 4133/4042/4133 4131/4024/4131 4132/4023/4132 4137/4044/4137
f 1649/4033/1649 1551/4020/1551 1556/4043/1556 1656/4045/1656
f 4132/4023/4132 4230/4034/4230 4237/4046/4237 4137/4044/4137
f 1557/4014/1557 1552/4041/1552 1555/4007/1555 1563/4011/1563
f 4133/4042/4133 4138/4015/4138 4144/4012/4144 4136/4008/4136
f 1552/4041/1552 1557/4014/1557 1558/977/1558 1556/4043/1556
f 4138/4015/4138 4133/4042/4133 4137/4044/4137 4139/980/4139
f 1556/4043/1556 1558/977/1558 1559/972/1559 1656/4045/1656
f 4139/980/4139 4137/4044/4137 4237/4046/4237 4140/975/4140
f 1557/4014/1557 1562/4013/1562 1560/978/1560 1558/977/1558
f 4143/4016/4143 4138/4015/4138 4139/980/4139 4141/979/4141
f 1656/4045/1656 1559/972/1559 1653/971/1653 1655/4047/1655
f 4140/975/4140 4237/4046/4237 4236/4048/4236 4234/976/4234
f 1569/3183/1569 1564/4049/1564 1587/4050/1587 1568/4051/1568
f 4145/4052/4145 4150/3184/4150 4149/4053/4149 4168/4054/4168
f 1564/4049/1564 1569/3183/1569 1712/3180/1712 1706/4055/1706
f 4150/3184/4150 4145/4052/4145 4287/4056/4287 4293/3181/4293
f 1587/4050/1587 1564/4049/1564 1575/4057/1575 1585/4058/1585
f 4145/4052/4145 4168/4054/4168 4166/4059/4166 4156/4060/4156
f 1575/4057/1575 1564/4049/1564 1706/4055/1706 1717/4061/1717
f 4145/4052/4145 4156/4060/4156 4298/4062/4298 4287/4056/4287
f 1566/4063/1566 1565/4064/1565 1584/4065/1584 1668/4066/1668
f 4146/4067/4146 4147/4068/4147 4249/4069/4249 4165/4070/4165
f 1565/4064/1565 1566/4063/1566 1570/4071/1570 1567/4072/1567
f 4147/4068/4147 4146/4067/4146 4148/4073/4148 4151/4074/4151
f 1582/4075/1582 1565/4064/1565 1567/4072/1567 1586/4076/1586
f 4146/4067/4146 4163/4077/4163 4167/4078/4167 4148/4073/4148
f 1565/4064/1565 1582/4075/1582 1583/4079/1583 1584/4065/1584
f 4163/4077/4163 4146/4067/4146 4165/4070/4165 4164/4080/4164
f 1618/3053/1618 1566/4063/1566 1668/4066/1668 1606/4081/1606
f 4147/4068/4147 4199/3054/4199 4187/4082/4187 4249/4069/4249
f 1566/4063/1566 1618/3053/1618 1571/2999/1571 1570/4071/1570
f 4199/3054/4199 4147/4068/4147 4151/4074/4151 4152/3002/4152
f 1567/4072/1567 1570/4071/1570 1572/3173/1572 1568/4051/1568
f 4151/4074/4151 4148/4073/4148 4149/4053/4149 4153/3174/4153
f 1586/4076/1586 1567/4072/1567 1568/4051/1568 1587/4050/1587
f 4148/4073/4148 4167/4078/4167 4168/4054/4168 4149/4053/4149
f 1568/4051/1568 1572/3173/1572 1713/3170/1713 1569/3183/1569
f 4153/3174/4153 4149/4053/4149 4150/3184/4150 4294/3171/4294
f 1570/4071/1570 1571/2999/1571 1573/2991/1573 1572/3173/1572
f 4152/3002/4152 4151/4074/4151 4153/3174/4153 4154/2996/4154
f 1585/4058/1585 1574/4083/1574 1580/4084/1580 1581/4085/1581
f 4155/4086/4155 4166/4059/4166 4162/4087/4162 4161/4088/4161
f 1574/4083/1574 1585/4058/1585 1575/4057/1575 1715/4089/1715
f 4166/4059/4166 4155/4086/4155 4296/4090/4296 4156/4060/4156
f 1580/4084/1580 1574/4083/1574 2072/4091/2072 2073/4092/2073
f 4155/4086/4155 4161/4088/4161 4654/4093/4654 4653/4094/4653
f 1574/4083/1574 1715/4089/1715 2058/4095/2058 2072/4091/2072
f 4296/4090/4296 4155/4086/4155 4653/4094/4653 4639/4096/4639
f 1575/4057/1575 1717/4061/1717 1716/4097/1716 1715/4089/1715
f 4298/4062/4298 4156/4060/4156 4296/4090/4296 4297/4098/4297
f 2068/4099/2068 1576/4100/1576 1578/4101/1578 1579/4102/1579
f 4157/4103/4157 4649/4104/4649 4160/4105/4160 4159/4106/4159
f 1576/4100/1576 2068/4099/2068 2070/4107/2070 2071/4108/2071
f 4649/4104/4649 4157/4103/4157 4652/4109/4652 4651/4110/4651
f 1578/4101/1578 1576/4100/1576 2069/4111/2069 1577/4112/1577
f 4157/4103/4157 4159/4106/4159 4158/4113/4158 4650/4114/4650
f 2069/4111/2069 1576/4100/1576 2071/4108/2071 2114/4115/2114
f 4157/4103/4157 4650/4114/4650 4695/4116/4695 4652/4109/4652
f 1577/4112/1577 2069/4111/2069 2118/4117/2118 1661/4118/1661
f 4650/4114/4650 4158/4113/4158 4242/4119/4242 4699/4120/4699
f 1666/4121/1666 1577/4112/1577 1661/4118/1661 1664/4122/1664
f 4158/4113/4158 4247/4123/4247 4245/4124/4245 4242/4119/4242
f 1577/4112/1577 1666/4121/1666 1583/4079/1583 1578/4101/1578
f 4247/4123/4247 4158/4113/4158 4159/4106/4159 4164/4080/4164
f 1579/4102/1579 1578/4101/1578 1583/4079/1583 1582/4075/1582
f 4159/4106/4159 4160/4105/4160 4163/4077/4163 4164/4080/4164
f 1581/4085/1581 1579/4102/1579 1582/4075/1582 1586/4076/1586
f 4160/4105/4160 4162/4087/4162 4167/4078/4167 4163/4077/4163
f 1579/4102/1579 1581/4085/1581 1580/4084/1580 2068/4099/2068
f 4162/4087/4162 4160/4105/4160 4649/4104/4649 4161/4088/4161
f 2068/4099/2068 1580/4084/1580 2073/4092/2073 2070/4107/2070
f 4161/4088/4161 4649/4104/4649 4651/4110/4651 4654/4093/4654
f 1585/4058/1585 1581/4085/1581 1586/4076/1586 1587/4050/1587
f 4162/4087/4162 4166/4059/4166 4168/4054/4168 4167/4078/4167
f 1583/4079/1583 1666/4121/1666 1667/4125/1667 1584/4065/1584
f 4247/4123/4247 4164/4080/4164 4165/4070/4165 4248/4126/4248
f 1668/4066/1668 1584/4065/1584 1667/4125/1667 1669/4127/1669
f 4165/4070/4165 4249/4069/4249 4250/4128/4250 4248/4126/4248
f 1594/4129/1594 1588/4130/1588 1621/4131/1621 1629/4132/1629
f 4169/4133/4169 4175/4134/4175 4210/4135/4210 4202/4136/4202
f 1588/4130/1588 1594/4129/1594 1593/3976/1593 1595/3975/1595
f 4175/4134/4175 4169/4133/4169 4176/3978/4176 4174/3977/4174
f 1588/4130/1588 1595/3975/1595 1590/4137/1590 1589/4138/1589
f 4176/3978/4176 4169/4133/4169 4170/4139/4170 4171/4140/4171
f 1588/4130/1588 1589/4138/1589 1622/4141/1622 1621/4131/1621
f 4170/4139/4170 4169/4133/4169 4202/4136/4202 4203/4142/4203
f 1590/4137/1590 1595/3975/1595 1596/3967/1596 1597/3982/1597
f 4176/3978/4176 4171/4140/4171 4178/3983/4178 4177/3972/4177
f 1592/4143/1592 1591/4144/1591 1599/965/1599 1600/3979/1600
f 4172/4145/4172 4173/4146/4173 4181/3980/4181 4180/968/4180
f 1591/4144/1591 1592/4143/1592 1627/4147/1627 1625/4148/1625
f 4173/4146/4173 4172/4145/4172 4206/4149/4206 4208/4150/4208
f 1654/4151/1654 1591/4144/1591 1625/4148/1625 1624/4152/1624
f 4172/4145/4172 4235/4153/4235 4205/4154/4205 4206/4149/4206
f 1591/4144/1591 1654/4151/1654 1598/966/1598 1599/965/1599
f 4235/4153/4235 4172/4145/4172 4180/968/4180 4179/967/4179
f 1594/4129/1594 1592/4143/1592 1600/3979/1600 1593/3976/1593
f 4173/4146/4173 4175/4134/4175 4174/3977/4174 4181/3980/4181
f 1592/4143/1592 1594/4129/1594 1629/4132/1629 1627/4147/1627
f 4175/4134/4175 4173/4146/4173 4208/4150/4208 4210/4135/4210
f 1653/971/1653 1598/970/1598 1654/4155/1654 1652/4156/1652
f 4179/973/4179 4234/976/4234 4233/4157/4233 4235/4158/4235
f 1604/4159/1604 1602/4160/1602 1610/4161/1610 1611/4162/1611
f 4183/4163/4183 4185/4164/4185 4192/4165/4192 4191/4166/4191
f 1602/4160/1602 1604/4159/1604 1614/3041/1614 1603/4167/1603
f 4185/4164/4185 4183/4163/4183 4184/4168/4184 4195/3042/4195
f 1605/4169/1605 1602/4160/1602 1603/4167/1603 1606/4081/1606
f 4183/4163/4183 4186/4170/4186 4187/4082/4187 4184/4168/4184
f 1602/4160/1602 1605/4169/1605 2438/4171/2438 1610/4161/1610
f 4186/4170/4186 4183/4163/4183 4191/4166/4191 5019/4172/5019
f 1603/4167/1603 1614/3041/1614 1617/3039/1617 1619/3051/1619
f 4195/3042/4195 4184/4168/4184 4200/3052/4200 4198/3040/4198
f 1606/4081/1606 1603/4167/1603 1619/3051/1619 1618/3053/1618
f 4184/4168/4184 4187/4082/4187 4199/3054/4199 4200/3052/4200
f 1615/4173/1615 1604/4159/1604 1611/4162/1611 1620/4174/1620
f 4185/4164/4185 4196/4175/4196 4201/4176/4201 4192/4165/4192
f 1604/4159/1604 1615/4173/1615 1616/3029/1616 1614/3041/1614
f 4196/4175/4196 4185/4164/4185 4195/3042/4195 4197/3034/4197
f 1669/4127/1669 1605/4169/1605 1606/4081/1606 1668/4066/1668
f 4186/4170/4186 4250/4128/4250 4249/4069/4249 4187/4082/4187
f 1605/4169/1605 1669/4127/1669 1679/4177/1679 2438/4171/2438
f 4250/4128/4250 4186/4170/4186 5019/4172/5019 4260/4178/4260
f 2438/4171/2438 1607/4179/1607 1608/4180/1608 1610/4161/1610
f 4188/4181/4188 5019/4172/5019 4191/4166/4191 4189/4182/4189
f 1607/4179/1607 2438/4171/2438 1679/4177/1679 1678/4183/1678
f 5019/4172/5019 4188/4181/4188 4259/4184/4259 4260/4178/4260
f 1607/4179/1607 1678/4183/1678 1671/4185/1671 1673/4186/1673
f 4259/4184/4259 4188/4181/4188 4254/4187/4254 4252/4188/4252
f 1608/4180/1608 1607/4179/1607 1673/4186/1673 1675/4189/1675
f 4188/4181/4188 4189/4182/4189 4256/4190/4256 4254/4187/4254
f 1613/4191/1613 1608/4180/1608 1675/4189/1675 1609/4192/1609
f 4189/4182/4189 4194/4193/4194 4190/4194/4190 4256/4190/4256
f 1608/4180/1608 1613/4191/1613 1611/4162/1611 1610/4161/1610
f 4194/4193/4194 4189/4182/4189 4191/4166/4191 4192/4165/4192
f 1626/4195/1626 1609/4196/1609 1624/4152/1624 1625/4148/1625
f 4190/4197/4190 4207/4198/4207 4206/4149/4206 4205/4154/4205
f 1609/4192/1609 1626/4199/1626 1612/4200/1612 1613/4191/1613
f 4207/4201/4207 4190/4194/4190 4194/4193/4194 4193/4202/4193
f 1609/4203/1609 1675/4204/1675 1674/4205/1674 1624/4206/1624
f 4256/4207/4256 4190/4208/4190 4205/4209/4205 4255/4210/4255
f 1620/4174/1620 1611/4162/1611 1613/4191/1613 1612/4200/1612
f 4192/4165/4192 4201/4176/4201 4193/4202/4193 4194/4193/4194
f 1612/4200/1612 1626/4199/1626 1628/4211/1628 1631/4212/1631
f 4207/4201/4207 4193/4202/4193 4212/4213/4212 4209/4214/4209
f 1612/4200/1612 1631/4212/1631 1643/4215/1643 1620/4174/1620
f 4212/4213/4212 4193/4202/4193 4201/4176/4201 4224/4216/4224
f 1634/3073/1634 1615/4173/1615 1620/4174/1620 1643/4215/1643
f 4196/4175/4196 4215/3074/4215 4224/4216/4224 4201/4176/4201
f 1615/4173/1615 1634/3073/1634 1636/3030/1636 1616/3029/1616
f 4215/3074/4215 4196/4175/4196 4197/3034/4197 4217/3033/4217
f 1629/4132/1629 1621/4131/1621 1623/4217/1623 1630/4218/1630
f 4202/4136/4202 4210/4135/4210 4211/4219/4211 4204/4220/4204
f 1621/4131/1621 1622/4141/1622 1637/4221/1637 1623/4217/1623
f 4203/4142/4203 4202/4136/4202 4204/4220/4204 4218/4222/4218
f 1630/4223/1630 1623/4224/1623 1639/4225/1639 1642/4226/1642
f 4204/4227/4204 4211/4228/4211 4223/4229/4223 4220/4230/4220
f 1623/4224/1623 1637/4231/1637 1638/4232/1638 1639/4225/1639
f 4218/4233/4218 4204/4227/4204 4220/4230/4220 4219/4234/4219
f 1624/4206/1624 1674/4205/1674 1652/4156/1652 1654/4155/1654
f 4255/4210/4255 4205/4209/4205 4235/4158/4235 4233/4157/4233
f 1625/4148/1625 1627/4147/1627 1628/4235/1628 1626/4195/1626
f 4208/4150/4208 4206/4149/4206 4207/4198/4207 4209/4236/4209
f 1627/4147/1627 1629/4132/1629 1630/4218/1630 1628/4235/1628
f 4210/4135/4210 4208/4150/4208 4209/4236/4209 4211/4219/4211
f 1628/4211/1628 1630/4223/1630 1642/4226/1642 1631/4212/1631
f 4211/4228/4211 4209/4214/4209 4212/4213/4212 4223/4229/4223
f 1631/4212/1631 1642/4226/1642 1644/4237/1644 1643/4215/1643
f 4223/4229/4223 4212/4213/4212 4224/4216/4224 4225/4238/4225
f 1632/3068/1632 1633/3067/1633 1641/4239/1641 1640/4240/1640
f 4214/3070/4214 4213/3069/4213 4221/4241/4221 4222/4242/4222
f 1633/3067/1633 1635/3071/1635 1644/4237/1644 1641/4239/1641
f 4216/3072/4216 4214/3070/4214 4222/4242/4222 4225/4238/4225
f 1635/3071/1635 1634/3073/1634 1643/4215/1643 1644/4237/1644
f 4215/3074/4215 4216/3072/4216 4225/4238/4225 4224/4216/4224
f 1639/4225/1639 1638/4232/1638 1640/4240/1640 1641/4239/1641
f 4219/4234/4219 4220/4230/4220 4222/4242/4222 4221/4241/4221
f 1642/4226/1642 1639/4225/1639 1641/4239/1641 1644/4237/1644
f 4220/4230/4220 4223/4229/4223 4225/4238/4225 4222/4242/4222
f 1646/4243/1646 1645/4244/1645 2102/4039/2102 1648/4035/1648
f 4226/4245/4226 4227/4246/4227 4229/4037/4229 4683/4040/4683
f 1645/4244/1645 1646/4243/1646 1659/4247/1659 1657/4248/1657
f 4227/4246/4227 4226/4245/4226 4238/4249/4238 4240/4250/4240
f 2100/4251/2100 1645/4244/1645 1657/4248/1657 2099/4252/2099
f 4226/4245/4226 4681/4253/4681 4680/4254/4680 4238/4249/4238
f 1645/4244/1645 2100/4251/2100 2103/4255/2103 2102/4039/2102
f 4681/4253/4681 4226/4245/4226 4683/4040/4683 4684/4256/4684
f 1650/4257/1650 1646/4243/1646 1648/4035/1648 1647/4036/1647
f 4227/4246/4227 4231/4258/4231 4228/4038/4228 4229/4037/4229
f 1646/4243/1646 1650/4257/1650 1670/4259/1670 1659/4247/1659
f 4231/4258/4231 4227/4246/4227 4240/4250/4240 4251/4260/4251
f 1655/4047/1655 1647/4036/1647 1649/4033/1649 1656/4045/1656
f 4228/4038/4228 4236/4048/4236 4237/4046/4237 4230/4034/4230
f 1647/4036/1647 1655/4047/1655 1651/4261/1651 1650/4257/1650
f 4236/4048/4236 4228/4038/4228 4231/4258/4231 4232/4262/4232
f 1650/4257/1650 1651/4261/1651 1672/4263/1672 1670/4259/1670
f 4232/4262/4232 4231/4258/4231 4251/4260/4251 4253/4264/4253
f 1652/4156/1652 1651/4261/1651 1655/4047/1655 1653/971/1653
f 4232/4262/4232 4233/4157/4233 4234/976/4234 4236/4048/4236
f 1651/4261/1651 1652/4156/1652 1674/4205/1674 1672/4263/1672
f 4233/4157/4233 4232/4262/4232 4253/4264/4253 4255/4210/4255
f 1657/4248/1657 1659/4247/1659 1658/4265/1658 1663/4266/1663
f 4240/4250/4240 4238/4249/4238 4244/4267/4244 4239/4268/4239
f 2099/4252/2099 1657/4248/1657 1663/4266/1663 1660/4269/1660
f 4238/4249/4238 4680/4254/4680 4241/4270/4241 4244/4267/4244
f 1663/4271/1663 1658/4272/1658 1676/4273/1676 1665/4274/1665
f 4239/4275/4239 4244/4276/4244 4246/4277/4246 4257/4278/4257
f 1676/4273/1676 1658/4272/1658 1671/4185/1671 1678/4183/1678
f 4239/4275/4239 4257/4278/4257 4259/4184/4259 4252/4188/4252
f 1671/4279/1671 1658/4265/1658 1659/4247/1659 1670/4259/1670
f 4239/4268/4239 4252/4280/4252 4251/4260/4251 4240/4250/4240
f 2120/4281/2120 1660/4282/1660 1662/4283/1662 2119/4284/2119
f 4241/4285/4241 4701/4286/4701 4700/4287/4700 4243/4288/4243
f 1660/4269/1660 2120/4289/2120 2115/4290/2115 2099/4252/2099
f 4701/4291/4701 4241/4270/4241 4680/4254/4680 4696/4292/4696
f 1660/4282/1660 1663/4271/1663 1665/4274/1665 1662/4283/1662
f 4244/4276/4244 4241/4285/4241 4243/4288/4243 4246/4277/4246
f 1661/4118/1661 2118/4117/2118 2119/4284/2119 1662/4283/1662
f 4699/4120/4699 4242/4119/4242 4243/4288/4243 4700/4287/4700
f 1661/4118/1661 1662/4283/1662 1665/4274/1665 1664/4122/1664
f 4243/4288/4243 4242/4119/4242 4245/4124/4245 4246/4277/4246
f 1677/4293/1677 1664/4122/1664 1665/4274/1665 1676/4273/1676
f 4245/4124/4245 4258/4294/4258 4257/4278/4257 4246/4277/4246
f 1664/4122/1664 1677/4293/1677 1667/4125/1667 1666/4121/1666
f 4258/4294/4258 4245/4124/4245 4247/4123/4247 4248/4126/4248
f 1669/4127/1669 1667/4125/1667 1677/4293/1677 1679/4177/1679
f 4248/4126/4248 4250/4128/4250 4260/4178/4260 4258/4294/4258
f 1670/4259/1670 1672/4263/1672 1673/4295/1673 1671/4279/1671
f 4253/4264/4253 4251/4260/4251 4252/4280/4252 4254/4296/4254
f 1672/4263/1672 1674/4205/1674 1675/4204/1675 1673/4295/1673
f 4255/4210/4255 4253/4264/4253 4254/4296/4254 4256/4207/4256
f 1676/4273/1676 1678/4183/1678 1679/4177/1679 1677/4293/1677
f 4259/4184/4259 4257/4278/4257 4258/4294/4258 4260/4178/4260
f 1695/4297/1695 1680/963/1680 1693/393/1693 1694/4298/1694
f 4261/964/4261 4276/4299/4276 4275/4300/4275 4274/394/4274
f 1680/963/1680 1695/4297/1695 1682/3112/1682 1681/1019/1681
f 4276/4299/4276 4261/964/4261 4262/1022/4262 4263/3114/4263
f 1689/3115/1689 1682/3112/1682 1695/4297/1695 1684/4301/1684
f 4263/3114/4263 4270/3116/4270 4265/4302/4265 4276/4299/4276
f 1685/4303/1685 1683/4304/1683 1702/4305/1702 1704/4306/1704
f 4264/4307/4264 4266/4308/4266 4285/4309/4285 4283/4310/4283
f 1683/4304/1683 1685/4303/1685 1692/3106/1692 1687/3095/1687
f 4266/4308/4266 4264/4307/4264 4268/3100/4268 4273/3108/4273
f 1690/4311/1690 1683/4304/1683 1687/3095/1687 1688/3094/1688
f 4264/4307/4264 4271/4312/4271 4269/3097/4269 4268/3100/4268
f 1683/4304/1683 1690/4311/1690 1701/4313/1701 1702/4305/1702
f 4271/4312/4271 4264/4307/4264 4283/4310/4283 4282/4314/4282
f 1684/4301/1684 1695/4297/1695 1694/4298/1694 1696/4315/1696
f 4276/4299/4276 4265/4302/4265 4277/4316/4277 4275/4300/4275
f 1701/4317/1701 1684/4301/1684 1696/4315/1696 1697/4318/1697
f 4265/4302/4265 4282/4319/4282 4278/4320/4278 4277/4316/4277
f 1684/4301/1684 1701/4317/1701 1690/3117/1690 1689/3115/1689
f 4282/4319/4282 4265/4302/4265 4270/3116/4270 4271/3118/4271
f 1686/4321/1686 1685/4303/1685 1704/4306/1704 1703/4322/1703
f 4266/4308/4266 4267/4323/4267 4284/4324/4284 4285/4309/4285
f 1685/4303/1685 1686/4321/1686 1691/3232/1691 1692/3106/1692
f 4267/4323/4267 4266/4308/4266 4273/3108/4273 4272/3234/4272
f 2492/4325/2492 1686/4326/1686 1703/4327/1703 2498/4328/2498
f 4267/4329/4267 5073/4330/5073 5079/4331/5079 4284/4332/4284
f 1686/4326/1686 2492/4325/2492 2489/3238/2489 1691/3237/1691
f 5073/4330/5073 4267/4329/4267 4272/3242/4272 5070/3241/5070
f 1694/4298/1694 1693/393/1693 2150/391/2150 2151/4333/2151
f 4274/394/4274 4275/4300/4275 4732/4334/4732 4731/392/4731
f 1696/4315/1696 1694/4298/1694 2151/4333/2151 2152/4335/2152
f 4275/4300/4275 4277/4316/4277 4733/4336/4733 4732/4334/4732
f 1697/4318/1697 1696/4315/1696 2152/4335/2152 2158/4337/2158
f 4277/4316/4277 4278/4320/4278 4739/4338/4739 4733/4336/4733
f 1697/4339/1697 2158/4340/2158 2159/4341/2159 1698/4342/1698
f 4739/4343/4739 4278/4344/4278 4279/4345/4279 4740/4346/4740
f 1701/4313/1701 1697/4339/1697 1698/4342/1698 1702/4305/1702
f 4278/4344/4278 4282/4314/4282 4283/4310/4283 4279/4345/4279
f 1700/4347/1700 1698/4342/1698 2159/4341/2159 2161/4348/2161
f 4279/4345/4279 4281/4349/4281 4742/4350/4742 4740/4346/4740
f 1698/4342/1698 1700/4347/1700 1704/4306/1704 1702/4305/1702
f 4281/4349/4281 4279/4345/4279 4283/4310/4283 4285/4309/4285
f 1700/4347/1700 1699/4351/1699 1703/4322/1703 1704/4306/1704
f 4280/4352/4280 4281/4349/4281 4285/4309/4285 4284/4324/4284
f 1699/4351/1699 1700/4347/1700 2161/4348/2161 2160/4353/2160
f 4281/4349/4281 4280/4352/4280 4741/4354/4741 4742/4350/4742
f 2505/4355/2505 1699/4356/1699 2160/4357/2160 2510/4358/2510
f 4280/4359/4280 5086/4360/5086 5091/4361/5091 4741/4362/4741
f 1699/4356/1699 2505/4355/2505 2498/4328/2498 1703/4327/1703
f 5086/4360/5086 4280/4359/4280 4284/4332/4284 5079/4331/5079
f 1707/4363/1707 1705/4364/1705 2486/3179/2486 2487/3189/2487
f 4286/4365/4286 4288/4366/4288 5068/3190/5068 5067/3182/5067
f 1705/4364/1705 1707/4363/1707 2491/4367/2491 1718/4368/1718
f 4288/4366/4288 4286/4365/4286 4299/4369/4299 5072/4370/5072
f 2486/3179/2486 1705/4364/1705 1706/4055/1706 1712/3180/1712
f 4286/4365/4286 5067/3182/5067 4293/3181/4293 4287/4056/4287
f 1706/4055/1706 1705/4364/1705 1718/4368/1718 1717/4061/1717
f 4286/4365/4286 4287/4056/4287 4298/4062/4298 4299/4369/4299
f 1708/4371/1708 1707/4372/1707 2487/4373/2487 1709/4374/1709
f 4288/4375/4288 4289/4376/4289 4290/4377/4290 5068/4378/5068
f 1707/4372/1707 1708/4371/1708 2494/4379/2494 2491/4380/2491
f 4289/4376/4289 4288/4375/4288 5072/4381/5072 5075/4382/5075
f 2488/4383/2488 1708/4371/1708 1709/4374/1709 1711/4384/1711
f 4289/4376/4289 5069/4385/5069 4292/4386/4292 4290/4377/4290
f 1708/4371/1708 2488/4383/2488 2493/4387/2493 2494/4379/2494
f 5069/4385/5069 4289/4376/4289 5075/4382/5075 5074/4388/5074
f 1709/4374/1709 2487/4373/2487 2481/4389/2481 2483/4390/2483
f 5068/4378/5068 4290/4377/4290 5064/4391/5064 5062/4392/5062
f 1711/4384/1711 1709/4374/1709 2483/4390/2483 2485/4393/2485
f 4290/4377/4290 4292/4386/4292 5066/4394/5066 5064/4391/5064
f 1711/4395/1711 1710/4396/1710 2490/4397/2490 2488/4398/2488
f 4291/4399/4291 4292/4400/4292 5069/4401/5069 5071/4402/5071
f 1710/4396/1710 1711/4395/1711 2485/4403/2485 2484/4404/2484
f 4292/4400/4292 4291/4399/4291 5065/4405/5065 5066/4406/5066
f 2490/4397/2490 1710/4396/1710 2482/3235/2482 2489/3238/2489
f 4291/4399/4291 5071/4402/5071 5070/3241/5070 5063/3240/5063
f 1710/4396/1710 2484/4404/2484 2475/3150/2475 2482/3235/2482
f 5065/4405/5065 4291/4399/4291 5063/3240/5063 5056/3153/5056
f 2501/4407/2501 1714/4408/1714 1716/4097/1716 2504/4409/2504
f 4295/4410/4295 5082/4411/5082 5085/4412/5085 4297/4098/4297
f 1714/4408/1714 2501/4407/2501 2512/4413/2512 2176/4414/2176
f 5082/4411/5082 4295/4410/4295 4757/4415/4757 5093/4416/5093
f 1716/4097/1716 1714/4408/1714 2058/4095/2058 1715/4089/1715
f 4295/4410/4295 4297/4098/4297 4296/4090/4296 4639/4096/4639
f 2058/4095/2058 1714/4408/1714 2176/4414/2176 2059/4417/2059
f 4295/4410/4295 4639/4096/4639 4640/4418/4640 4757/4415/4757
f 2504/4409/2504 1716/4097/1716 1717/4061/1717 1718/4368/1718
f 4297/4098/4297 5085/4412/5085 4299/4369/4299 4298/4062/4298
f 2504/4409/2504 1718/4368/1718 2491/4367/2491 2496/4419/2496
f 4299/4369/4299 5085/4412/5085 5077/4420/5077 5072/4370/5072
f 1721/3299/1721 1719/4421/1719 1723/4422/1723 1724/3301/1724
f 4300/4423/4300 4302/3300/4302 4305/3302/4305 4304/4424/4304
f 1719/4421/1719 1721/3299/1721 1722/515/1722 1720/512/1720
f 4302/3300/4302 4300/4423/4300 4301/513/4301 4303/516/4303
f 1730/4425/1730 1719/4421/1719 1720/512/1720 1726/511/1726
f 4300/4423/4300 4311/4426/4311 4307/514/4307 4301/513/4301
f 1719/4421/1719 1730/4425/1730 1729/4427/1729 1723/4422/1723
f 4311/4426/4311 4300/4423/4300 4304/4424/4304 4310/4428/4310
f 1723/4422/1723 1729/4427/1729 1740/4429/1740 1732/3315/1732
f 4310/4428/4310 4304/4424/4304 4313/3318/4313 4321/4430/4321
f 1724/3301/1724 1723/4422/1723 1732/3315/1732 1733/3303/1733
f 4304/4424/4304 4305/3302/4305 4314/3304/4314 4313/3318/4313
f 1726/511/1726 1725/519/1725 1728/4431/1728 1730/4425/1730
f 4306/520/4306 4307/514/4307 4311/4426/4311 4309/4432/4309
f 1725/519/1725 2191/191/2191 2189/195/2189 2190/4433/2190
f 4772/194/4772 4306/520/4306 4771/4434/4771 4770/196/4770
f 1728/4431/1728 1725/519/1725 2190/4433/2190 2196/4435/2196
f 4306/520/4306 4309/4432/4309 4777/4436/4777 4771/4434/4771
f 2195/4437/2195 1727/4438/1727 1728/4431/1728 2196/4435/2196
f 4308/4439/4308 4776/4440/4776 4777/4436/4777 4309/4432/4309
f 1727/4438/1727 2195/4437/2195 2204/4441/2204 1738/4442/1738
f 4776/4440/4776 4308/4439/4308 4319/4443/4319 4785/4444/4785
f 1729/4427/1729 1727/4438/1727 1738/4442/1738 1740/4429/1740
f 4308/4439/4308 4310/4428/4310 4321/4430/4321 4319/4443/4319
f 1727/4438/1727 1729/4427/1729 1730/4425/1730 1728/4431/1728
f 4310/4428/4310 4308/4439/4308 4309/4432/4309 4311/4426/4311
f 1739/4445/1739 1731/3316/1731 1732/3315/1732 1740/4429/1740
f 4312/3317/4312 4320/4446/4320 4321/4430/4321 4313/3318/4313
f 1731/3316/1731 1739/4445/1739 1735/4447/1735 1734/3319/1734
f 4320/4446/4320 4312/3317/4312 4315/3322/4315 4316/4448/4316
f 1741/4449/1741 1735/4447/1735 1739/4445/1739 1737/4450/1737
f 4316/4448/4316 4322/4451/4322 4318/4452/4318 4320/4446/4320
f 1737/4450/1737 1739/4445/1739 1740/4429/1740 1738/4442/1738
f 4320/4446/4320 4318/4452/4318 4319/4443/4319 4321/4430/4321
f 1741/4449/1741 1737/4450/1737 2206/4453/2206 2205/4454/2205
f 4318/4452/4318 4322/4451/4322 4786/4455/4786 4787/4456/4787
f 1737/4450/1737 1738/4442/1738 2204/4441/2204 2206/4453/2206
f 4319/4443/4319 4318/4452/4318 4787/4456/4787 4785/4444/4785
f 1746/3335/1746 1742/4457/1742 1743/1271/1743 1744/1267/1744
f 4323/4458/4323 4327/3336/4327 4325/1269/4325 4324/1272/4324
f 1742/4457/1742 1746/3335/1746 1745/3337/1745 1756/3383/1756
f 4327/3336/4327 4323/4458/4323 4337/3384/4337 4326/3338/4326
f 1743/1271/1743 1742/4457/1742 1752/4459/1752 1754/4460/1754
f 4323/4458/4323 4324/1272/4324 4335/4461/4335 4333/4462/4333
f 1742/4457/1742 1756/3383/1756 1751/4463/1751 1752/4459/1752
f 4337/3384/4337 4323/4458/4323 4333/4462/4333 4332/4464/4332
f 1753/425/1753 1743/1271/1743 1754/4460/1754 1755/421/1755
f 4324/1272/4324 4334/426/4334 4336/424/4336 4335/4461/4335
f 1748/4465/1748 1747/4466/1747 2222/4467/2222 2215/4468/2215
f 4328/4469/4328 4329/4470/4329 4796/4471/4796 4803/4472/4803
f 1747/4466/1747 1748/4465/1748 1752/4459/1752 1751/4463/1751
f 4329/4470/4329 4328/4469/4328 4332/4464/4332 4333/4462/4333
f 2222/4467/2222 1747/4466/1747 1769/4473/1769 2245/4474/2245
f 4328/4469/4328 4803/4472/4803 4826/4475/4826 4350/4476/4350
f 1769/4473/1769 1747/4466/1747 1751/4463/1751 1770/4477/1770
f 4328/4469/4328 4350/4476/4350 4351/4478/4351 4332/4464/4332
f 1752/4459/1752 1748/4465/1748 1750/4479/1750 1754/4460/1754
f 4329/4470/4329 4333/4462/4333 4335/4461/4335 4331/4480/4331
f 1750/4479/1750 1748/4465/1748 2215/4468/2215 2211/4481/2211
f 4329/4470/4329 4331/4480/4331 4792/4482/4792 4796/4471/4796
f 1750/4479/1750 1749/422/1749 1755/421/1755 1754/4460/1754
f 4330/423/4330 4331/4480/4331 4335/4461/4335 4336/424/4336
f 1749/422/1749 1750/4479/1750 2211/4481/2211 2216/4483/2216
f 4331/4480/4331 4330/423/4330 4797/4484/4797 4792/4482/4792
f 2217/416/2217 1749/422/1749 2216/4483/2216 2214/4485/2214
f 4330/423/4330 4798/418/4798 4795/4486/4795 4797/4484/4797
f 1770/4477/1770 1751/4463/1751 1756/3383/1756 1757/3374/1757
f 4332/4464/4332 4351/4478/4351 4338/3377/4338 4337/3384/4337
f 1757/3374/1757 1762/3373/1762 1782/4487/1782 1770/4477/1770
f 4343/3378/4343 4338/3377/4338 4351/4478/4351 4363/4488/4363
f 1760/4489/1760 1758/3415/1758 1765/3398/1765 1759/4490/1759
f 4339/3418/4339 4341/4491/4341 4340/4492/4340 4346/3399/4346
f 1758/3415/1758 1760/4489/1760 1781/4493/1781 1763/3416/1763
f 4341/4491/4341 4339/3418/4339 4344/3417/4344 4362/4494/4362
f 1760/4489/1760 1759/4490/1759 1798/4495/1798 1775/4496/1775
f 4340/4492/4340 4341/4491/4341 4356/4497/4356 4379/4498/4379
f 1798/4495/1798 1759/4490/1759 1794/4499/1794 1797/4500/1797
f 4340/4492/4340 4379/4498/4379 4378/4501/4378 4375/4502/4375
f 1759/4490/1759 1765/3398/1765 1766/3397/1766 1794/4499/1794
f 4346/3399/4346 4340/4492/4340 4375/4502/4375 4347/3400/4347
f 1760/4489/1760 1775/4496/1775 1776/4503/1776 1781/4493/1781
f 4356/4497/4356 4341/4491/4341 4362/4494/4362 4357/4504/4357
f 1780/4505/1780 1761/3381/1761 1763/3416/1763 1781/4493/1781
f 4342/3382/4342 4361/4506/4361 4362/4494/4362 4344/3417/4344
f 1761/3381/1761 1780/4505/1780 1782/4487/1782 1762/3373/1762
f 4361/4506/4361 4342/3382/4342 4343/3378/4343 4363/4488/4363
f 1763/3416/1763 1761/3381/1761 1768/3379/1768 1767/3412/1767
f 4342/3382/4342 4344/3417/4344 4348/3414/4348 4349/3380/4349
f 1794/4499/1794 1766/3397/1766 1812/3401/1812 1793/4507/1793
f 4347/3400/4347 4375/4502/4375 4374/4508/4374 4393/3402/4393
f 1773/4509/1773 1769/4473/1769 1770/4477/1770 1782/4487/1782
f 4350/4476/4350 4354/4510/4354 4363/4488/4363 4351/4478/4351
f 1769/4473/1769 1773/4509/1773 1774/4511/1774 2245/4474/2245
f 4354/4510/4354 4350/4476/4350 4826/4475/4826 4355/4512/4355
f 1774/4511/1774 1771/4513/1771 2259/4514/2259 2244/4515/2244
f 4352/4516/4352 4355/4512/4355 4825/4517/4825 4840/4518/4840
f 1771/4513/1771 1774/4511/1774 1773/4509/1773 1772/4519/1772
f 4355/4512/4355 4352/4516/4352 4353/4520/4353 4354/4510/4354
f 2259/4514/2259 1771/4513/1771 1779/4521/1779 2258/4522/2258
f 4352/4516/4352 4840/4518/4840 4839/4523/4839 4360/4524/4360
f 1771/4513/1771 1772/4519/1772 1776/4503/1776 1779/4521/1779
f 4353/4520/4353 4352/4516/4352 4360/4524/4360 4357/4504/4357
f 1772/4519/1772 1773/4509/1773 1782/4487/1782 1780/4505/1780
f 4354/4510/4354 4353/4520/4353 4361/4506/4361 4363/4488/4363
f 1772/4519/1772 1780/4505/1780 1781/4493/1781 1776/4503/1776
f 4361/4506/4361 4353/4520/4353 4357/4504/4357 4362/4494/4362
f 1774/4511/1774 2244/4515/2244 2242/4525/2242 2245/4474/2245
f 4825/4517/4825 4355/4512/4355 4826/4475/4826 4823/4526/4823
f 1776/4503/1776 1775/4496/1775 1778/4527/1778 1779/4521/1779
f 4356/4497/4356 4357/4504/4357 4360/4524/4360 4359/4528/4359
f 1778/4527/1778 1775/4496/1775 1798/4495/1798 1777/4529/1777
f 4356/4497/4356 4359/4528/4359 4358/4530/4358 4379/4498/4379
f 1777/4529/1777 1798/4495/1798 1797/4500/1797 1842/4531/1842
f 4379/4498/4379 4358/4530/4358 4423/4532/4423 4378/4501/4378
f 1778/4527/1778 1777/4529/1777 1830/4533/1830 1831/4534/1831
f 4358/4530/4358 4359/4528/4359 4412/4535/4412 4411/4536/4411
f 1830/4533/1830 1777/4529/1777 1842/4531/1842 1843/4537/1843
f 4358/4530/4358 4411/4536/4411 4424/4538/4424 4423/4532/4423
f 1779/4521/1779 1778/4527/1778 1831/4534/1831 2258/4522/2258
f 4359/4528/4359 4360/4524/4360 4839/4523/4839 4412/4535/4412
f 1804/4539/1804 1783/4540/1783 1802/3661/1802 1803/3654/1803
f 4364/4541/4364 4385/4542/4385 4384/3655/4384 4383/3662/4383
f 1783/4540/1783 1804/4539/1804 1816/4543/1816 1786/4544/1786
f 4385/4542/4385 4364/4541/4364 4367/4545/4367 4397/4546/4397
f 1802/3661/1802 1783/4540/1783 1808/4547/1808 1807/4548/1807
f 4364/4541/4364 4383/3662/4383 4388/4549/4388 4389/4550/4389
f 1783/4540/1783 1786/4544/1786 1784/4551/1784 1808/4547/1808
f 4367/4545/4367 4364/4541/4364 4389/4550/4389 4365/4552/4365
f 1808/4547/1808 1784/4551/1784 1789/4553/1789 1809/4554/1809
f 4365/4552/4365 4389/4550/4389 4390/4555/4390 4370/4556/4370
f 1784/4551/1784 1786/4544/1786 1788/4557/1788 1791/4558/1791
f 4367/4545/4367 4365/4552/4365 4372/4559/4372 4369/4560/4369
f 1789/4553/1789 1784/4551/1784 1791/4558/1791 1790/4561/1790
f 4365/4552/4365 4370/4556/4370 4371/4562/4371 4372/4559/4372
f 1818/4563/1818 1785/4564/1785 1817/4565/1817 1819/4566/1819
f 4366/4567/4366 4399/4568/4399 4400/4569/4400 4398/4570/4398
f 1785/4564/1785 1818/4563/1818 1787/4571/1787 1816/4543/1816
f 4399/4568/4399 4366/4567/4366 4397/4546/4397 4368/4572/4368
f 1817/4565/1817 1785/4564/1785 1828/4573/1828 1827/4574/1827
f 4366/4567/4366 4398/4570/4398 4408/4575/4408 4409/4576/4409
f 1828/4573/1828 1785/4564/1785 1816/4543/1816 1804/4539/1804
f 4366/4567/4366 4409/4576/4409 4385/4542/4385 4397/4546/4397
f 1786/4544/1786 1816/4543/1816 1787/4571/1787 1788/4557/1788
f 4397/4546/4397 4367/4545/4367 4369/4560/4369 4368/4572/4368
f 1787/4571/1787 1818/4563/1818 1879/4577/1879 1834/4578/1834
f 4399/4568/4399 4368/4572/4368 4415/4579/4415 4460/4580/4460
f 1788/4557/1788 1787/4571/1787 1834/4578/1834 1854/4581/1854
f 4368/4572/4368 4369/4560/4369 4435/4582/4435 4415/4579/4415
f 1791/4558/1791 1788/4557/1788 1854/4581/1854 1835/4583/1835
f 4369/4560/4369 4372/4559/4372 4416/4584/4416 4435/4582/4435
f 1789/4585/1789 1790/4586/1790 1837/4587/1837 1795/4588/1795
f 4371/4589/4371 4370/4590/4370 4376/4591/4376 4418/4592/4418
f 1809/4593/1809 1789/4585/1789 1795/4588/1795 1792/4594/1792
f 4370/4590/4370 4390/4595/4390 4373/4596/4373 4376/4591/4376
f 1838/4597/1838 1790/4561/1790 1791/4558/1791 1835/4583/1835
f 4371/4562/4371 4419/4598/4419 4416/4584/4416 4372/4559/4372
f 1790/4586/1790 1838/4599/1838 1836/4600/1836 1837/4587/1837
f 4419/4601/4419 4371/4589/4371 4418/4592/4418 4417/4602/4417
f 1793/4507/1793 1792/4594/1792 1795/4588/1795 1796/4603/1796
f 4373/4596/4373 4374/4508/4374 4377/4604/4377 4376/4591/4376
f 1792/4594/1792 1793/4507/1793 1812/3401/1812 1813/4605/1813
f 4374/4508/4374 4373/4596/4373 4394/4606/4394 4393/3402/4393
f 1792/4594/1792 1813/4605/1813 1806/4607/1806 1809/4593/1809
f 4394/4606/4394 4373/4596/4373 4390/4595/4390 4387/4608/4387
f 1794/4499/1794 1793/4507/1793 1796/4603/1796 1797/4500/1797
f 4374/4508/4374 4375/4502/4375 4378/4501/4378 4377/4604/4377
f 1796/4603/1796 1795/4588/1795 1837/4587/1837 1841/4609/1841
f 4376/4591/4376 4377/4604/4377 4422/4610/4422 4418/4592/4418
f 1796/4603/1796 1841/4609/1841 1842/4531/1842 1797/4500/1797
f 4422/4610/4422 4377/4604/4377 4378/4501/4378 4423/4532/4423
f 1799/3589/1799 1800/3567/1800 1802/3661/1802 1807/4548/1807
f 4381/3570/4381 4380/3590/4380 4388/4549/4388 4383/3662/4383
f 1799/3589/1799 1807/4548/1807 1806/4611/1806 1805/3591/1805
f 4388/4549/4388 4380/3590/4380 4386/3594/4386 4387/4612/4387
f 1803/3654/1803 1801/3653/1801 1828/4573/1828 1804/4539/1804
f 4382/3656/4382 4384/3655/4384 4385/4542/4385 4409/4576/4409
f 1828/4573/1828 1801/3653/1801 1826/3659/1826 1827/4574/1827
f 4382/3656/4382 4409/4576/4409 4408/4575/4408 4407/3660/4407
f 1805/3598/1805 1806/4607/1806 1813/4605/1813 1810/3599/1810
f 4387/4608/4387 4386/3601/4386 4391/3604/4391 4394/4606/4394
f 1809/4554/1809 1806/4611/1806 1807/4548/1807 1808/4547/1808
f 4387/4612/4387 4390/4555/4390 4389/4550/4389 4388/4549/4388
f 1811/3394/1811 1810/3599/1810 1813/4605/1813 1812/3401/1812
f 4391/3604/4391 4392/3395/4392 4393/3402/4393 4394/4606/4394
f 1815/4613/1815 1814/4614/1814 1889/4615/1889 1915/4616/1915
f 4395/4617/4395 4396/4618/4396 4496/4619/4496 4470/4620/4470
f 1814/4614/1814 1815/4613/1815 1819/4566/1819 1817/4565/1817
f 4396/4618/4396 4395/4617/4395 4398/4570/4398 4400/4569/4400
f 1889/4615/1889 1814/4614/1814 1825/4621/1825 1823/4622/1823
f 4395/4617/4395 4470/4620/4470 4404/4623/4404 4406/4624/4406
f 1814/4614/1814 1817/4565/1817 1827/4574/1827 1825/4621/1825
f 4398/4570/4398 4395/4617/4395 4406/4624/4406 4408/4575/4408
f 1815/4613/1815 1915/4616/1915 1866/4625/1866 1867/4626/1867
f 4496/4619/4496 4396/4618/4396 4448/4627/4448 4447/4628/4447
f 1819/4566/1819 1815/4613/1815 1867/4626/1867 1880/4629/1880
f 4396/4618/4396 4400/4569/4400 4461/4630/4461 4448/4627/4448
f 1879/4577/1879 1818/4563/1818 1819/4566/1819 1880/4629/1880
f 4399/4568/4399 4460/4580/4460 4461/4630/4461 4400/4569/4400
f 1824/3657/1824 1820/3641/1820 1822/4631/1822 1826/3659/1826
f 4401/3642/4401 4405/3658/4405 4407/3660/4407 4403/4632/4403
f 1822/4631/1822 1820/3641/1820 1897/3638/1897 1821/4633/1821
f 4401/3642/4401 4403/4632/4403 4402/4634/4402 4478/3639/4478
f 1823/4622/1823 1821/4633/1821 1898/4635/1898 1899/4636/1899
f 4402/4634/4402 4404/4623/4404 4480/4637/4480 4479/4638/4479
f 1821/4633/1821 1823/4622/1823 1825/4621/1825 1822/4631/1822
f 4404/4623/4404 4402/4634/4402 4403/4632/4403 4406/4624/4406
f 1898/4635/1898 1821/4633/1821 1897/3638/1897 1893/3637/1893
f 4402/4634/4402 4479/4638/4479 4474/3640/4474 4478/3639/4478
f 1822/4631/1822 1825/4621/1825 1827/4574/1827 1826/3659/1826
f 4406/4624/4406 4403/4632/4403 4407/3660/4407 4408/4575/4408
f 1889/4615/1889 1823/4622/1823 1899/4636/1899 1887/4639/1887
f 4404/4623/4404 4470/4620/4470 4468/4640/4468 4480/4637/4480
f 2254/4641/2254 1829/4642/1829 1839/4643/1839 1851/4644/1851
f 4410/4645/4410 4835/4646/4835 4432/4647/4432 4420/4648/4420
f 1829/4642/1829 2254/4641/2254 2253/4649/2253 1832/4650/1832
f 4835/4646/4835 4410/4645/4410 4413/4651/4413 4834/4652/4834
f 1829/4642/1829 1832/4650/1832 1830/4533/1830 1843/4537/1843
f 4413/4651/4413 4410/4645/4410 4424/4538/4424 4411/4536/4411
f 1829/4642/1829 1843/4537/1843 1840/4653/1840 1839/4643/1839
f 4424/4538/4424 4410/4645/4410 4420/4648/4420 4421/4654/4421
f 1831/4534/1831 1830/4533/1830 1832/4650/1832 1833/4655/1833
f 4411/4536/4411 4412/4535/4412 4414/4656/4414 4413/4651/4413
f 1831/4534/1831 1833/4655/1833 2256/4657/2256 2258/4522/2258
f 4414/4656/4414 4412/4535/4412 4839/4523/4839 4837/4658/4837
f 1832/4650/1832 2253/4649/2253 2255/4659/2255 1833/4655/1833
f 4834/4652/4834 4413/4651/4413 4414/4656/4414 4836/4660/4836
f 2256/4657/2256 1833/4655/1833 2255/4659/2255 2247/4661/2247
f 4414/4656/4414 4837/4658/4837 4828/4662/4828 4836/4660/4836
f 1834/4663/1834 1879/4664/1879 1882/4665/1882 1881/4666/1881
f 4460/4667/4460 4415/4668/4415 4462/4669/4462 4463/4670/4463
f 1834/4663/1834 1881/4666/1881 1855/4671/1855 1854/4672/1854
f 4462/4669/4462 4415/4668/4415 4435/4673/4435 4436/4674/4436
f 1835/4675/1835 1854/4672/1854 1855/4671/1855 1860/4676/1860
f 4435/4673/4435 4416/4677/4416 4441/4678/4441 4436/4674/4436
f 1838/4679/1838 1835/4675/1835 1860/4676/1860 1861/4680/1861
f 4416/4677/4416 4419/4681/4419 4442/4682/4442 4441/4678/4441
f 1837/4587/1837 1836/4600/1836 1840/4653/1840 1841/4609/1841
f 4417/4602/4417 4418/4592/4418 4422/4610/4422 4421/4654/4421
f 1840/4653/1840 1836/4600/1836 1864/4683/1864 1839/4643/1839
f 4417/4602/4417 4421/4654/4421 4420/4648/4420 4445/4684/4445
f 1864/4683/1864 1836/4600/1836 1838/4599/1838 1861/4685/1861
f 4417/4602/4417 4445/4684/4445 4442/4686/4442 4419/4601/4419
f 1851/4644/1851 1839/4643/1839 1864/4683/1864 1849/4687/1849
f 4420/4648/4420 4432/4647/4432 4430/4688/4430 4445/4684/4445
f 1841/4609/1841 1840/4653/1840 1843/4537/1843 1842/4531/1842
f 4421/4654/4421 4422/4610/4422 4423/4532/4423 4424/4538/4424
f 1852/4689/1852 1844/4690/1844 1871/4691/1871 1853/4692/1853
f 4425/4693/4425 4433/4694/4433 4434/4695/4434 4452/4696/4452
f 1844/4690/1844 1852/4689/1852 1878/4697/1878 1870/4698/1870
f 4433/4694/4433 4425/4693/4425 4451/4699/4451 4459/4700/4459
f 1871/4691/1871 1845/4701/1845 1859/4702/1859 1853/4692/1853
f 4426/4703/4426 4452/4696/4452 4434/4695/4434 4440/4704/4440
f 1859/4702/1859 1845/4701/1845 1846/4705/1846 1865/4706/1865
f 4426/4703/4426 4440/4704/4440 4446/4707/4446 4427/4708/4427
f 1865/4709/1865 1846/4710/1846 1848/4711/1848 1847/4712/1847
f 4427/4713/4427 4446/4714/4446 4428/4715/4428 4429/4716/4429
f 1850/4717/1850 1847/4712/1847 1848/4711/1848 2264/4718/2264
f 4428/4715/4428 4431/4719/4431 4845/4720/4845 4429/4716/4429
f 1847/4712/1847 1850/4717/1850 1851/4644/1851 1849/4687/1849
f 4431/4719/4431 4428/4715/4428 4430/4688/4430 4432/4647/4432
f 1847/4712/1847 1849/4687/1849 1862/4721/1862 1865/4709/1865
f 4430/4688/4430 4428/4715/4428 4446/4714/4446 4443/4722/4443
f 1849/4687/1849 1864/4683/1864 1861/4685/1861 1862/4721/1862
f 4445/4684/4445 4430/4688/4430 4443/4722/4443 4442/4686/4442
f 1851/4644/1851 1850/4717/1850 2266/4723/2266 2254/4641/2254
f 4431/4719/4431 4432/4647/4432 4835/4646/4835 4847/4724/4847
f 1850/4717/1850 2264/4718/2264 2265/4725/2265 2266/4723/2266
f 4845/4720/4845 4431/4719/4431 4847/4724/4847 4846/4726/4846
f 1852/4689/1852 1853/4692/1853 1858/4727/1858 1856/4728/1856
f 4434/4695/4434 4433/4694/4433 4437/4729/4437 4439/4730/4439
f 1878/4697/1878 1852/4689/1852 1856/4728/1856 1857/4731/1857
f 4433/4694/4433 4459/4700/4459 4438/4732/4438 4437/4729/4437
f 1858/4727/1858 1853/4692/1853 1859/4702/1859 1863/4733/1863
f 4434/4695/4434 4439/4730/4439 4444/4734/4444 4440/4704/4440
f 1855/4671/1855 1881/4666/1881 1856/4728/1856 1858/4727/1858
f 4462/4669/4462 4436/4674/4436 4439/4730/4439 4437/4729/4437
f 1855/4671/1855 1858/4727/1858 1863/4733/1863 1860/4676/1860
f 4439/4730/4439 4436/4674/4436 4441/4678/4441 4444/4734/4444
f 1857/4731/1857 1856/4728/1856 1881/4666/1881 1882/4665/1882
f 4437/4729/4437 4438/4732/4438 4463/4670/4463 4462/4669/4462
f 1884/4735/1884 1857/4731/1857 1882/4665/1882 1876/4736/1876
f 4438/4732/4438 4465/4737/4465 4457/4738/4457 4463/4670/4463
f 1857/4731/1857 1884/4735/1884 1873/4739/1873 1878/4697/1878
f 4465/4737/4465 4438/4732/4438 4459/4700/4459 4454/4740/4454
f 1863/4733/1863 1859/4702/1859 1865/4706/1865 1862/4741/1862
f 4440/4704/4440 4444/4734/4444 4443/4742/4443 4446/4707/4446
f 1861/4680/1861 1860/4676/1860 1863/4733/1863 1862/4741/1862
f 4441/4678/4441 4442/4682/4442 4443/4742/4443 4444/4734/4444
f 1866/4625/1866 1915/4616/1915 1890/4743/1890 1926/4744/1926
f 4496/4619/4496 4447/4628/4447 4507/4745/4507 4471/4746/4471
f 1875/4747/1875 1866/4748/1866 1926/4749/1926 1927/4750/1927
f 4447/4751/4447 4456/4752/4456 4508/4753/4508 4507/4754/4507
f 1866/4748/1866 1875/4747/1875 1874/4755/1874 1867/4756/1867
f 4456/4752/4456 4447/4751/4447 4448/4757/4448 4455/4758/4455
f 1867/4756/1867 1874/4755/1874 1876/4736/1876 1880/4759/1880
f 4455/4758/4455 4448/4757/4448 4461/4760/4461 4457/4738/4457
f 1868/4761/1868 1869/4762/1869 1873/4739/1873 1872/4763/1872
f 4450/4764/4450 4449/4765/4449 4453/4766/4453 4454/4740/4454
f 1868/4761/1868 1872/4763/1872 1925/4767/1925 1918/4768/1918
f 4453/4766/4453 4449/4765/4449 4499/4769/4499 4506/4770/4506
f 1873/4739/1873 1869/4762/1869 1870/4698/1870 1878/4697/1878
f 4450/4764/4450 4454/4740/4454 4459/4700/4459 4451/4699/4451
f 1872/4763/1872 1873/4739/1873 1884/4735/1884 1883/4771/1883
f 4454/4740/4454 4453/4766/4453 4464/4772/4464 4465/4737/4465
f 1872/4763/1872 1883/4771/1883 1877/4773/1877 1925/4767/1925
f 4464/4772/4464 4453/4766/4453 4506/4770/4506 4458/4774/4458
f 1876/4736/1876 1874/4755/1874 1883/4771/1883 1884/4735/1884
f 4455/4758/4455 4457/4738/4457 4465/4737/4465 4464/4772/4464
f 1883/4771/1883 1874/4755/1874 1875/4747/1875 1877/4773/1877
f 4455/4758/4455 4464/4772/4464 4458/4774/4458 4456/4752/4456
f 1877/4773/1877 1875/4747/1875 1927/4750/1927 1928/4775/1928
f 4456/4752/4456 4458/4774/4458 4509/4776/4509 4508/4753/4508
f 1880/4759/1880 1876/4736/1876 1882/4665/1882 1879/4664/1879
f 4457/4738/4457 4461/4760/4461 4460/4667/4460 4463/4670/4463
f 1925/4767/1925 1877/4773/1877 1928/4775/1928 1924/4777/1924
f 4458/4774/4458 4506/4770/4506 4505/4778/4505 4509/4776/4509
f 1908/4779/1908 1885/4780/1885 1906/4781/1906 1907/4782/1907
f 4466/4783/4466 4489/4784/4489 4488/4785/4488 4487/4786/4487
f 1885/4780/1885 1908/4779/1908 1886/4787/1886 1888/4788/1888
f 4489/4784/4489 4466/4783/4466 4469/4789/4469 4467/4790/4467
f 1904/4791/1904 1885/4780/1885 1888/4788/1888 1896/4792/1896
f 4466/4783/4466 4485/4793/4485 4477/4794/4477 4469/4789/4469
f 1885/4780/1885 1904/4791/1904 1905/4795/1905 1906/4781/1906
f 4485/4793/4485 4466/4783/4466 4487/4786/4487 4486/4796/4486
f 1888/4788/1888 1886/4787/1886 1890/4743/1890 1887/4639/1887
f 4467/4790/4467 4469/4789/4469 4468/4640/4468 4471/4746/4471
f 1914/4797/1914 1886/4787/1886 1908/4779/1908 1940/4798/1940
f 4467/4790/4467 4495/4799/4495 4521/4800/4521 4489/4784/4489
f 1886/4787/1886 1914/4797/1914 1926/4744/1926 1890/4743/1890
f 4495/4799/4495 4467/4790/4467 4471/4746/4471 4507/4745/4507
f 1887/4639/1887 1890/4743/1890 1915/4616/1915 1889/4615/1889
f 4471/4746/4471 4468/4640/4468 4470/4620/4470 4496/4619/4496
f 1887/4639/1887 1899/4636/1899 1896/4792/1896 1888/4788/1888
f 4480/4637/4480 4468/4640/4468 4469/4789/4469 4477/4794/4477
f 1892/3766/1892 1891/3765/1891 1895/4801/1895 1894/4802/1894
f 4472/3768/4472 4473/3767/4473 4475/4803/4475 4476/4804/4476
f 1891/3765/1891 1910/3784/1910 1913/3783/1913 1895/4801/1895
f 4491/3785/4491 4472/3768/4472 4476/4804/4476 4494/3786/4494
f 1892/3766/1892 1894/4802/1894 1898/4635/1898 1893/3637/1893
f 4475/4803/4475 4473/3767/4473 4474/3640/4474 4479/4638/4479
f 1894/4802/1894 1895/4801/1895 1904/4791/1904 1896/4792/1896
f 4476/4804/4476 4475/4803/4475 4477/4794/4477 4485/4793/4485
f 1898/4635/1898 1894/4802/1894 1896/4792/1896 1899/4636/1899
f 4475/4803/4475 4479/4638/4479 4480/4637/4480 4477/4794/4477
f 1904/4791/1904 1895/4801/1895 1913/3783/1913 1905/4795/1905
f 4476/4804/4476 4485/4793/4485 4486/4796/4486 4494/3786/4494
f 1947/4805/1947 1900/4806/1900 1945/4807/1945 1946/4808/1946
f 4481/4809/4481 4528/4810/4528 4527/4811/4527 4526/4812/4526
f 1900/4806/1900 1947/4805/1947 1902/4813/1902 1903/4814/1903
f 4528/4810/4528 4481/4809/4481 4484/4815/4484 4483/4816/4483
f 1953/3778/1953 1900/4806/1900 1903/4814/1903 1911/3775/1911
f 4481/4809/4481 4534/3781/4534 4492/3780/4492 4484/4815/4484
f 1900/4806/1900 1953/3778/1953 1952/4817/1952 1945/4807/1945
f 4534/3781/4534 4481/4809/4481 4526/4812/4526 4533/4818/4533
f 1947/4805/1947 1901/4819/1901 1909/4820/1909 1902/4813/1902
f 4482/4821/4482 4528/4810/4528 4483/4816/4483 4490/4822/4490
f 1901/4819/1901 1947/4805/1947 1946/4808/1946 1948/4823/1948
f 4528/4810/4528 4482/4821/4482 4529/4824/4529 4527/4811/4527
f 1982/4825/1982 1901/4819/1901 1948/4823/1948 1981/4826/1981
f 4482/4821/4482 4563/4827/4563 4562/4828/4562 4529/4824/4529
f 1901/4819/1901 1982/4825/1982 1929/4829/1929 1909/4820/1909
f 4563/4827/4563 4482/4821/4482 4490/4822/4490 4510/4830/4510
f 1902/4813/1902 1909/4820/1909 1907/4782/1907 1906/4781/1906
f 4490/4822/4490 4483/4816/4483 4487/4786/4487 4488/4785/4488
f 1903/4814/1903 1902/4813/1902 1906/4781/1906 1905/4795/1905
f 4483/4816/4483 4484/4815/4484 4486/4796/4486 4487/4786/4487
f 1903/4814/1903 1905/4795/1905 1913/3783/1913 1911/3775/1911
f 4486/4796/4486 4484/4815/4484 4492/3780/4492 4494/3786/4494
f 1939/4831/1939 1907/4782/1907 1909/4820/1909 1929/4829/1929
f 4488/4785/4488 4520/4832/4520 4510/4830/4510 4490/4822/4490
f 1907/4782/1907 1939/4831/1939 1940/4798/1940 1908/4779/1908
f 4520/4832/4520 4488/4785/4488 4489/4784/4489 4521/4800/4521
f 1922/4833/1922 1914/4834/1914 1940/4835/1940 1921/4836/1921
f 4495/4837/4495 4503/4838/4503 4502/4839/4502 4521/4840/4521
f 1914/4834/1914 1922/4833/1922 1927/4750/1927 1926/4749/1926
f 4503/4838/4503 4495/4837/4495 4507/4754/4507 4508/4753/4508
f 1916/4841/1916 1917/4842/1917 1920/4843/1920 1942/4844/1942
f 4498/4845/4498 4497/4846/4497 4523/4847/4523 4501/4848/4501
f 1916/4841/1916 1942/4844/1942 1934/4849/1934 1931/4850/1931
f 4523/4847/4523 4497/4846/4497 4512/4851/4512 4515/4852/4515
f 1920/4843/1920 1917/4842/1917 1919/4853/1919 1924/4777/1924
f 4498/4845/4498 4501/4848/4501 4505/4778/4505 4500/4854/4500
f 1918/4768/1918 1925/4767/1925 1924/4777/1924 1919/4853/1919
f 4506/4770/4506 4499/4769/4499 4500/4854/4500 4505/4778/4505
f 1923/4855/1923 1920/4843/1920 1924/4777/1924 1928/4775/1928
f 4501/4848/4501 4504/4856/4504 4509/4776/4509 4505/4778/4505
f 1920/4843/1920 1923/4855/1923 1941/4857/1941 1942/4844/1942
f 4504/4856/4504 4501/4848/4501 4523/4847/4523 4522/4858/4522
f 1921/4836/1921 1940/4835/1940 1939/4859/1939 1936/4860/1936
f 4521/4840/4521 4502/4839/4502 4517/4861/4517 4520/4862/4520
f 1941/4857/1941 1921/4836/1921 1936/4860/1936 1938/4863/1938
f 4502/4839/4502 4522/4858/4522 4519/4864/4519 4517/4861/4517
f 1921/4836/1921 1941/4857/1941 1923/4855/1923 1922/4833/1922
f 4522/4858/4522 4502/4839/4502 4503/4838/4503 4504/4856/4504
f 1927/4750/1927 1922/4833/1922 1923/4855/1923 1928/4775/1928
f 4503/4838/4503 4508/4753/4508 4509/4776/4509 4504/4856/4504
f 1935/4865/1935 1929/4866/1929 1982/4867/1982 1983/4868/1983
f 4510/4869/4510 4516/4870/4516 4564/4871/4564 4563/4872/4563
f 1929/4866/1929 1935/4865/1935 1936/4860/1936 1939/4859/1939
f 4516/4870/4516 4510/4869/4510 4520/4862/4520 4517/4861/4517
f 1932/4873/1932 1930/4874/1930 1931/4850/1931 1934/4849/1934
f 4511/4875/4511 4513/4876/4513 4515/4852/4515 4512/4851/4512
f 1930/4874/1930 1932/4873/1932 1933/4877/1933 1973/4878/1973
f 4513/4876/4513 4511/4875/4511 4554/4879/4554 4514/4880/4514
f 1937/4881/1937 1932/4873/1932 1934/4849/1934 1938/4863/1938
f 4513/4876/4513 4518/4882/4518 4519/4864/4519 4515/4852/4515
f 1932/4873/1932 1937/4881/1937 1985/4883/1985 1933/4877/1933
f 4518/4882/4518 4513/4876/4513 4514/4880/4514 4566/4884/4566
f 1933/4877/1933 1985/4883/1985 1984/4885/1984 1980/4886/1980
f 4566/4884/4566 4514/4880/4514 4561/4887/4561 4565/4888/4565
f 1933/4877/1933 1980/4886/1980 1972/4889/1972 1973/4878/1973
f 4561/4887/4561 4514/4880/4514 4554/4879/4554 4553/4890/4553
f 1934/4849/1934 1942/4844/1942 1941/4857/1941 1938/4863/1938
f 4523/4847/4523 4515/4852/4515 4519/4864/4519 4522/4858/4522
f 1936/4860/1936 1935/4865/1935 1937/4881/1937 1938/4863/1938
f 4516/4870/4516 4517/4861/4517 4519/4864/4519 4518/4882/4518
f 1937/4881/1937 1935/4865/1935 1983/4868/1983 1985/4883/1985
f 4516/4870/4516 4518/4882/4518 4566/4884/4566 4564/4871/4564
f 1971/4891/1971 1943/4892/1943 1945/4807/1945 1952/4817/1952
f 4524/4893/4524 4552/4894/4552 4533/4818/4533 4526/4812/4526
f 1943/4892/1943 1971/4891/1971 1970/4895/1970 1960/4896/1960
f 4552/4894/4552 4524/4893/4524 4541/4897/4541 4551/4898/4551
f 1945/4807/1945 1943/4892/1943 1963/4899/1963 1946/4808/1946
f 4524/4893/4524 4526/4812/4526 4527/4811/4527 4544/4900/4544
f 1963/4899/1963 1943/4892/1943 1960/4896/1960 1961/4901/1961
f 4524/4893/4524 4544/4900/4544 4542/4902/4542 4541/4897/4541
f 1963/4899/1963 1944/4903/1944 1948/4823/1948 1946/4808/1946
f 4525/4904/4525 4544/4900/4544 4527/4811/4527 4529/4824/4529
f 1944/4903/1944 1963/4899/1963 1961/4901/1961 1964/4905/1964
f 4544/4900/4544 4525/4904/4525 4545/4906/4545 4542/4902/4542
f 1944/4903/1944 1964/4905/1964 1987/4907/1987 1976/4908/1976
f 4545/4906/4545 4525/4904/4525 4557/4909/4557 4568/4910/4568
f 1948/4823/1948 1944/4903/1944 1976/4908/1976 1981/4826/1981
f 4525/4904/4525 4529/4824/4529 4562/4828/4562 4557/4909/4557
f 1950/3887/1950 1949/3889/1949 1971/4891/1971 1952/4817/1952
f 4530/3891/4530 4531/3888/4531 4533/4818/4533 4552/4894/4552
f 1949/3889/1949 1969/3890/1969 1970/4895/1970 1971/4891/1971
f 4550/3892/4550 4530/3891/4530 4552/4894/4552 4551/4898/4551
f 1950/3887/1950 1952/4817/1952 1953/3778/1953 1951/3777/1951
f 4533/4818/4533 4531/3888/4531 4532/3782/4532 4534/3781/4534
f 1966/4911/1966 1954/4912/1954 1955/4913/1955 1967/4914/1967
f 4535/4915/4535 4547/4916/4547 4548/4917/4548 4536/4918/4536
f 1954/4912/1954 1966/4911/1966 2015/3945/2015 2004/4919/2004
f 4547/4916/4547 4535/4915/4535 4585/4920/4585 4596/3946/4596
f 1957/4921/1957 1954/4912/1954 2004/4919/2004 2006/4922/2006
f 4535/4915/4535 4538/4923/4538 4587/4924/4587 4585/4920/4585
f 1954/4912/1954 1957/4921/1957 1962/4925/1962 1955/4913/1955
f 4538/4923/4538 4535/4915/4535 4536/4918/4536 4543/4926/4543
f 1955/4913/1955 1962/4925/1962 1961/4901/1961 1960/4896/1960
f 4543/4926/4543 4536/4918/4536 4541/4897/4541 4542/4902/4542
f 1967/4914/1967 1955/4913/1955 1960/4896/1960 1970/4895/1970
f 4536/4918/4536 4548/4917/4548 4551/4898/4551 4541/4897/4541
f 2005/1079/2005 1956/1076/1956 2006/4922/2006 2004/4919/2004
f 4537/1077/4537 4586/1080/4586 4585/4920/4585 4587/4924/4587
f 2006/4922/2006 1956/1076/1956 2007/1075/2007 2008/4927/2008
f 4537/1077/4537 4587/4924/4587 4589/4928/4589 4588/1078/4588
f 1958/4929/1958 1957/4921/1957 2006/4922/2006 2008/4927/2008
f 4538/4923/4538 4539/4930/4539 4589/4928/4589 4587/4924/4587
f 1957/4921/1957 1958/4929/1958 1959/4931/1959 1962/4925/1962
f 4539/4930/4539 4538/4923/4538 4543/4926/4543 4540/4932/4540
f 1958/4929/1958 2008/4927/2008 1986/4933/1986 1993/4934/1993
f 4589/4928/4589 4539/4930/4539 4574/4935/4574 4567/4936/4567
f 1959/4931/1959 1958/4929/1958 1993/4934/1993 1992/4937/1992
f 4539/4930/4539 4540/4932/4540 4573/4938/4573 4574/4935/4574
f 1962/4925/1962 1959/4931/1959 1964/4905/1964 1961/4901/1961
f 4540/4932/4540 4543/4926/4543 4542/4902/4542 4545/4906/4545
f 1959/4931/1959 1992/4937/1992 1987/4907/1987 1964/4905/1964
f 4573/4938/4573 4540/4932/4540 4545/4906/4545 4568/4910/4568
f 1968/3912/1968 1965/3911/1965 1966/4911/1966 1967/4914/1967
f 4546/3914/4546 4549/3913/4549 4548/4917/4548 4547/4916/4547
f 1966/4911/1966 1965/3911/1965 2013/3919/2013 2015/3945/2015
f 4546/3914/4546 4547/4916/4547 4596/3946/4596 4594/3920/4594
f 1967/4914/1967 1970/4895/1970 1969/3890/1969 1968/3912/1968
f 4551/4898/4551 4548/4917/4548 4549/3913/4549 4550/3892/4550
f 1975/4939/1975 1972/4889/1972 1980/4886/1980 1974/4940/1974
f 4553/4890/4553 4556/4941/4556 4555/4942/4555 4561/4887/4561
f 1979/4943/1979 1974/4940/1974 1980/4886/1980 1984/4885/1984
f 4555/4942/4555 4560/4944/4560 4565/4888/4565 4561/4887/4561
f 1974/4940/1974 1979/4943/1979 2002/4945/2002 1990/4946/1990
f 4560/4944/4560 4555/4942/4555 4571/4947/4571 4583/4948/4583
f 1975/4939/1975 1974/4940/1974 1990/4946/1990 1999/4949/1999
f 4555/4942/4555 4556/4941/4556 4580/4950/4580 4571/4947/4571
f 1976/4951/1976 1987/4952/1987 2000/4953/2000 1977/4954/1977
f 4568/4955/4568 4557/4956/4557 4558/4957/4558 4581/4958/4581
f 1981/4959/1981 1976/4951/1976 1977/4954/1977 1978/4960/1978
f 4557/4956/4557 4562/4961/4562 4559/4962/4559 4558/4957/4558
f 1979/4943/1979 1977/4954/1977 2000/4953/2000 2002/4945/2002
f 4558/4957/4558 4560/4944/4560 4583/4948/4583 4581/4958/4581
f 1977/4954/1977 1979/4943/1979 1984/4885/1984 1978/4960/1978
f 4560/4944/4560 4558/4957/4558 4559/4962/4559 4565/4888/4565
f 1981/4959/1981 1978/4960/1978 1983/4868/1983 1982/4867/1982
f 4559/4962/4559 4562/4961/4562 4563/4872/4563 4564/4871/4564
f 1978/4960/1978 1984/4885/1984 1985/4883/1985 1983/4868/1983
f 4565/4888/4565 4559/4962/4559 4564/4871/4564 4566/4884/4566
f 1986/4933/1986 2008/4927/2008 2007/1075/2007 2018/1093/2018
f 4589/4928/4589 4567/4936/4567 4599/1094/4599 4588/1078/4588
f 2026/4963/2026 1986/4964/1986 2018/4965/2018 2027/4966/2027
f 4567/4967/4567 4607/4968/4607 4608/4969/4608 4599/4970/4599
f 1986/4964/1986 2026/4963/2026 1994/4971/1994 1993/4972/1993
f 4607/4968/4607 4567/4967/4567 4574/4973/4574 4575/4974/4575
f 1987/4952/1987 1992/4975/1992 1995/4976/1995 2000/4953/2000
f 4573/4977/4573 4568/4955/4568 4581/4958/4581 4576/4978/4576
f 1991/4979/1991 1988/4980/1988 1989/4981/1989 1998/4982/1998
f 4569/4983/4569 4572/4984/4572 4579/4985/4579 4570/4986/4570
f 1988/4980/1988 1991/4979/1991 2030/4987/2030 2021/4988/2021
f 4572/4984/4572 4569/4983/4569 4602/4989/4602 4611/4990/4611
f 1998/4982/1998 1989/4981/1989 1999/4949/1999 1990/4946/1990
f 4570/4986/4570 4579/4985/4579 4571/4947/4571 4580/4950/4580
f 1990/4946/1990 2002/4945/2002 2001/4991/2001 1998/4982/1998
f 4583/4948/4583 4571/4947/4571 4579/4985/4579 4582/4992/4582
f 1997/4993/1997 1991/4979/1991 1998/4982/1998 2001/4991/2001
f 4572/4984/4572 4578/4994/4578 4582/4992/4582 4579/4985/4579
f 1991/4979/1991 1997/4993/1997 1996/4995/1996 2030/4987/2030
f 4578/4994/4578 4572/4984/4572 4611/4990/4611 4577/4996/4577
f 1995/4976/1995 1992/4975/1992 1993/4972/1993 1994/4971/1994
f 4573/4977/4573 4576/4978/4576 4575/4974/4575 4574/4973/4574
f 1997/4993/1997 1994/4971/1994 2026/4963/2026 1996/4995/1996
f 4575/4974/4575 4578/4994/4578 4577/4996/4577 4607/4968/4607
f 1994/4971/1994 1997/4993/1997 2001/4991/2001 1995/4976/1995
f 4578/4994/4578 4575/4974/4575 4576/4978/4576 4582/4992/4582
f 1995/4976/1995 2001/4991/2001 2002/4945/2002 2000/4953/2000
f 4582/4992/4582 4576/4978/4576 4581/4958/4581 4583/4948/4583
f 2030/4987/2030 1996/4995/1996 2028/4997/2028 2029/4998/2029
f 4577/4996/4577 4611/4990/4611 4610/4999/4610 4609/5000/4609
f 2028/4997/2028 1996/4995/1996 2026/4963/2026 2027/4966/2027
f 4577/4996/4577 4609/5000/4609 4608/4969/4608 4607/4968/4607
f 2004/4919/2004 2015/3945/2015 2014/3943/2014 2005/1079/2005
f 4596/3946/4596 4585/4920/4585 4586/1080/4586 4595/3944/4595
f 2005/1079/2005 2014/3943/2014 2010/1047/2010 2012/1049/2012
f 4595/3944/4595 4586/1080/4586 4593/1050/4593 4591/1048/4591
f 2016/1170/2016 2024/1169/2024 2023/1191/2023 2017/5001/2017
f 4605/1172/4605 4597/1171/4597 4598/5002/4598 4604/1192/4604
f 2017/5001/2017 2023/1191/2023 2027/4966/2027 2018/4965/2018
f 4604/1192/4604 4598/5002/4598 4599/4970/4599 4608/4969/4608
f 2022/1187/2022 2019/1197/2019 2020/5003/2020 2029/4998/2029
f 4600/1198/4600 4603/1190/4603 4610/4999/4610 4601/5004/4601
f 2029/4998/2029 2020/5003/2020 2021/4988/2021 2030/4987/2030
f 4601/5004/4601 4610/4999/4610 4611/4990/4611 4602/4989/4602
f 2022/1187/2022 2029/4998/2029 2028/4997/2028 2025/1188/2025
f 4610/4999/4610 4603/1190/4603 4606/1189/4606 4609/5000/4609
f 2027/4966/2027 2023/1191/2023 2025/1188/2025 2028/4997/2028
f 4604/1192/4604 4608/4969/4608 4609/5000/4609 4606/1189/4606
f 2033/5005/2033 2031/5006/2031 2043/5007/2043 2045/5008/2045
f 4612/5009/4612 4614/5010/4614 4626/5011/4626 4624/5012/4624
f 2031/5006/2031 2033/5005/2033 2034/1963/2034 2035/5013/2035
f 4614/5010/4614 4612/5009/4612 4616/5014/4616 4615/1966/4615
f 2040/5015/2040 2031/5006/2031 2035/5013/2035 2032/1954/2032
f 4612/5009/4612 4621/5016/4621 4613/1955/4613 4616/5014/4616
f 2031/5006/2031 2040/5015/2040 2052/5017/2052 2043/5007/2043
f 4621/5016/4621 4612/5009/4612 4624/5012/4624 4633/5018/4633
f 2032/1954/2032 2035/5013/2035 2036/1957/2036 2041/1951/2041
f 4616/5014/4616 4613/1955/4613 4622/1952/4622 4617/1958/4617
f 2032/1954/2032 2039/1953/2039 2038/4002/2038 2040/5015/2040
f 4620/1956/4620 4613/1955/4613 4621/5016/4621 4619/4003/4619
f 2034/1963/2034 2033/5005/2033 2053/2006/2053 2054/1964/2054
f 4614/5010/4614 4615/1966/4615 4635/1965/4635 4634/2009/4634
f 2053/2006/2053 2033/5005/2033 2045/5008/2045 2056/2007/2056
f 4614/5010/4614 4634/2009/4634 4637/2012/4637 4626/5011/4626
f 2034/1963/2034 2037/1959/2037 2036/1957/2036 2035/5013/2035
f 4618/1960/4618 4615/1966/4615 4616/5014/4616 4617/1958/4617
f 2040/5015/2040 2038/4002/2038 2050/4001/2050 2052/5017/2052
f 4619/4003/4619 4621/5016/4621 4633/5018/4633 4631/4004/4631
f 2044/5019/2044 2042/5020/2042 2095/5021/2095 2097/5022/2097
f 4623/5023/4623 4625/5024/4625 4678/5025/4678 4676/5026/4676
f 2042/5020/2042 2044/5019/2044 2045/5008/2045 2043/5007/2043
f 4625/5024/4625 4623/5023/4623 4624/5012/4624 4626/5011/4626
f 2051/5027/2051 2042/5020/2042 2043/5007/2043 2052/5017/2052
f 4623/5023/4623 4632/5028/4632 4633/5018/4633 4624/5012/4624
f 2042/5020/2042 2051/5027/2051 2049/5029/2049 2095/5021/2095
f 4632/5028/4632 4623/5023/4623 4676/5026/4676 4630/5030/4630
f 2046/2033/2046 2044/5019/2044 2097/5022/2097 2055/2037/2055
f 4625/5024/4625 4627/2036/4627 4636/2040/4636 4678/5025/4678
f 2044/5019/2044 2046/2033/2046 2056/2007/2056 2045/5008/2045
f 4627/2036/4627 4625/5024/4625 4626/5011/4626 4637/2012/4637
f 2049/5029/2049 2047/4025/2047 2104/4030/2104 2105/5031/2105
f 4628/4028/4628 4630/5030/4630 4686/5032/4686 4685/4031/4685
f 2047/4025/2047 2049/5029/2049 2051/5027/2051 2048/4026/2048
f 4630/5030/4630 4628/4028/4628 4629/4027/4629 4632/5028/4632
f 2048/4026/2048 2051/5027/2051 2052/5017/2052 2050/4001/2050
f 4632/5028/4632 4629/4027/4629 4631/4004/4631 4633/5018/4633
f 2049/5029/2049 2105/5031/2105 2094/5033/2094 2095/5021/2095
f 4686/5032/4686 4630/5030/4630 4676/5026/4676 4675/5034/4675
f 2055/2037/2055 2097/5022/2097 2096/5035/2096 2098/2051/2098
f 4678/5025/4678 4636/2040/4636 4679/2054/4679 4677/5036/4677
f 2085/5037/2085 2057/5038/2057 2175/5039/2175 2184/5040/2184
f 4638/5041/4638 4666/5042/4666 4765/5043/4765 4756/5044/4756
f 2057/5038/2057 2085/5037/2085 2086/5045/2086 2067/5046/2067
f 4666/5042/4666 4638/5041/4638 4648/5047/4648 4667/5048/4667
f 2175/5039/2175 2057/5038/2057 2059/4417/2059 2176/4414/2176
f 4638/5041/4638 4756/5044/4756 4757/4415/4757 4640/4418/4640
f 2059/4417/2059 2057/5038/2057 2067/5046/2067 2064/5049/2064
f 4638/5041/4638 4640/4418/4640 4645/5050/4645 4648/5047/4648
f 2058/4095/2058 2059/4417/2059 2064/5049/2064 2072/4091/2072
f 4640/4418/4640 4639/4096/4639 4653/4094/4653 4645/5050/4645
f 2062/5051/2062 2060/5052/2060 2065/5053/2065 2066/5054/2066
f 4641/5055/4641 4643/5056/4643 4647/5057/4647 4646/5058/4646
f 2060/5052/2060 2062/5051/2062 2063/5059/2063 2061/5060/2061
f 4643/5056/4643 4641/5055/4641 4642/5061/4642 4644/5062/4644
f 2060/5052/2060 2061/5060/2061 2071/4108/2071 2070/4107/2070
f 4642/5061/4642 4641/5055/4641 4651/4110/4651 4652/4109/4652
f 2060/5052/2060 2070/4107/2070 2073/4092/2073 2065/5053/2065
f 4651/4110/4651 4641/5055/4641 4646/5058/4646 4654/4093/4654
f 2071/4108/2071 2061/5060/2061 2106/5063/2106 2114/4115/2114
f 4642/5061/4642 4652/4109/4652 4695/4116/4695 4687/5064/4687
f 2061/5060/2061 2063/5059/2063 2107/5065/2107 2106/5063/2106
f 4644/5062/4644 4642/5061/4642 4687/5064/4687 4688/5066/4688
f 2082/5067/2082 2062/5051/2062 2066/5054/2066 2083/5068/2083
f 4643/5056/4643 4663/5069/4663 4664/5070/4664 4647/5057/4647
f 2062/5051/2062 2082/5067/2082 2142/5071/2142 2063/5059/2063
f 4663/5069/4663 4643/5056/4643 4644/5062/4644 4723/5072/4723
f 2063/5059/2063 2142/5071/2142 2143/5073/2143 2107/5065/2107
f 4723/5072/4723 4644/5062/4644 4688/5066/4688 4724/5074/4724
f 2072/4091/2072 2064/5049/2064 2065/5053/2065 2073/4092/2073
f 4645/5050/4645 4653/4094/4653 4654/4093/4654 4646/5058/4646
f 2064/5049/2064 2067/5046/2067 2066/5054/2066 2065/5053/2065
f 4648/5047/4648 4645/5050/4645 4646/5058/4646 4647/5057/4647
f 2083/5068/2083 2066/5054/2066 2067/5046/2067 2086/5045/2086
f 4647/5057/4647 4664/5070/4664 4667/5048/4667 4648/5047/4648
f 2069/4111/2069 2114/4115/2114 2121/5075/2121 2118/4117/2118
f 4695/4116/4695 4650/4114/4650 4699/4120/4699 4702/5076/4702
f 2075/5077/2075 2074/5078/2074 2080/5079/2080 2081/5080/2081
f 4655/5081/4655 4656/5082/4656 4662/5083/4662 4661/5084/4661
f 2074/5078/2074 2075/5077/2075 2078/5085/2078 2076/5086/2076
f 4656/5082/4656 4655/5081/4655 4657/5087/4657 4659/5088/4659
f 2080/5079/2080 2074/5078/2074 2088/5089/2088 2087/5090/2087
f 4655/5081/4655 4661/5084/4661 4668/5091/4668 4669/5092/4669
f 2088/5089/2088 2074/5078/2074 2076/5086/2076 2084/5093/2084
f 4655/5081/4655 4669/5092/4669 4665/5094/4665 4657/5087/4657
f 2077/5095/2077 2075/5077/2075 2081/5080/2081 2079/5096/2079
f 4656/5082/4656 4658/5097/4658 4660/5098/4660 4662/5083/4662
f 2075/5077/2075 2077/5095/2077 2134/5099/2134 2078/5085/2078
f 4658/5097/4658 4656/5082/4656 4659/5088/4659 4715/5100/4715
f 2076/5086/2076 2078/5085/2078 2135/5101/2135 2132/5102/2132
f 4659/5088/4659 4657/5087/4657 4713/5103/4713 4716/5104/4716
f 2076/5086/2076 2132/5102/2132 2125/5105/2125 2084/5093/2084
f 4713/5103/4713 4657/5087/4657 4665/5094/4665 4706/5106/4706
f 2077/5095/2077 2079/5096/2079 2274/5107/2274 2273/5108/2273
f 4660/5098/4660 4658/5097/4658 4854/5109/4854 4855/5110/4855
f 2077/5095/2077 2273/5108/2273 2138/5111/2138 2134/5099/2134
f 4854/5109/4854 4658/5097/4658 4715/5100/4715 4719/5112/4719
f 2078/5085/2078 2134/5099/2134 2140/5113/2140 2135/5101/2135
f 4715/5100/4715 4659/5088/4659 4716/5104/4716 4721/5114/4721
f 2274/5107/2274 2079/5096/2079 2336/5115/2336 2338/5116/2338
f 4660/5098/4660 4855/5110/4855 4919/5117/4919 4917/5118/4917
f 2079/5096/2079 2081/5080/2081 2188/5119/2188 2336/5115/2336
f 4662/5083/4662 4660/5098/4660 4917/5118/4917 4769/5120/4769
f 2187/5121/2187 2080/5079/2080 2087/5090/2087 2186/5122/2186
f 4661/5084/4661 4768/5123/4768 4767/5124/4767 4668/5091/4668
f 2080/5079/2080 2187/5121/2187 2188/5119/2188 2081/5080/2081
f 4768/5123/4768 4661/5084/4661 4662/5083/4662 4769/5120/4769
f 2142/5071/2142 2082/5067/2082 2125/5105/2125 2127/5125/2127
f 4663/5069/4663 4723/5072/4723 4708/5126/4708 4706/5106/4706
f 2125/5105/2125 2082/5067/2082 2083/5068/2083 2084/5093/2084
f 4663/5069/4663 4706/5106/4706 4665/5094/4665 4664/5070/4664
f 2084/5093/2084 2083/5068/2083 2086/5045/2086 2088/5089/2088
f 4664/5070/4664 4665/5094/4665 4669/5092/4669 4667/5048/4667
f 2085/5037/2085 2184/5040/2184 2186/5122/2186 2087/5090/2087
f 4765/5043/4765 4666/5042/4666 4668/5091/4668 4767/5124/4767
f 2085/5037/2085 2087/5090/2087 2088/5089/2088 2086/5045/2086
f 4668/5091/4668 4666/5042/4666 4667/5048/4667 4669/5092/4669
f 2103/4255/2103 2089/5127/2089 2094/5033/2094 2105/5031/2105
f 4670/5128/4670 4684/4256/4684 4686/5032/4686 4675/5034/4675
f 2089/5127/2089 2103/4255/2103 2100/4251/2100 2101/5129/2101
f 4684/4256/4684 4670/5128/4670 4682/5130/4682 4681/4253/4681
f 2089/5127/2089 2101/5129/2101 2090/5131/2090 2091/5132/2091
f 4682/5130/4682 4670/5128/4670 4672/5133/4672 4671/5134/4671
f 2089/5127/2089 2091/5132/2091 2096/5035/2096 2094/5033/2094
f 4672/5133/4672 4670/5128/4670 4675/5034/4675 4677/5036/4677
f 2092/2082/2092 2090/5131/2090 2117/5135/2117 2109/5136/2109
f 4671/5134/4671 4673/2084/4673 4690/5137/4690 4698/5138/4698
f 2090/5131/2090 2092/2082/2092 2093/2067/2093 2091/5132/2091
f 4673/2084/4673 4671/5134/4671 4672/5133/4672 4674/2070/4674
f 2090/5131/2090 2101/5129/2101 2115/4290/2115 2117/5135/2117
f 4682/5130/4682 4671/5134/4671 4698/5138/4698 4696/4292/4696
f 2091/5132/2091 2093/2067/2093 2098/2051/2098 2096/5035/2096
f 4674/2070/4674 4672/5133/4672 4677/5036/4677 4679/2054/4679
f 2092/2082/2092 2109/5136/2109 2110/5139/2110 2122/2081/2122
f 4690/5137/4690 4673/2084/4673 4703/2083/4703 4691/5140/4691
f 2094/5033/2094 2096/5035/2096 2097/5022/2097 2095/5021/2095
f 4677/5036/4677 4675/5034/4675 4676/5026/4676 4678/5025/4678
f 2100/4251/2100 2099/4252/2099 2115/4290/2115 2101/5129/2101
f 4680/4254/4680 4681/4253/4681 4682/5130/4682 4696/4292/4696
f 2104/4030/2104 2102/4039/2102 2103/4255/2103 2105/5031/2105
f 4683/4040/4683 4685/4031/4685 4686/5032/4686 4684/4256/4684
f 2114/4115/2114 2106/5063/2106 2112/5141/2112 2121/5075/2121
f 4687/5064/4687 4695/4116/4695 4702/5076/4702 4693/5142/4693
f 2106/5063/2106 2107/5065/2107 2147/5143/2147 2112/5141/2112
f 4688/5066/4688 4687/5064/4687 4693/5142/4693 4728/5144/4728
f 2147/5143/2147 2107/5065/2107 2143/5073/2143 2123/5145/2123
f 4688/5066/4688 4728/5144/4728 4704/5146/4704 4724/5074/4724
f 2116/5147/2116 2108/5148/2108 2109/5136/2109 2117/5135/2117
f 4689/5149/4689 4697/5150/4697 4698/5138/4698 4690/5137/4690
f 2108/5151/2108 2116/5152/2116 2111/5153/2111 2113/5154/2113
f 4697/5155/4697 4689/5156/4689 4694/5157/4694 4692/5158/4692
f 2144/2111/2144 2108/5151/2108 2113/5154/2113 2145/2112/2145
f 4689/5156/4689 4725/2113/4725 4726/2114/4726 4694/5157/4694
f 2108/5148/2108 2144/5159/2144 2110/5139/2110 2109/5136/2109
f 4725/5160/4725 4689/5149/4689 4690/5137/4690 4691/5140/4691
f 2121/5075/2121 2111/5153/2111 2119/4284/2119 2118/4117/2118
f 4692/5158/4692 4702/5076/4702 4699/4120/4699 4700/4287/4700
f 2111/5153/2111 2121/5075/2121 2112/5141/2112 2113/5154/2113
f 4702/5076/4702 4692/5158/4692 4694/5157/4694 4693/5142/4693
f 2119/4284/2119 2111/5153/2111 2116/5152/2116 2120/4281/2120
f 4692/5158/4692 4700/4287/4700 4701/4286/4701 4697/5155/4697
f 2113/5154/2113 2112/5141/2112 2147/5143/2147 2145/2112/2145
f 4693/5142/4693 4694/5157/4694 4726/2114/4726 4728/5144/4728
f 2117/5135/2117 2115/4290/2115 2120/4289/2120 2116/5147/2116
f 4696/4292/4696 4698/5138/4698 4697/5150/4697 4701/4291/4701
f 2123/5145/2123 2143/5073/2143 2126/5161/2126 2131/5162/2131
f 4724/5074/4724 4704/5146/4704 4712/5163/4712 4707/5164/4707
f 2146/2103/2146 2145/2112/2145 2147/5143/2147 2123/5145/2123
f 4726/2114/4726 4727/2108/4727 4704/5146/4704 4728/5144/4728
f 2284/2126/2284 2124/2123/2124 2131/5162/2131 2130/5165/2130
f 4705/2124/4705 4865/2128/4865 4711/5166/4711 4712/5163/4712
f 2127/5125/2127 2125/5105/2125 2132/5102/2132 2133/5167/2133
f 4706/5106/4706 4708/5126/4708 4714/5168/4714 4713/5103/4713
f 2129/5169/2129 2126/5161/2126 2127/5125/2127 2133/5167/2133
f 4707/5164/4707 4710/5170/4710 4714/5168/4714 4708/5126/4708
f 2126/5161/2126 2129/5169/2129 2130/5165/2130 2131/5162/2131
f 4710/5170/4710 4707/5164/4707 4712/5163/4712 4711/5166/4711
f 2127/5125/2127 2126/5161/2126 2143/5073/2143 2142/5071/2142
f 4707/5164/4707 4708/5126/4708 4723/5072/4723 4724/5074/4724
f 2129/5169/2129 2128/5171/2128 2288/5172/2288 2130/5165/2130
f 4709/5173/4709 4710/5170/4710 4711/5166/4711 4869/5174/4869
f 2128/5171/2128 2129/5169/2129 2133/5167/2133 2141/5175/2141
f 4710/5170/4710 4709/5173/4709 4722/5176/4722 4714/5168/4714
f 2136/5177/2136 2128/5171/2128 2141/5175/2141 2139/5178/2139
f 4709/5173/4709 4717/5179/4717 4720/5180/4720 4722/5176/4722
f 2128/5171/2128 2136/5177/2136 2285/5181/2285 2288/5172/2288
f 4717/5179/4717 4709/5173/4709 4869/5174/4869 4866/5182/4866
f 2130/5165/2130 2288/5172/2288 2304/5183/2304 2284/2126/2284
f 4869/5174/4869 4711/5166/4711 4865/2128/4865 4885/5184/4885
f 2133/5167/2133 2132/5102/2132 2135/5101/2135 2141/5175/2141
f 4713/5103/4713 4714/5168/4714 4722/5176/4722 4716/5104/4716
f 2134/5099/2134 2138/5111/2138 2137/5185/2137 2140/5113/2140
f 4719/5112/4719 4715/5100/4715 4721/5114/4721 4718/5186/4718
f 114/429/114 389/491/389 384/1277/384 387/467/387
f 2970/492/2970 2695/430/2695 2968/470/2968 2965/1280/2965
f 2135/5101/2135 2140/5113/2140 2139/5178/2139 2141/5175/2141
f 4721/5114/4721 4716/5104/4716 4722/5176/4722 4720/5180/4720
f 2136/5177/2136 2139/5178/2139 2289/5187/2289 2291/5188/2291
f 4720/5180/4720 4717/5179/4717 4872/5189/4872 4870/5190/4870
f 2285/5181/2285 2136/5177/2136 2291/5188/2291 2287/5191/2287
f 4717/5179/4717 4866/5182/4866 4868/5192/4868 4872/5189/4872
f 2137/5185/2137 2138/5111/2138 2293/5193/2293 2292/5194/2292
f 4719/5112/4719 4718/5186/4718 4873/5195/4873 4874/5196/4874
f 2140/5113/2140 2137/5185/2137 2289/5187/2289 2139/5178/2139
f 4718/5186/4718 4721/5114/4721 4720/5180/4720 4870/5190/4870
f 2289/5187/2289 2137/5185/2137 2292/5194/2292 2294/5197/2294
f 4718/5186/4718 4870/5190/4870 4875/5198/4875 4873/5195/4873
f 96/448/96 104/432/104 103/483/103 377/455/377
f 2685/433/2685 2677/451/2677 2958/458/2958 2684/484/2684
f 2138/5111/2138 2273/5108/2273 2290/5199/2290 2293/5193/2293
f 4854/5109/4854 4719/5112/4719 4874/5196/4874 4871/5200/4871
f 2154/5201/2154 2148/5202/2148 2164/5203/2164 2163/5204/2163
f 4729/5205/4729 4735/5206/4735 4744/5207/4744 4745/5208/4745
f 2148/5202/2148 2154/5201/2154 2152/4335/2152 2151/4333/2151
f 4735/5206/4735 4729/5205/4729 4732/4334/4732 4733/4336/4733
f 2149/363/2149 2148/5202/2148 2151/4333/2151 2150/391/2150
f 4729/5205/4729 4730/364/4730 4731/392/4731 4732/4334/4732
f 2148/5202/2148 2149/363/2149 2162/359/2162 2164/5203/2164
f 4730/364/4730 4729/5205/4729 4745/5208/4745 4743/361/4743
f 2158/4337/2158 2152/4335/2152 2154/5201/2154 2155/5209/2155
f 4733/4336/4733 4739/4338/4739 4736/5210/4736 4735/5206/4735
f 2170/5211/2170 2153/5212/2153 2155/5213/2155 2171/5214/2171
f 4734/5215/4734 4751/5216/4751 4752/5217/4752 4736/5218/4736
f 2153/5212/2153 2170/5211/2170 2173/5219/2173 2157/5220/2157
f 4751/5216/4751 4734/5215/4734 4738/5221/4738 4754/5222/4754
f 2155/5213/2155 2153/5212/2153 2159/4341/2159 2158/4340/2158
f 4734/5215/4734 4736/5218/4736 4739/4343/4739 4740/4346/4740
f 2153/5212/2153 2157/5220/2157 2161/4348/2161 2159/4341/2159
f 4738/5221/4738 4734/5215/4734 4740/4346/4740 4742/4350/4742
f 2155/5209/2155 2154/5201/2154 2163/5204/2163 2171/5223/2171
f 4735/5206/4735 4736/5210/4736 4752/5224/4752 4744/5207/4744
f 2157/5220/2157 2156/5225/2156 2160/4353/2160 2161/4348/2161
f 4737/5226/4737 4738/5221/4738 4742/4350/4742 4741/4354/4741
f 2156/5225/2156 2157/5220/2157 2173/5219/2173 2172/5227/2172
f 4738/5221/4738 4737/5226/4737 4753/5228/4753 4754/5222/4754
f 2516/5229/2516 2156/5230/2156 2172/5231/2172 2521/5232/2521
f 4737/5233/4737 5097/5234/5097 5102/5235/5102 4753/5236/4753
f 2156/5230/2156 2516/5229/2516 2510/4358/2510 2160/4357/2160
f 5097/5234/5097 4737/5233/4737 4741/4362/4741 5091/4361/5091
f 2164/5203/2164 2162/359/2162 2309/360/2309 2166/5237/2166
f 4743/361/4743 4745/5208/4745 4747/5238/4747 4890/362/4890
f 2163/5204/2163 2164/5203/2164 2166/5237/2166 2317/5239/2317
f 4745/5208/4745 4744/5207/4744 4898/5240/4898 4747/5238/4747
f 2171/5223/2171 2163/5204/2163 2317/5239/2317 2167/5241/2167
f 4744/5207/4744 4752/5224/4752 4748/5242/4748 4898/5240/4898
f 2315/5243/2315 2165/5244/2165 2167/5241/2167 2316/5245/2316
f 4746/5246/4746 4896/5247/4896 4897/5248/4897 4748/5242/4748
f 2165/5249/2165 2315/5250/2315 2320/5251/2320 2169/5252/2169
f 4896/5253/4896 4746/5254/4746 4750/5255/4750 4901/5256/4901
f 2167/5257/2167 2165/5249/2165 2170/5211/2170 2171/5214/2171
f 4746/5254/4746 4748/5258/4748 4752/5217/4752 4751/5216/4751
f 2165/5249/2165 2169/5252/2169 2173/5219/2173 2170/5211/2170
f 4750/5255/4750 4746/5254/4746 4751/5216/4751 4754/5222/4754
f 2317/5239/2317 2166/5237/2166 2319/5259/2319 2318/5260/2318
f 4747/5238/4747 4898/5240/4898 4899/5261/4899 4900/5262/4900
f 2166/5237/2166 2309/360/2309 2313/2181/2313 2319/5259/2319
f 4890/362/4890 4747/5238/4747 4900/5262/4900 4894/2183/4894
f 2316/5245/2316 2167/5241/2167 2317/5239/2317 2318/5260/2318
f 4748/5242/4748 4897/5248/4897 4899/5261/4899 4898/5240/4898
f 2169/5252/2169 2168/5263/2168 2172/5227/2172 2173/5219/2173
f 4749/5264/4749 4750/5255/4750 4754/5222/4754 4753/5228/4753
f 2168/5263/2168 2169/5252/2169 2320/5251/2320 2348/5265/2348
f 4750/5255/4750 4749/5264/4749 4929/5266/4929 4901/5256/4901
f 2172/5231/2172 2168/5267/2168 2525/5268/2525 2521/5232/2521
f 4749/5269/4749 4753/5236/4753 5102/5235/5102 5106/5270/5106
f 2525/5268/2525 2168/5267/2168 2348/5271/2348 2528/5272/2528
f 4749/5269/4749 5106/5270/5106 5109/5273/5109 4929/5274/4929
f 2175/5039/2175 2174/5275/2174 2185/5276/2185 2184/5040/2184
f 4755/5277/4755 4756/5044/4756 4765/5043/4765 4766/5278/4766
f 2174/5275/2174 2175/5039/2175 2176/4414/2176 2512/4413/2512
f 4756/5044/4756 4755/5277/4755 5093/4416/5093 4757/4415/4757
f 2185/5276/2185 2174/5275/2174 2513/5279/2513 2520/5280/2520
f 4755/5277/4755 4766/5278/4766 5101/5281/5101 5094/5282/5094
f 2174/5275/2174 2512/4413/2512 2508/5283/2508 2513/5279/2513
f 5093/4416/5093 4755/5277/4755 5094/5282/5094 5089/5284/5089
f 2178/5285/2178 2177/5286/2177 2533/5287/2533 2530/5288/2530
f 4758/5289/4758 4759/5290/4759 5111/5291/5111 5114/5292/5114
f 2177/5286/2177 2178/5285/2178 2180/5293/2180 2524/5294/2524
f 4759/5290/4759 4758/5289/4758 5105/5295/5105 4761/5296/4761
f 2527/5297/2527 2177/5298/2177 2524/5299/2524 2526/5300/2526
f 4758/5301/4758 5108/5302/5108 5107/5303/5107 5105/5304/5105
f 2177/5298/2177 2527/5297/2527 2534/5305/2534 2533/5306/2533
f 5108/5302/5108 4758/5301/4758 5114/5307/5114 5115/5308/5115
f 2178/5285/2178 2530/5288/2530 2529/5309/2529 2182/5310/2182
f 5111/5291/5111 4759/5290/4759 4763/5311/4763 5110/5312/5110
f 2180/5293/2180 2178/5285/2178 2182/5310/2182 2179/5313/2179
f 4759/5290/4759 4761/5296/4761 4760/5314/4760 4763/5311/4763
f 2181/5315/2181 2179/5316/2179 2182/5317/2182 2183/5318/2183
f 4760/5319/4760 4762/5320/4762 4764/5321/4764 4763/5322/4763
f 2179/5316/2179 2181/5315/2181 2185/5276/2185 2520/5280/2520
f 4762/5320/4762 4760/5319/4760 5101/5281/5101 4766/5278/4766
f 2180/5293/2180 2179/5313/2179 2520/5323/2520 2519/5324/2519
f 4760/5314/4760 4761/5296/4761 5100/5325/5100 5101/5326/5101
f 2524/5294/2524 2180/5293/2180 2519/5324/2519 2522/5327/2522
f 4761/5296/4761 5105/5295/5105 5103/5328/5103 5100/5325/5100
f 2186/5122/2186 2181/5315/2181 2183/5318/2183 2187/5121/2187
f 4762/5320/4762 4767/5124/4767 4768/5123/4768 4764/5321/4764
f 2181/5315/2181 2186/5122/2186 2184/5040/2184 2185/5276/2185
f 4767/5124/4767 4762/5320/4762 4766/5278/4766 4765/5043/4765
f 2183/5318/2183 2182/5317/2182 2529/5329/2529 2335/5330/2335
f 4763/5322/4763 4764/5321/4764 4916/5331/4916 5110/5332/5110
f 2183/5318/2183 2335/5330/2335 2188/5119/2188 2187/5121/2187
f 4916/5331/4916 4764/5321/4764 4768/5123/4768 4769/5120/4769
f 2336/5115/2336 2188/5119/2188 2335/5330/2335 2337/5333/2337
f 4769/5120/4769 4917/5118/4917 4918/5334/4918 4916/5331/4916
f 2190/4433/2190 2189/195/2189 2198/199/2198 2194/5335/2194
f 4770/196/4770 4771/4434/4771 4775/5336/4775 4779/200/4779
f 2196/4435/2196 2190/4433/2190 2194/5335/2194 2193/5337/2193
f 4771/4434/4771 4777/4436/4777 4774/5338/4774 4775/5336/4775
f 2203/5339/2203 2192/5340/2192 2201/2379/2201 2207/2374/2207
f 4773/5341/4773 4784/5342/4784 4788/2375/4788 4782/2380/4782
f 2192/5340/2192 2203/5339/2203 2204/4441/2204 2195/4437/2195
f 4784/5342/4784 4773/5341/4773 4776/4440/4776 4785/4444/4785
f 2201/2379/2201 2192/5340/2192 2193/5337/2193 2194/5335/2194
f 4773/5341/4773 4782/2380/4782 4775/5336/4775 4774/5338/4774
f 2193/5337/2193 2192/5340/2192 2195/4437/2195 2196/4435/2196
f 4773/5341/4773 4774/5338/4774 4777/4436/4777 4776/4440/4776
f 2194/5335/2194 2198/199/2198 2199/2343/2199 2201/2379/2201
f 4779/200/4779 4775/5336/4775 4782/2380/4782 4780/2344/4780
f 2198/199/2198 2197/156/2197 2200/162/2200 2199/2343/2199
f 4778/158/4778 4779/200/4779 4780/2344/4780 4781/163/4781
f 2210/5343/2210 2202/5344/2202 2208/2373/2208 2209/2377/2209
f 4783/5345/4783 4791/5346/4791 4790/2378/4790 4789/2376/4789
f 2202/5344/2202 2210/5343/2210 2205/4454/2205 2206/4453/2206
f 4791/5346/4791 4783/5345/4783 4787/4456/4787 4786/4455/4786
f 2202/5344/2202 2206/4453/2206 2204/4441/2204 2203/5339/2203
f 4787/4456/4787 4783/5345/4783 4784/5342/4784 4785/4444/4785
f 2202/5344/2202 2203/5339/2203 2207/2374/2207 2208/2373/2208
f 4784/5342/4784 4783/5345/4783 4789/2376/4789 4788/2375/4788
f 2216/4483/2216 2211/4481/2211 2221/5347/2221 2212/2471/2212
f 4792/4482/4792 4797/4484/4797 4793/2472/4793 4802/5348/4802
f 2211/4481/2211 2215/4468/2215 2220/5349/2220 2221/5347/2221
f 4796/4471/4796 4792/4482/4792 4802/5348/4802 4801/5350/4801
f 2212/2471/2212 2226/2464/2226 2214/4485/2214 2216/4483/2216
f 4807/2465/4807 4793/2472/4793 4797/4484/4797 4795/4486/4795
f 2212/2471/2212 2221/5347/2221 2229/5351/2229 2230/2467/2230
f 4802/5348/4802 4793/2472/4793 4811/2470/4811 4810/5352/4810
f 2214/4485/2214 2213/103/2213 2218/99/2218 2217/416/2217
f 4794/104/4794 4795/4486/4795 4798/418/4798 4799/101/4799
f 2213/103/2213 2214/4485/2214 2226/2464/2226 2224/2463/2224
f 4795/4486/4795 4794/104/4794 4805/2466/4805 4807/2465/4807
f 2227/33/2227 2213/103/2213 2224/2463/2224 2223/41/2223
f 4794/104/4794 4808/38/4808 4804/44/4804 4805/2466/4805
f 2215/4468/2215 2222/4467/2222 2246/5353/2246 2220/5349/2220
f 4803/4472/4803 4796/4471/4796 4801/5350/4801 4827/5354/4827
f 2243/5355/2243 2219/5356/2219 2246/5353/2246 2242/4525/2242
f 4800/5357/4800 4824/5358/4824 4823/4526/4823 4827/5354/4827
f 2219/5356/2219 2243/5355/2243 2270/5359/2270 2237/5360/2237
f 4824/5358/4824 4800/5357/4800 4818/5361/4818 4851/5362/4851
f 2228/5363/2228 2219/5356/2219 2237/5360/2237 2238/5364/2238
f 4800/5357/4800 4809/5365/4809 4819/5366/4819 4818/5361/4818
f 2219/5356/2219 2228/5363/2228 2220/5349/2220 2246/5353/2246
f 4809/5365/4809 4800/5357/4800 4827/5354/4827 4801/5350/4801
f 2221/5347/2221 2220/5349/2220 2228/5363/2228 2229/5351/2229
f 4801/5350/4801 4802/5348/4802 4810/5352/4810 4809/5365/4809
f 2222/4467/2222 2245/4474/2245 2242/4525/2242 2246/5353/2246
f 4826/4475/4826 4803/4472/4803 4827/5354/4827 4823/4526/4823
f 2229/5351/2229 2228/5363/2228 2238/5364/2238 2234/5367/2234
f 4809/5365/4809 4810/5352/4810 4815/5368/4815 4819/5366/4819
f 2230/2467/2230 2229/5351/2229 2234/5367/2234 2235/2468/2235
f 4810/5352/4810 4811/2470/4811 4816/2469/4816 4815/5368/4815
f 2232/2506/2232 2231/5369/2231 2240/5370/2240 2241/2505/2241
f 4812/5371/4812 4813/2508/4813 4822/2507/4822 4821/5372/4821
f 2231/5369/2231 2232/2506/2232 2234/5367/2234 2238/5364/2238
f 4813/2508/4813 4812/5371/4812 4819/5366/4819 4815/5368/4815
f 2236/5373/2236 2231/5369/2231 2238/5364/2238 2237/5360/2237
f 4812/5371/4812 4817/5374/4817 4818/5361/4818 4819/5366/4819
f 2231/5369/2231 2236/5373/2236 2239/5375/2239 2240/5370/2240
f 4817/5374/4817 4812/5371/4812 4821/5372/4821 4820/5376/4820
f 2232/2506/2232 2233/2475/2233 2235/2468/2235 2234/5367/2234
f 4814/2476/4814 4813/2508/4813 4815/5368/4815 4816/2469/4816
f 2269/5377/2269 2236/5373/2236 2237/5360/2237 2270/5359/2270
f 4817/5374/4817 4850/5378/4850 4851/5362/4851 4818/5361/4818
f 2236/5373/2236 2269/5377/2269 2272/5379/2272 2239/5375/2239
f 4850/5378/4850 4817/5374/4817 4820/5376/4820 4853/5380/4853
f 2243/5355/2243 2242/4525/2242 2244/4515/2244 2252/5381/2252
f 4823/4526/4823 4824/5358/4824 4833/5382/4833 4825/4517/4825
f 2243/5355/2243 2252/5381/2252 2249/5383/2249 2270/5359/2270
f 4833/5382/4833 4824/5358/4824 4851/5362/4851 4830/5384/4830
f 2244/4515/2244 2259/4514/2259 2257/5385/2257 2252/5381/2252
f 4840/4518/4840 4825/4517/4825 4833/5382/4833 4838/5386/4838
f 2248/5387/2248 2247/4661/2247 2263/5388/2263 2250/5389/2250
f 4828/4662/4828 4829/5390/4829 4831/5391/4831 4844/5392/4844
f 2247/4661/2247 2248/5387/2248 2257/5385/2257 2256/4657/2256
f 4829/5390/4829 4828/4662/4828 4837/4658/4837 4838/5386/4838
f 2247/4661/2247 2255/4659/2255 2268/5393/2268 2263/5388/2263
f 4836/4660/4836 4828/4662/4828 4844/5392/4844 4849/5394/4849
f 2248/5387/2248 2250/5389/2250 2251/5395/2251 2249/5383/2249
f 4831/5391/4831 4829/5390/4829 4830/5384/4830 4832/5396/4832
f 2257/5385/2257 2248/5387/2248 2249/5383/2249 2252/5381/2252
f 4829/5390/4829 4838/5386/4838 4833/5382/4833 4830/5384/4830
f 2270/5359/2270 2249/5383/2249 2251/5395/2251 2269/5377/2269
f 4830/5384/4830 4851/5362/4851 4850/5378/4850 4832/5396/4832
f 2251/5395/2251 2250/5389/2250 2262/5397/2262 2271/5398/2271
f 4831/5391/4831 4832/5396/4832 4852/5399/4852 4843/5400/4843
f 2262/5397/2262 2250/5389/2250 2263/5388/2263 2261/5401/2261
f 4831/5391/4831 4843/5400/4843 4842/5402/4842 4844/5392/4844
f 2251/5395/2251 2271/5398/2271 2272/5379/2272 2269/5377/2269
f 4852/5399/4852 4832/5396/4832 4850/5378/4850 4853/5380/4853
f 2255/4659/2255 2253/4649/2253 2267/5403/2267 2268/5393/2268
f 4834/4652/4834 4836/4660/4836 4849/5394/4849 4848/5404/4848
f 2267/5403/2267 2253/4649/2253 2254/4641/2254 2266/4723/2266
f 4834/4652/4834 4848/5404/4848 4847/4724/4847 4835/4646/4835
f 2256/4657/2256 2257/5385/2257 2259/4514/2259 2258/4522/2258
f 4838/5386/4838 4837/4658/4837 4839/4523/4839 4840/4518/4840
f 2260/5405/2260 2581/5406/2581 2268/5393/2268 2267/5403/2267
f 5162/5407/5162 4841/5408/4841 4848/5404/4848 4849/5394/4849
f 2260/5405/2260 2267/5403/2267 2266/4723/2266 2265/4725/2265
f 4848/5404/4848 4841/5408/4841 4846/4726/4846 4847/4724/4847
f 2261/5401/2261 2263/5388/2263 2268/5393/2268 2581/5406/2581
f 4844/5392/4844 4842/5402/4842 5162/5407/5162 4849/5394/4849
f 2290/5199/2290 2273/5108/2273 2274/5107/2274 2275/5409/2275
f 4854/5109/4854 4871/5200/4871 4856/5410/4856 4855/5110/4855
f 2274/5107/2274 2338/5116/2338 2276/5411/2276 2275/5409/2275
f 4919/5117/4919 4855/5110/4855 4856/5410/4856 4857/5412/4857
f 2277/5413/2277 2275/5409/2275 2276/5411/2276 2334/5414/2334
f 4856/5410/4856 4858/5415/4858 4915/5416/4915 4857/5412/4857
f 2275/5409/2275 2277/5413/2277 2293/5193/2293 2290/5199/2290
f 4858/5415/4858 4856/5410/4856 4871/5200/4871 4874/5196/4874
f 2276/5411/2276 2338/5116/2338 2339/5417/2339 2538/5418/2538
f 4919/5117/4919 4857/5412/4857 5119/5419/5119 4920/5420/4920
f 2334/5414/2334 2276/5411/2276 2538/5418/2538 2326/5421/2326
f 4857/5412/4857 4915/5416/4915 4907/5422/4907 5119/5419/5119
f 2327/5423/2327 2277/5413/2277 2334/5414/2334 2329/5424/2329
f 4858/5415/4858 4908/5425/4908 4910/5426/4910 4915/5416/4915
f 2277/5413/2277 2327/5423/2327 2292/5194/2292 2293/5193/2293
f 4908/5425/4908 4858/5415/4858 4874/5196/4874 4873/5195/4873
f 2287/5191/2287 2278/5427/2278 2286/5428/2286 2285/5181/2285
f 4859/5429/4859 4868/5192/4868 4866/5182/4866 4867/5430/4867
f 2278/5427/2278 2287/5191/2287 2279/5431/2279 2280/5432/2280
f 4868/5192/4868 4859/5429/4859 4861/5433/4861 4860/5434/4860
f 2286/5428/2286 2278/5427/2278 2298/5435/2298 2306/5436/2306
f 4859/5429/4859 4867/5430/4867 4887/5437/4887 4879/5438/4879
f 2298/5435/2298 2278/5427/2278 2280/5432/2280 2299/5439/2299
f 4859/5429/4859 4879/5438/4879 4880/5440/4880 4861/5433/4861
f 2281/5441/2281 2279/5431/2279 2282/5442/2282 2283/5443/2283
f 4860/5434/4860 4862/5444/4862 4864/5445/4864 4863/5446/4863
f 2279/5431/2279 2281/5441/2281 2300/5447/2300 2280/5432/2280
f 4862/5444/4862 4860/5434/4860 4861/5433/4861 4881/5448/4881
f 2282/5442/2282 2279/5431/2279 2287/5191/2287 2291/5188/2291
f 4860/5434/4860 4863/5446/4863 4872/5189/4872 4868/5192/4868
f 2280/5432/2280 2300/5447/2300 2308/5449/2308 2299/5439/2299
f 4881/5448/4881 4861/5433/4861 4880/5440/4880 4889/5450/4889
f 2281/5441/2281 2283/5443/2283 2376/5451/2376 2379/5452/2379
f 4864/5445/4864 4862/5444/4862 4960/5453/4960 4957/5454/4957
f 2300/5447/2300 2281/5441/2281 2379/5452/2379 2381/5455/2381
f 4862/5444/4862 4881/5448/4881 4962/5456/4962 4960/5453/4960
f 2283/5443/2283 2282/5442/2282 2294/5197/2294 2374/5457/2374
f 4863/5446/4863 4864/5445/4864 4955/5458/4955 4875/5198/4875
f 2294/5197/2294 2282/5442/2282 2291/5188/2291 2289/5187/2289
f 4863/5446/4863 4875/5198/4875 4870/5190/4870 4872/5189/4872
f 2376/5451/2376 2283/5443/2283 2374/5457/2374 2375/5459/2375
f 4864/5445/4864 4957/5454/4957 4956/5460/4956 4955/5458/4955
f 2303/2125/2303 2284/2126/2284 2304/5183/2304 2305/5461/2305
f 4865/2128/4865 4884/2127/4884 4886/5462/4886 4885/5184/4885
f 2288/5172/2288 2285/5181/2285 2286/5428/2286 2304/5183/2304
f 4866/5182/4866 4869/5174/4869 4885/5184/4885 4867/5430/4867
f 2304/5183/2304 2286/5428/2286 2306/5436/2306 2305/5461/2305
f 4867/5430/4867 4885/5184/4885 4886/5462/4886 4887/5437/4887
f 2294/5197/2294 2292/5194/2292 2327/5423/2327 2374/5457/2374
f 4873/5195/4873 4875/5198/4875 4955/5458/4955 4908/5425/4908
f 2295/5463/2295 2302/5464/2302 2305/5461/2305 2306/5436/2306
f 4883/5465/4883 4876/5466/4876 4887/5437/4887 4886/5462/4886
f 2295/5463/2295 2306/5436/2306 2298/5435/2298 2296/5467/2296
f 4887/5437/4887 4876/5466/4876 4877/5468/4877 4879/5438/4879
f 2296/5467/2296 2298/5435/2298 2299/5439/2299 2297/5469/2297
f 4879/5438/4879 4877/5468/4877 4878/5470/4878 4880/5440/4880
f 2307/5471/2307 2297/5469/2297 2299/5439/2299 2308/5449/2308
f 4878/5470/4878 4888/5472/4888 4889/5450/4889 4880/5440/4880
f 2308/5449/2308 2300/5447/2300 2381/5455/2381 2393/5473/2393
f 4881/5448/4881 4889/5450/4889 4974/5474/4974 4962/5456/4962
f 2301/2129/2301 2303/2125/2303 2305/5461/2305 2302/5464/2302
f 4884/2127/4884 4882/2130/4882 4883/5465/4883 4886/5462/4886
f 2307/5471/2307 2308/5449/2308 2393/5473/2393 2391/5475/2391
f 4889/5450/4889 4888/5472/4888 4972/5476/4972 4974/5474/4974
f 2316/5245/2316 2310/5477/2310 2342/5478/2342 2315/5243/2315
f 4891/5479/4891 4897/5248/4897 4896/5247/4896 4923/5480/4923
f 2310/5477/2310 2316/5245/2316 2318/5260/2318 2311/5481/2311
f 4897/5248/4897 4891/5479/4891 4892/5482/4892 4899/5261/4899
f 2310/5477/2310 2311/5481/2311 2312/5483/2312 2343/5484/2343
f 4892/5482/4892 4891/5479/4891 4924/5485/4924 4893/5486/4893
f 2310/5477/2310 2343/5484/2343 2344/5487/2344 2342/5478/2342
f 4924/5485/4924 4891/5479/4891 4923/5480/4923 4925/5488/4925
f 2311/5481/2311 2318/5260/2318 2319/5259/2319 2314/5489/2314
f 4899/5261/4899 4892/5482/4892 4895/5490/4895 4900/5262/4900
f 2312/5483/2312 2311/5481/2311 2314/5489/2314 2322/5491/2322
f 4892/5482/4892 4893/5486/4893 4903/5492/4903 4895/5490/4895
f 2312/5483/2312 2322/5491/2322 2354/5493/2354 2324/5494/2324
f 4903/5492/4903 4893/5486/4893 4905/5495/4905 4935/5496/4935
f 2312/5483/2312 2324/5494/2324 2361/5497/2361 2343/5484/2343
f 4905/5495/4905 4893/5486/4893 4924/5485/4924 4942/5498/4942
f 2319/5259/2319 2313/2181/2313 2325/2182/2325 2314/5489/2314
f 4894/2183/4894 4900/5262/4900 4895/5490/4895 4906/2184/4906
f 2314/5489/2314 2325/2182/2325 2323/2237/2323 2322/5491/2322
f 4906/2184/4906 4895/5490/4895 4903/5492/4903 4904/2238/4904
f 2320/5251/2320 2315/5250/2315 2342/5499/2342 2350/5500/2350
f 4896/5253/4896 4901/5256/4901 4931/5501/4931 4923/5502/4923
f 2348/5265/2348 2320/5251/2320 2350/5500/2350 2349/5503/2349
f 4901/5256/4901 4929/5266/4929 4930/5504/4930 4931/5501/4931
f 2321/2233/2321 2357/2234/2357 2356/2605/2356 2354/5493/2354
f 4938/2236/4938 4902/2235/4902 4935/5496/4935 4937/2606/4937
f 2321/2233/2321 2354/5493/2354 2322/5491/2322 2323/2237/2323
f 4935/5496/4935 4902/2235/4902 4904/2238/4904 4903/5492/4903
f 2324/5494/2324 2354/5493/2354 2356/2605/2356 2355/5505/2355
f 4935/5496/4935 4905/5495/4905 4936/5506/4936 4937/2606/4937
f 2324/5494/2324 2355/5505/2355 2359/5507/2359 2361/5497/2361
f 4936/5506/4936 4905/5495/4905 4942/5498/4942 4940/5508/4940
f 2330/5509/2330 2326/5421/2326 2331/5510/2331 2547/5511/2547
f 4907/5422/4907 4911/5512/4911 5128/5513/5128 4912/5514/4912
f 2326/5421/2326 2330/5509/2330 2329/5424/2329 2334/5414/2334
f 4911/5512/4911 4907/5422/4907 4915/5416/4915 4910/5426/4910
f 2326/5421/2326 2538/5418/2538 2328/5515/2328 2331/5510/2331
f 5119/5419/5119 4907/5422/4907 4912/5514/4912 4909/5516/4909
f 2327/5423/2327 2329/5424/2329 2375/5459/2375 2374/5457/2374
f 4910/5426/4910 4908/5425/4908 4955/5458/4955 4956/5460/4956
f 2331/5517/2331 2328/5518/2328 2539/5519/2539 2333/5520/2333
f 4909/5521/4909 4912/5522/4912 4914/5523/4914 5120/5524/5120
f 2341/5525/2341 2328/5515/2328 2538/5418/2538 2339/5417/2339
f 4909/5516/4909 4922/5526/4922 4920/5420/4920 5119/5419/5119
f 2328/5527/2328 2341/5528/2341 2537/5529/2537 2539/5530/2539
f 4922/5531/4922 4909/5532/4909 5120/5533/5120 5118/5534/5118
f 2329/5424/2329 2330/5509/2330 2332/5535/2332 2375/5459/2375
f 4911/5512/4911 4910/5426/4910 4956/5460/4956 4913/5536/4913
f 2332/5535/2332 2330/5509/2330 2547/5511/2547 2549/5537/2549
f 4911/5512/4911 4913/5536/4913 5130/5538/5130 5128/5513/5128
f 2547/5539/2547 2331/5517/2331 2333/5520/2333 2548/5540/2548
f 4912/5522/4912 5128/5541/5128 5129/5542/5129 4914/5523/4914
f 2332/5535/2332 2549/5537/2549 2384/5543/2384 2383/5544/2383
f 5130/5538/5130 4913/5536/4913 4964/5545/4964 4965/5546/4965
f 2375/5459/2375 2332/5535/2332 2383/5544/2383 2376/5451/2376
f 4913/5536/4913 4956/5460/4956 4957/5454/4957 4964/5545/4964
f 2548/5540/2548 2333/5520/2333 2546/5547/2546 2553/5548/2553
f 4914/5523/4914 5129/5542/5129 5134/5549/5134 5127/5550/5127
f 2333/5520/2333 2539/5519/2539 2544/5551/2544 2546/5547/2546
f 5120/5524/5120 4914/5523/4914 5127/5550/5127 5125/5552/5125
f 2337/5333/2337 2335/5330/2335 2529/5329/2529 2340/5553/2340
f 4916/5331/4916 4918/5334/4918 4921/5554/4921 5110/5332/5110
f 2338/5116/2338 2336/5115/2336 2337/5333/2337 2339/5417/2339
f 4917/5118/4917 4919/5117/4919 4920/5420/4920 4918/5334/4918
f 2339/5417/2339 2337/5333/2337 2340/5553/2340 2341/5525/2341
f 4918/5334/4918 4920/5420/4920 4922/5526/4922 4921/5554/4921
f 2341/5528/2341 2340/5555/2340 2531/5556/2531 2537/5529/2537
f 4921/5557/4921 4922/5531/4922 5118/5534/5118 5112/5558/5112
f 2340/5555/2340 2529/5309/2529 2530/5288/2530 2531/5556/2531
f 5110/5312/5110 4921/5557/4921 5112/5558/5112 5111/5291/5111
f 2342/5499/2342 2344/5559/2344 2347/5560/2347 2350/5500/2350
f 4925/5561/4925 4923/5502/4923 4931/5501/4931 4928/5562/4928
f 2343/5484/2343 2361/5497/2361 2360/5563/2360 2344/5487/2344
f 4942/5498/4942 4924/5485/4924 4925/5488/4925 4941/5564/4941
f 2347/5560/2347 2344/5559/2344 2360/5565/2360 2362/5566/2362
f 4925/5561/4925 4928/5562/4928 4943/5567/4943 4941/5568/4941
f 2346/5569/2346 2345/5570/2345 2347/5560/2347 2362/5566/2362
f 4926/5571/4926 4927/5572/4927 4943/5567/4943 4928/5562/4928
f 2345/5573/2345 2346/5574/2346 2542/5575/2542 2540/5576/2540
f 4927/5577/4927 4926/5578/4926 5121/5579/5121 5123/5580/5123
f 2349/5581/2349 2345/5573/2345 2540/5576/2540 2532/5582/2532
f 4926/5578/4926 4930/5583/4930 5113/5584/5113 5121/5579/5121
f 2345/5570/2345 2349/5503/2349 2350/5500/2350 2347/5560/2347
f 4930/5504/4930 4926/5571/4926 4928/5562/4928 4931/5501/4931
f 2346/5569/2346 2362/5566/2362 2364/5585/2364 2363/5586/2363
f 4943/5567/4943 4927/5572/4927 4944/5587/4944 4945/5588/4945
f 2542/5575/2542 2346/5574/2346 2363/5589/2363 2550/5590/2550
f 4927/5577/4927 5123/5580/5123 5131/5591/5131 4944/5592/4944
f 2348/5271/2348 2349/5581/2349 2532/5582/2532 2528/5272/2528
f 4930/5583/4930 4929/5274/4929 5109/5273/5109 5113/5584/5113
f 2358/5593/2358 2351/5594/2351 2370/5595/2370 2364/5596/2364
f 4932/5597/4932 4939/5598/4939 4945/5599/4945 4951/5600/4951
f 2351/5601/2351 2358/5602/2358 2359/5507/2359 2353/5603/2353
f 4939/5604/4939 4932/5605/4932 4934/5606/4934 4940/5508/4940
f 2365/5607/2365 2351/5601/2351 2353/5603/2353 2366/5608/2366
f 4932/5605/4932 4946/5609/4946 4947/5610/4947 4934/5606/4934
f 2351/5594/2351 2365/5611/2365 2372/5612/2372 2370/5595/2370
f 4946/5613/4946 4932/5597/4932 4951/5600/4951 4953/5614/4953
f 2353/5603/2353 2352/5615/2352 2396/5616/2396 2366/5608/2366
f 4933/5617/4933 4934/5606/4934 4947/5610/4947 4977/5618/4977
f 2352/5615/2352 2353/5603/2353 2359/5507/2359 2355/5505/2355
f 4934/5606/4934 4933/5617/4933 4936/5506/4936 4940/5508/4940
f 2399/2601/2399 2352/5615/2352 2355/5505/2355 2356/2605/2356
f 4933/5617/4933 4980/2603/4980 4937/2606/4937 4936/5506/4936
f 2352/5615/2352 2399/2601/2399 2398/2602/2398 2396/5616/2396
f 4980/2603/4980 4933/5617/4933 4977/5618/4977 4979/2604/4979
f 2360/5565/2360 2358/5619/2358 2364/5585/2364 2362/5566/2362
f 4939/5620/4939 4941/5568/4941 4943/5567/4943 4945/5588/4945
f 2358/5602/2358 2360/5563/2360 2361/5497/2361 2359/5507/2359
f 4941/5564/4941 4939/5604/4939 4940/5508/4940 4942/5498/4942
f 2550/5590/2550 2363/5589/2363 2373/5621/2373 2552/5622/2552
f 4944/5592/4944 5131/5591/5131 5133/5623/5133 4954/5624/4954
f 2363/5625/2363 2364/5596/2364 2370/5595/2370 2373/5626/2373
f 4945/5599/4945 4944/5627/4944 4954/5628/4954 4951/5600/4951
f 2405/5629/2405 2365/5607/2365 2366/5608/2366 2407/5630/2407
f 4946/5609/4946 4986/5631/4986 4988/5632/4988 4947/5610/4947
f 2365/5611/2365 2405/5633/2405 2368/5634/2368 2372/5612/2372
f 4986/5635/4986 4946/5613/4946 4953/5614/4953 4949/5636/4949
f 2407/5630/2407 2366/5608/2366 2396/5616/2396 2409/5637/2409
f 4947/5610/4947 4988/5632/4988 4990/5638/4990 4977/5618/4977
f 2371/5639/2371 2367/5640/2367 2563/5641/2563 2557/5642/2557
f 4948/5643/4948 4952/5644/4952 5138/5645/5138 5144/5646/5144
f 2367/5647/2367 2371/5648/2371 2372/5612/2372 2368/5634/2368
f 4952/5649/4952 4948/5650/4948 4949/5636/4949 4953/5614/4953
f 2367/5647/2367 2368/5634/2368 2410/5651/2410 2369/5652/2369
f 4949/5636/4949 4948/5650/4948 4950/5653/4950 4991/5654/4991
f 2367/5640/2367 2369/5655/2369 2567/5656/2567 2563/5641/2563
f 4950/5657/4950 4948/5643/4948 5144/5646/5144 5148/5658/5148
f 2410/5651/2410 2368/5634/2368 2405/5633/2405 2406/5659/2406
f 4949/5636/4949 4991/5654/4991 4987/5660/4987 4986/5635/4986
f 2421/5661/2421 2369/5652/2369 2410/5651/2410 2422/5662/2422
f 4950/5653/4950 5002/5663/5002 5003/5664/5003 4991/5654/4991
f 2369/5652/2369 2421/5661/2421 2568/5665/2568 2567/5666/2567
f 5002/5663/5002 4950/5653/4950 5148/5667/5148 5149/5668/5149
f 2370/5595/2370 2372/5612/2372 2371/5648/2371 2373/5626/2373
f 4953/5614/4953 4951/5600/4951 4954/5628/4954 4952/5649/4952
f 2373/5621/2373 2371/5639/2371 2557/5642/2557 2552/5622/2552
f 4952/5644/4952 4954/5624/4954 5133/5623/5133 5138/5645/5138
f 2379/5452/2379 2376/5451/2376 2383/5544/2383 2380/5669/2380
f 4957/5454/4957 4960/5453/4960 4961/5670/4961 4964/5545/4964
f 2556/5671/2556 2377/5672/2377 2378/5673/2378 2555/5674/2555
f 4958/5675/4958 5137/5676/5137 5136/5677/5136 4959/5678/4959
f 2377/5679/2377 2556/5680/2556 2558/5681/2558 2564/5682/2564
f 5137/5683/5137 4958/5684/4958 5145/5685/5145 5139/5686/5139
f 2565/5687/2565 2377/5679/2377 2564/5682/2564 2566/5688/2566
f 4958/5684/4958 5146/5689/5146 5147/5690/5147 5145/5685/5145
f 2377/5672/2377 2565/5691/2565 2569/5692/2569 2378/5673/2378
f 5146/5693/5146 4958/5675/4958 4959/5678/4959 5150/5694/5150
f 2378/5673/2378 2569/5692/2569 2385/5695/2385 2384/5696/2384
f 5150/5694/5150 4959/5678/4959 4965/5697/4965 4966/5698/4966
f 2555/5674/2555 2378/5673/2378 2384/5696/2384 2549/5699/2549
f 4959/5678/4959 5136/5677/5136 5130/5700/5130 4965/5697/4965
f 2379/5452/2379 2380/5669/2380 2382/5701/2382 2381/5455/2381
f 4961/5670/4961 4960/5453/4960 4962/5456/4962 4963/5702/4963
f 2385/5703/2385 2380/5669/2380 2383/5544/2383 2384/5543/2384
f 4961/5670/4961 4966/5704/4966 4965/5546/4965 4964/5545/4964
f 2380/5669/2380 2385/5703/2385 2559/5705/2559 2382/5701/2382
f 4966/5704/4966 4961/5670/4961 4963/5702/4963 5140/5706/5140
f 2381/5455/2381 2382/5701/2382 2394/5707/2394 2393/5473/2393
f 4963/5702/4963 4962/5456/4962 4974/5474/4974 4975/5708/4975
f 2394/5707/2394 2382/5701/2382 2559/5705/2559 2561/5709/2561
f 4963/5702/4963 4975/5708/4975 5142/5710/5142 5140/5706/5140
f 2559/5711/2559 2385/5695/2385 2569/5692/2569 2560/5712/2560
f 4966/5698/4966 5140/5713/5140 5141/5714/5141 5150/5694/5150
f 2574/5715/2574 2386/5716/2386 2388/5717/2388 2389/5718/2389
f 4967/5719/4967 5155/5720/5155 4970/5721/4970 4969/5722/4969
f 2388/5717/2388 2386/5716/2386 2562/5723/2562 2387/5724/2387
f 4967/5719/4967 4969/5722/4969 4968/5725/4968 5143/5726/5143
f 2387/5724/2387 2562/5723/2562 2390/5727/2390 2561/5728/2561
f 5143/5726/5143 4968/5725/4968 5142/5729/5142 4971/5730/4971
f 2387/5724/2387 2561/5728/2561 2559/5711/2559 2560/5712/2560
f 5142/5729/5142 4968/5725/4968 5141/5714/5141 5140/5713/5140
f 2387/5724/2387 2560/5712/2560 2570/5731/2570 2388/5717/2388
f 5141/5714/5141 4968/5725/4968 4969/5722/4969 5151/5732/5151
f 2388/5717/2388 2570/5731/2570 2571/5733/2571 2389/5718/2389
f 5151/5732/5151 4969/5722/4969 4970/5721/4970 5152/5734/5152
f 2389/5735/2389 2571/5736/2571 2572/5737/2572 2573/5738/2573
f 5152/5739/5152 4970/5740/4970 5154/5741/5154 5153/5742/5153
f 2574/5743/2574 2389/5735/2389 2573/5738/2573 2575/5744/2575
f 4970/5740/4970 5155/5745/5155 5156/5746/5156 5154/5741/5154
f 2390/5747/2390 2392/5748/2392 2394/5707/2394 2561/5709/2561
f 4973/5749/4973 4971/5750/4971 5142/5710/5142 4975/5708/4975
f 2392/5748/2392 2391/5475/2391 2393/5473/2393 2394/5707/2394
f 4972/5476/4972 4973/5749/4973 4975/5708/4975 4974/5474/4974
f 2403/5751/2403 2395/2578/2395 2412/2582/2412 2404/5752/2404
f 4976/2580/4976 4984/5753/4984 4985/5754/4985 4993/2583/4993
f 2395/2578/2395 2403/5751/2403 2398/2602/2398 2397/2577/2397
f 4984/5753/4984 4976/2580/4976 4978/2579/4978 4979/2604/4979
f 2396/5616/2396 2398/2602/2398 2403/5751/2403 2409/5637/2409
f 4979/2604/4979 4977/5618/4977 4990/5638/4990 4984/5753/4984
f 2408/5755/2408 2400/5756/2400 2401/5757/2401 2416/5758/2416
f 4981/5759/4981 4989/5760/4989 4997/5761/4997 4982/5762/4982
f 2400/5756/2400 2408/5755/2408 2407/5630/2407 2409/5637/2409
f 4989/5760/4989 4981/5759/4981 4990/5638/4990 4988/5632/4988
f 2404/5752/2404 2400/5756/2400 2409/5637/2409 2403/5751/2403
f 4981/5759/4981 4985/5754/4985 4984/5753/4984 4990/5638/4990
f 2400/5756/2400 2404/5752/2404 2402/5763/2402 2401/5757/2401
f 4985/5754/4985 4981/5759/4981 4982/5762/4982 4983/5764/4983
f 2401/5757/2401 2402/5763/2402 2432/5765/2432 2431/5766/2431
f 4983/5764/4983 4982/5762/4982 5012/5767/5012 5013/5768/5013
f 2416/5758/2416 2401/5757/2401 2431/5766/2431 2417/5769/2417
f 4982/5762/4982 4997/5761/4997 4998/5770/4998 5012/5767/5012
f 2411/2645/2411 2402/5763/2402 2404/5752/2404 2412/2582/2412
f 4983/5764/4983 4992/2647/4992 4993/2583/4993 4985/5754/4985
f 2402/5763/2402 2411/2645/2411 2433/2646/2433 2432/5765/2432
f 4992/2647/4992 4983/5764/4983 5013/5768/5013 5014/2648/5014
f 2406/5771/2406 2405/5629/2405 2407/5630/2407 2408/5755/2408
f 4986/5631/4986 4987/5772/4987 4989/5760/4989 4988/5632/4988
f 2410/5651/2410 2406/5659/2406 2418/5773/2418 2422/5662/2422
f 4987/5660/4987 4991/5654/4991 5003/5664/5003 4999/5774/4999
f 2418/5775/2418 2406/5771/2406 2408/5755/2408 2416/5758/2416
f 4987/5772/4987 4999/5776/4999 4997/5761/4997 4989/5760/4989
f 2418/5773/2418 2413/5777/2413 2420/5778/2420 2422/5662/2422
f 4994/5779/4994 4999/5774/4999 5003/5664/5003 5001/5780/5001
f 2413/5781/2413 2418/5775/2418 2416/5758/2416 2417/5769/2417
f 4999/5776/4999 4994/5782/4994 4998/5770/4998 4997/5761/4997
f 2413/5781/2413 2417/5769/2417 2415/5783/2415 2414/5784/2414
f 4998/5770/4998 4994/5782/4994 4995/5785/4995 4996/5786/4996
f 2413/5777/2413 2414/5787/2414 2425/5788/2425 2420/5778/2420
f 4995/5789/4995 4994/5779/4994 5001/5780/5001 5006/5790/5006
f 2425/5788/2425 2414/5787/2414 2423/5791/2423 2427/5792/2427
f 4995/5789/4995 5006/5790/5006 5008/5793/5008 5004/5794/5004
f 2414/5784/2414 2415/5783/2415 2424/5795/2424 2423/5796/2423
f 4996/5786/4996 4995/5785/4995 5004/5797/5004 5005/5798/5005
f 2435/5799/2435 2415/5783/2415 2417/5769/2417 2431/5766/2431
f 4996/5786/4996 5016/5800/5016 5012/5767/5012 4998/5770/4998
f 2415/5783/2415 2435/5799/2435 2436/5801/2436 2424/5795/2424
f 5016/5800/5016 4996/5786/4996 5005/5798/5005 5017/5802/5017
f 2420/5778/2420 2419/5803/2419 2421/5661/2421 2422/5662/2422
f 5000/5804/5000 5001/5780/5001 5003/5664/5003 5002/5663/5002
f 2419/5803/2419 2420/5778/2420 2425/5788/2425 2428/5805/2428
f 5001/5780/5001 5000/5804/5000 5009/5806/5009 5006/5790/5006
f 2421/5661/2421 2419/5803/2419 2572/5807/2572 2568/5665/2568
f 5000/5804/5000 5002/5663/5002 5149/5668/5149 5153/5808/5153
f 2572/5807/2572 2419/5803/2419 2428/5805/2428 2573/5809/2573
f 5000/5804/5000 5153/5808/5153 5154/5810/5154 5009/5806/5009
f 2428/5805/2428 2425/5788/2425 2427/5792/2427 2426/5811/2426
f 5006/5790/5006 5009/5806/5009 5007/5812/5007 5008/5793/5008
f 2426/5811/2426 2575/5813/2575 2573/5809/2573 2428/5805/2428
f 5156/5814/5156 5007/5812/5007 5009/5806/5009 5154/5810/5154
f 2435/5799/2435 2429/5815/2429 2437/5816/2437 2436/5801/2436
f 5010/5817/5010 5016/5800/5016 5017/5802/5017 5018/5818/5018
f 2429/5815/2429 2435/5799/2435 2431/5766/2431 2432/5765/2432
f 5016/5800/5016 5010/5817/5010 5013/5768/5013 5012/5767/5012
f 2430/2674/2430 2429/5815/2429 2432/5765/2432 2433/2646/2433
f 5010/5817/5010 5011/2675/5011 5014/2648/5014 5013/5768/5013
f 2429/5815/2429 2430/2674/2430 2434/2695/2434 2437/5816/2437
f 5011/2675/5011 5010/5817/5010 5018/5818/5018 5015/2696/5015
f 2458/5819/2458 2439/2783/2439 2457/2775/2457 2456/5820/2456
f 5020/2786/5020 5039/5821/5039 5037/5822/5037 5038/2780/5038
f 2439/2783/2439 2458/5819/2458 2462/5823/2462 2440/2813/2440
f 5039/5821/5039 5020/2786/5020 5021/2816/5021 5043/5824/5043
f 2442/3280/2442 2441/3274/2441 2443/3277/2443 2444/5825/2444
f 5022/3276/5022 5023/3282/5023 5025/5826/5025 5024/3278/5024
f 2454/5827/2454 2442/5828/2442 2444/5829/2444 2459/5830/2459
f 5023/5831/5023 5035/5832/5035 5040/5833/5040 5025/5834/5025
f 2442/5828/2442 2454/5827/2454 2450/3248/2450 2467/3247/2467
f 5035/5832/5035 5023/5831/5023 5048/3250/5048 5031/3249/5031
f 2443/3277/2443 2445/3285/2445 2446/5835/2446 2444/5825/2444
f 5026/3286/5026 5024/3278/5024 5025/5826/5025 5027/5836/5027
f 2459/5830/2459 2444/5829/2444 2446/5837/2446 2460/5838/2460
f 5025/5834/5025 5040/5833/5040 5041/5839/5041 5027/5840/5027
f 2453/5841/2453 2449/3252/2449 2450/3248/2450 2454/5827/2454
f 5030/3254/5030 5034/5842/5034 5035/5832/5035 5031/3249/5031
f 2449/3263/2449 2453/5843/2453 2456/5820/2456 2451/3264/2451
f 5034/5844/5034 5030/3266/5030 5032/3265/5032 5037/5822/5037
f 2451/3264/2451 2456/5820/2456 2457/2775/2457 2452/2778/2452
f 5037/5822/5037 5032/3265/5032 5033/2781/5033 5038/2780/5038
f 2455/5845/2455 2453/5841/2453 2454/5827/2454 2459/5830/2459
f 5034/5842/5034 5036/5846/5036 5040/5833/5040 5035/5832/5035
f 2453/5843/2453 2455/5847/2455 2458/5819/2458 2456/5820/2456
f 5036/5848/5036 5034/5844/5034 5037/5822/5037 5039/5821/5039
f 2461/5849/2461 2455/5845/2455 2459/5830/2459 2460/5838/2460
f 5036/5846/5036 5042/5850/5042 5041/5839/5041 5040/5833/5040
f 2455/5847/2455 2461/5851/2461 2462/5823/2462 2458/5819/2458
f 5042/5852/5042 5036/5848/5036 5039/5821/5039 5043/5824/5043
f 2472/3258/2472 2468/5853/2468 2480/5854/2480 2471/3255/2471
f 5049/5855/5049 5053/3261/5053 5052/3260/5052 5061/5856/5061
f 2468/5853/2468 2472/3258/2472 2473/3161/2473 2469/3155/2469
f 5053/3261/5053 5049/5855/5049 5050/3158/5050 5054/3164/5054
f 2468/5853/2468 2469/3155/2469 2476/3147/2476 2479/5857/2479
f 5050/3158/5050 5049/5855/5049 5060/5858/5060 5057/3152/5057
f 2468/5853/2468 2479/5857/2479 2477/5859/2477 2480/5854/2480
f 5060/5858/5060 5049/5855/5049 5061/5856/5061 5058/5860/5058
f 2474/5861/2474 2478/3210/2478 2483/4390/2483 2481/4389/2481
f 5059/3213/5059 5055/5862/5055 5062/4392/5062 5064/4391/5064
f 2475/3150/2475 2484/4404/2484 2479/5857/2479 2476/3147/2476
f 5065/4405/5065 5056/3153/5056 5057/3152/5057 5060/5858/5060
f 2485/4403/2485 2477/5859/2477 2479/5857/2479 2484/4404/2484
f 5058/5860/5058 5066/4406/5066 5065/4405/5065 5060/5858/5060
f 2477/3209/2477 2485/4393/2485 2483/4390/2483 2478/3210/2478
f 5066/4394/5066 5058/3214/5058 5059/3213/5059 5064/4391/5064
f 2493/5863/2493 2488/4398/2488 2490/4397/2490 2495/5864/2495
f 5069/4401/5069 5074/5865/5074 5076/5866/5076 5071/4402/5071
f 2490/4397/2490 2489/3238/2489 2492/4325/2492 2495/5864/2495
f 5070/3241/5070 5071/4402/5071 5076/5866/5076 5073/4330/5073
f 2496/5867/2496 2491/4380/2491 2494/4379/2494 2500/5868/2500
f 5072/4381/5072 5077/5869/5077 5081/5870/5081 5075/4382/5075
f 2495/5864/2495 2492/4325/2492 2498/4328/2498 2497/5871/2497
f 5073/4330/5073 5076/5866/5076 5078/5872/5078 5079/4331/5079
f 2493/5863/2493 2495/5864/2495 2497/5871/2497 2499/5873/2499
f 5076/5866/5076 5074/5865/5074 5080/5874/5080 5078/5872/5078
f 2494/4379/2494 2493/4387/2493 2499/5875/2499 2500/5868/2500
f 5074/4388/5074 5075/4382/5075 5081/5870/5081 5080/5876/5080
f 2503/5877/2503 2496/5867/2496 2500/5868/2500 2502/5878/2502
f 5077/5869/5077 5084/5879/5084 5083/5880/5083 5081/5870/5081
f 2496/4419/2496 2503/5881/2503 2501/4407/2501 2504/4409/2504
f 5084/5882/5084 5077/4420/5077 5085/4412/5085 5082/4411/5082
f 2497/5871/2497 2498/4328/2498 2505/4355/2505 2506/5883/2506
f 5079/4331/5079 5078/5872/5078 5087/5884/5087 5086/4360/5086
f 2497/5871/2497 2506/5883/2506 2507/5885/2507 2499/5873/2499
f 5087/5884/5087 5078/5872/5078 5080/5874/5080 5088/5886/5088
f 2499/5875/2499 2507/5887/2507 2502/5878/2502 2500/5868/2500
f 5088/5888/5088 5080/5876/5080 5081/5870/5081 5083/5880/5083
f 2512/4413/2512 2501/4407/2501 2503/5881/2503 2508/5283/2508
f 5082/4411/5082 5093/4416/5093 5089/5284/5089 5084/5882/5084
f 2502/5878/2502 2507/5887/2507 2511/5889/2511 2509/5890/2509
f 5088/5888/5088 5083/5880/5083 5090/5891/5090 5092/5892/5092
f 2503/5877/2503 2502/5878/2502 2509/5890/2509 2508/5893/2508
f 5083/5880/5083 5084/5879/5084 5089/5894/5089 5090/5891/5090
f 2506/5883/2506 2505/4355/2505 2510/4358/2510 2515/5895/2515
f 5086/4360/5086 5087/5884/5087 5096/5896/5096 5091/4361/5091
f 2506/5883/2506 2515/5895/2515 2511/5897/2511 2507/5885/2507
f 5096/5896/5096 5087/5884/5087 5088/5886/5088 5092/5898/5092
f 2513/5899/2513 2508/5893/2508 2509/5890/2509 2514/5900/2514
f 5089/5894/5089 5094/5901/5094 5095/5902/5095 5090/5891/5090
f 2509/5890/2509 2511/5889/2511 2518/5903/2518 2514/5900/2514
f 5092/5892/5092 5090/5891/5090 5095/5902/5095 5099/5904/5099
f 2515/5895/2515 2510/4358/2510 2516/5229/2516 2517/5905/2517
f 5091/4361/5091 5096/5896/5096 5098/5906/5098 5097/5234/5097
f 2518/5907/2518 2511/5897/2511 2515/5895/2515 2517/5905/2517
f 5092/5898/5092 5099/5908/5099 5098/5906/5098 5096/5896/5096
f 2513/5899/2513 2514/5900/2514 2519/5324/2519 2520/5323/2520
f 5095/5902/5095 5094/5901/5094 5101/5326/5101 5100/5325/5100
f 2519/5324/2519 2514/5900/2514 2518/5903/2518 2522/5327/2522
f 5095/5902/5095 5100/5325/5100 5103/5328/5103 5099/5904/5099
f 2517/5905/2517 2516/5229/2516 2521/5232/2521 2523/5909/2523
f 5097/5234/5097 5098/5906/5098 5104/5910/5104 5102/5235/5102
f 2517/5905/2517 2523/5909/2523 2522/5911/2522 2518/5907/2518
f 5104/5910/5104 5098/5906/5098 5099/5908/5099 5103/5912/5103
f 2523/5909/2523 2521/5232/2521 2525/5268/2525 2526/5300/2526
f 5102/5235/5102 5104/5910/5104 5107/5303/5107 5106/5270/5106
f 2524/5299/2524 2522/5911/2522 2523/5909/2523 2526/5300/2526
f 5103/5912/5103 5105/5304/5105 5107/5303/5107 5104/5910/5104
f 2526/5300/2526 2525/5268/2525 2528/5272/2528 2527/5297/2527
f 5106/5270/5106 5107/5303/5107 5108/5302/5108 5109/5273/5109
f 2534/5305/2534 2527/5297/2527 2528/5272/2528 2532/5582/2532
f 5108/5302/5108 5115/5308/5115 5113/5584/5113 5109/5273/5109
f 2531/5556/2531 2530/5288/2530 2533/5287/2533 2536/5913/2536
f 5111/5291/5111 5112/5558/5112 5117/5914/5117 5114/5292/5114
f 2531/5556/2531 2536/5913/2536 2543/5915/2543 2537/5529/2537
f 5117/5914/5117 5112/5558/5112 5118/5534/5118 5124/5916/5124
f 2534/5305/2534 2532/5582/2532 2540/5576/2540 2535/5917/2535
f 5113/5584/5113 5115/5308/5115 5116/5918/5116 5121/5579/5121
f 2536/5919/2536 2533/5306/2533 2534/5305/2534 2535/5917/2535
f 5114/5307/5114 5117/5920/5117 5116/5918/5116 5115/5308/5115
f 2541/5921/2541 2535/5917/2535 2540/5576/2540 2542/5575/2542
f 5116/5918/5116 5122/5922/5122 5123/5580/5123 5121/5579/5121
f 2535/5917/2535 2541/5921/2541 2543/5923/2543 2536/5919/2536
f 5122/5922/5122 5116/5918/5116 5117/5920/5117 5124/5924/5124
f 2539/5530/2539 2537/5529/2537 2543/5915/2543 2544/5925/2544
f 5118/5534/5118 5120/5533/5120 5125/5926/5125 5124/5916/5124
f 2545/5927/2545 2541/5921/2541 2542/5575/2542 2550/5590/2550
f 5122/5922/5122 5126/5928/5126 5131/5591/5131 5123/5580/5123
f 2541/5921/2541 2545/5927/2545 2544/5929/2544 2543/5923/2543
f 5126/5928/5126 5122/5922/5122 5124/5924/5124 5125/5930/5125
f 2546/5931/2546 2544/5929/2544 2545/5927/2545 2551/5932/2551
f 5125/5930/5125 5127/5933/5127 5132/5934/5132 5126/5928/5126
f 2551/5932/2551 2545/5927/2545 2550/5590/2550 2552/5622/2552
f 5126/5928/5126 5132/5934/5132 5133/5623/5133 5131/5591/5131
f 2553/5935/2553 2546/5931/2546 2551/5932/2551 2554/5936/2554
f 5127/5933/5127 5134/5937/5134 5135/5938/5135 5132/5934/5132
f 2549/5699/2549 2547/5539/2547 2548/5540/2548 2555/5674/2555
f 5128/5541/5128 5130/5700/5130 5136/5677/5136 5129/5542/5129
f 2555/5674/2555 2548/5540/2548 2553/5548/2553 2556/5671/2556
f 5129/5542/5129 5136/5677/5136 5137/5676/5137 5134/5549/5134
f 2554/5936/2554 2551/5932/2551 2552/5622/2552 2557/5642/2557
f 5132/5934/5132 5135/5938/5135 5138/5645/5138 5133/5623/5133
f 2556/5680/2556 2553/5935/2553 2554/5936/2554 2558/5681/2558
f 5134/5937/5134 5137/5683/5137 5139/5686/5139 5135/5938/5135
f 2554/5936/2554 2557/5642/2557 2563/5641/2563 2558/5681/2558
f 5138/5645/5138 5135/5938/5135 5139/5686/5139 5144/5646/5144
f 2564/5682/2564 2558/5681/2558 2563/5641/2563 2567/5656/2567
f 5139/5686/5139 5145/5685/5145 5148/5658/5148 5144/5646/5144
f 2560/5712/2560 2569/5692/2569 2565/5691/2565 2570/5731/2570
f 5150/5694/5150 5141/5714/5141 5151/5732/5151 5146/5693/5146
f 2566/5688/2566 2564/5682/2564 2567/5656/2567 2568/5939/2568
f 5145/5685/5145 5147/5690/5147 5149/5940/5149 5148/5658/5148
f 2570/5731/2570 2565/5691/2565 2566/5941/2566 2571/5733/2571
f 5146/5693/5146 5151/5732/5151 5152/5734/5152 5147/5942/5147
f 2571/5736/2571 2566/5688/2566 2568/5939/2568 2572/5737/2572
f 5147/5690/5147 5152/5739/5152 5153/5742/5153 5149/5940/5149
f 914/2446/914 907/2509/907 916/2493/916 915/2449/915
f 3488/2511/3488 3495/2447/3495 3496/2450/3496 3497/2494/3497
f 897/2479/897 912/2490/912 1006/2524/1006 1003/2477/1003
f 3493/2492/3493 3478/2480/3478 3584/2478/3584 3587/2527/3587
f 2123/5145/2123 2131/5162/2131 2124/2123/2124 2146/2103/2146
f 4712/5163/4712 4704/5146/4704 4727/2108/4727 4705/2124/4705
f 402/204/402 44/203/44 5163/5943/5163 5188/5944/5188
f 5188/5944/5188 5163/5943/5163 2625/208/2625 2983/207/2983
f 44/203/44 46/212/46 5164/5945/5164 5163/5943/5163
f 5163/5943/5163 5164/5945/5164 2627/213/2627 2625/208/2625
f 46/212/46 47/220/47 5165/5946/5165 5164/5945/5164
f 5164/5945/5164 5165/5946/5165 2628/221/2628 2627/213/2627
f 47/220/47 49/225/49 5166/5947/5166 5165/5946/5165
f 5165/5946/5165 5166/5947/5166 2630/227/2630 2628/221/2628
f 49/225/49 50/231/50 5167/5948/5167 5166/5947/5166
f 5166/5947/5166 5167/5948/5167 2631/233/2631 2630/227/2630
f 50/231/50 52/236/52 5168/5949/5168 5167/5948/5167
f 5167/5948/5167 5168/5949/5168 2633/237/2633 2631/233/2631
f 52/236/52 193/246/193 5179/5950/5179 5168/5949/5168
f 5168/5949/5168 5179/5950/5179 2774/247/2774 2633/237/2633
f 145/600/145 144/599/144 5169/5951/5169 5170/5952/5170
f 5170/5952/5170 5169/5951/5169 2725/602/2725 2726/601/2726
f 144/599/144 490/611/490 5194/5953/5194 5169/5951/5169
f 5169/5951/5169 5194/5953/5194 3071/612/3071 2725/602/2725
f 191/604/191 145/600/145 5170/5952/5170 5178/5954/5178
f 5178/5954/5178 5170/5952/5170 2726/601/2726 2772/606/2772
f 153/643/153 1482/644/1482 5319/5955/5319 5171/5956/5171
f 5171/5956/5171 5319/5955/5319 4063/646/4063 2734/645/2734
f 158/647/158 153/643/153 5171/5956/5171 5173/5957/5173
f 5173/5957/5173 5171/5956/5171 2734/645/2734 2739/648/2739
f 166/661/166 157/650/157 5172/5958/5172 5175/5959/5175
f 5175/5959/5175 5172/5958/5172 2738/652/2738 2747/662/2747
f 157/650/157 158/647/158 5173/5957/5173 5172/5958/5172
f 5172/5958/5172 5173/5957/5173 2739/648/2739 2738/652/2738
f 165/679/165 166/661/166 5175/5959/5175 5174/5960/5174
f 5174/5960/5174 5175/5959/5175 2747/662/2747 2746/680/2746
f 170/681/170 165/679/165 5174/5960/5174 5176/5961/5176
f 5176/5961/5176 5174/5960/5174 2746/680/2746 2751/682/2751
f 177/691/177 170/681/170 5176/5961/5176 5177/5962/5177
f 5177/5962/5177 5176/5961/5176 2751/682/2751 2758/692/2758
f 595/721/595 177/691/177 5177/5962/5177 5204/5963/5204
f 5204/5963/5204 5177/5962/5177 2758/692/2758 3176/722/3176
f 193/246/193 191/604/191 5178/5954/5178 5179/5950/5179
f 5179/5950/5179 5178/5954/5178 2772/606/2772 2774/247/2774
f 336/1194/336 342/1201/342 5182/5964/5182 5180/5965/5180
f 5180/5965/5180 5182/5964/5182 2923/1202/2923 2917/1196/2917
f 341/1193/341 336/1194/336 5180/5965/5180 5181/5966/5181
f 5181/5966/5181 5180/5965/5180 2917/1196/2917 2922/1195/2922
f 2019/1197/2019 341/1193/341 5181/5966/5181 5359/5967/5359
f 5359/5967/5359 5181/5966/5181 2922/1195/2922 4600/1198/4600
f 342/1201/342 354/1215/354 5184/5968/5184 5182/5964/5182
f 5182/5964/5182 5184/5968/5184 2935/1216/2935 2923/1202/2923
f 353/1227/353 356/1228/356 5185/5969/5185 5183/5970/5183
f 5183/5970/5183 5185/5969/5185 2937/1230/2937 2934/1229/2934
f 357/1219/357 353/1227/353 5183/5970/5183 5186/5971/5186
f 5186/5971/5186 5183/5970/5183 2934/1229/2934 2938/1220/2938
f 354/1215/354 357/1219/357 5186/5971/5186 5184/5968/5184
f 5184/5968/5184 5186/5971/5186 2938/1220/2938 2935/1216/2935
f 356/1228/356 365/1232/365 5187/5972/5187 5185/5969/5185
f 5185/5969/5185 5187/5972/5187 2946/1233/2946 2937/1230/2937
f 365/1232/365 710/1253/710 5224/5973/5224 5187/5972/5187
f 5187/5972/5187 5224/5973/5224 3291/1254/3291 2946/1233/2946
f 404/1331/404 402/204/402 5188/5944/5188 5190/5974/5190
f 5190/5974/5190 5188/5944/5188 2983/207/2983 2985/1332/2985
f 403/1339/403 404/1331/404 5190/5974/5190 5189/5975/5189
f 5189/5975/5189 5190/5974/5190 2985/1332/2985 2984/1340/2984
f 417/1341/417 403/1339/403 5189/5975/5189 5191/5976/5191
f 5191/5976/5191 5189/5975/5189 2984/1340/2984 2998/1344/2998
f 418/1379/418 417/1341/417 5191/5976/5191 5192/5977/5192
f 5192/5977/5192 5191/5976/5191 2998/1344/2998 2999/1380/2999
f 426/1381/426 418/1379/418 5192/5977/5192 5193/5978/5193
f 5193/5978/5193 5192/5977/5192 2999/1380/2999 3007/1382/3007
f 766/1393/766 426/1381/426 5193/5978/5193 5239/5979/5239
f 5239/5979/5239 5193/5978/5193 3007/1382/3007 3347/1396/3347
f 490/611/490 2576/1441/2576 5401/5980/5401 5194/5953/5194
f 5194/5953/5194 5401/5980/5401 5157/1442/5157 3071/612/3071
f 533/1443/533 535/1643/535 5196/5981/5196 5195/5982/5195
f 5195/5982/5195 5196/5981/5196 3116/1646/3116 3114/1444/3114
f 2576/1441/2576 533/1443/533 5195/5982/5195 5401/5980/5401
f 5401/5980/5401 5195/5982/5195 3114/1444/3114 5157/1442/5157
f 535/1643/535 543/1645/543 5201/5983/5201 5196/5981/5196
f 5196/5981/5196 5201/5983/5201 3124/1647/3124 3116/1646/3116
f 541/1662/541 539/1661/539 5197/5984/5197 5199/5985/5199
f 5199/5985/5199 5197/5984/5197 3120/1666/3120 3122/1665/3122
f 539/1661/539 1024/1669/1024 5271/5986/5271 5197/5984/5197
f 5197/5984/5197 5271/5986/5271 3605/1671/3605 3120/1666/3120
f 544/1674/544 540/1673/540 5198/5987/5198 5202/5988/5202
f 5202/5988/5202 5198/5987/5198 3121/1678/3121 3125/1677/3125
f 540/1682/540 542/1681/542 5200/5989/5200 5198/5990/5198
f 5198/5990/5198 5200/5989/5200 3123/1686/3123 3121/1685/3121
f 542/1681/542 541/1690/541 5199/5991/5199 5200/5989/5200
f 5200/5989/5200 5199/5991/5199 3122/1691/3122 3123/1686/3123
f 543/1645/543 545/1659/545 5203/5992/5203 5201/5983/5201
f 5201/5983/5201 5203/5992/5203 3126/1660/3126 3124/1647/3124
f 545/1659/545 544/1674/544 5202/5988/5202 5203/5992/5203
f 5203/5992/5203 5202/5988/5202 3125/1677/3125 3126/1660/3126
f 2577/1765/2577 595/721/595 5204/5963/5204 5402/5993/5402
f 5402/5993/5402 5204/5963/5204 3176/722/3176 5158/1766/5158
f 597/1767/597 2577/1765/2577 5402/5993/5402 5205/5994/5205
f 5205/5994/5205 5402/5993/5402 5158/1766/5158 3178/1768/3178
f 1511/1769/1511 597/1767/597 5205/5994/5205 5323/5995/5323
f 5323/5995/5323 5205/5994/5205 3178/1768/3178 4092/1770/4092
f 598/1772/598 609/1771/609 5212/5996/5212 5206/5997/5206
f 5206/5997/5206 5212/5996/5212 3190/1776/3190 3179/1775/3179
f 600/1779/600 598/1772/598 5206/5997/5206 5208/5998/5208
f 5208/5998/5208 5206/5997/5206 3179/1775/3179 3181/1781/3181
f 599/1783/599 600/1779/600 5208/5998/5208 5207/5999/5207
f 5207/5999/5207 5208/5998/5208 3181/1781/3181 3180/1785/3180
f 1105/1787/1105 599/1783/599 5207/5999/5207 5283/6000/5283
f 5283/6000/5283 5207/5999/5207 3180/1785/3180 3686/1790/3686
f 608/1812/608 606/1811/606 5209/6001/5209 5211/6002/5211
f 5211/6002/5211 5209/6001/5209 3187/1816/3187 3189/1815/3189
f 606/1820/606 607/1819/607 5210/6003/5210 5209/6004/5209
f 5209/6004/5209 5210/6003/5210 3188/1824/3188 3187/1823/3187
f 607/1819/607 613/1827/613 5215/6005/5215 5210/6003/5210
f 5210/6003/5210 5215/6005/5215 3194/1829/3194 3188/1824/3188
f 611/1801/611 608/1812/608 5211/6002/5211 5213/6006/5213
f 5213/6006/5213 5211/6002/5211 3189/1815/3189 3192/1802/3192
f 609/1771/609 611/1801/611 5213/6006/5213 5212/5996/5212
f 5212/5996/5212 5213/6006/5213 3192/1802/3192 3190/1776/3190
f 612/1834/612 752/1833/752 5237/6007/5237 5214/6008/5214
f 5214/6008/5214 5237/6007/5237 3333/1838/3333 3193/1837/3193
f 613/1827/613 612/1834/612 5214/6008/5214 5215/6005/5215
f 5215/6005/5215 5214/6008/5214 3193/1837/3193 3194/1829/3194
f 655/1900/655 654/1899/654 5216/6009/5216 5217/6010/5217
f 5217/6010/5217 5216/6009/5216 3235/1904/3235 3236/1903/3236
f 654/1899/654 1066/1907/1066 5278/6011/5278 5216/6009/5216
f 5216/6009/5216 5278/6011/5278 3647/1909/3647 3235/1904/3235
f 666/1911/666 655/1900/655 5217/6010/5217 5222/6012/5222
f 5222/6012/5222 5217/6010/5217 3236/1903/3236 3247/1913/3247
f 662/1924/662 658/1923/658 5218/6013/5218 5220/6014/5220
f 5220/6014/5220 5218/6013/5218 3239/1928/3239 3243/1927/3243
f 658/1932/658 663/1931/663 5221/6015/5221 5218/6016/5218
f 5218/6016/5218 5221/6015/5221 3244/1936/3244 3239/1935/3239
f 659/1939/659 662/1924/662 5220/6014/5220 5219/6017/5219
f 5219/6017/5219 5220/6014/5220 3243/1927/3243 3240/1940/3240
f 752/1833/752 659/1939/659 5219/6017/5219 5237/6007/5237
f 5237/6007/5237 5219/6017/5219 3240/1940/3240 3333/1838/3333
f 663/1931/663 666/1911/666 5222/6012/5222 5221/6015/5221
f 5221/6015/5221 5222/6012/5222 3247/1913/3247 3244/1936/3244
f 709/1997/709 718/1999/718 5225/6018/5225 5223/6019/5223
f 5223/6019/5223 5225/6018/5225 3299/2000/3299 3290/1998/3290
f 710/1253/710 709/1997/709 5223/6019/5223 5224/5973/5224
f 5224/5973/5224 5223/6019/5223 3290/1998/3290 3291/1254/3291
f 718/1999/718 719/2029/719 5226/6020/5226 5225/6018/5225
f 5225/6018/5225 5226/6020/5226 3300/2030/3300 3299/2000/3299
f 719/2029/719 728/2031/728 5227/6021/5227 5226/6020/5226
f 5226/6020/5226 5227/6021/5227 3309/2032/3309 3300/2030/3300
f 728/2031/728 729/2047/729 5228/6022/5228 5227/6021/5227
f 5227/6021/5227 5228/6022/5228 3310/2048/3310 3309/2032/3309
f 729/2047/729 730/2049/730 5229/6023/5229 5228/6022/5228
f 5228/6022/5228 5229/6023/5229 3311/2050/3311 3310/2048/3310
f 730/2049/730 742/2061/742 5232/6024/5232 5229/6023/5229
f 5229/6023/5229 5232/6024/5232 3323/2062/3323 3311/2050/3311
f 742/2061/742 740/2079/740 5230/6025/5230 5232/6024/5232
f 5232/6024/5232 5230/6025/5230 3321/2080/3321 3323/2062/3323
f 740/2079/740 741/2097/741 5231/6026/5231 5230/6025/5230
f 5230/6025/5230 5231/6026/5231 3322/2098/3322 3321/2080/3321
f 741/2097/741 747/2091/747 5233/6027/5233 5231/6026/5231
f 5231/6026/5231 5233/6027/5233 3328/2094/3328 3322/2098/3322
f 747/2091/747 748/2093/748 5234/6028/5234 5233/6027/5233
f 5233/6027/5233 5234/6028/5234 3329/2095/3329 3328/2094/3328
f 748/2093/748 749/6029/749 5235/6030/5235 5234/6028/5234
f 5234/6028/5234 5235/6030/5235 3330/6031/3330 3329/2095/3329
f 749/2116/749 751/2120/751 5236/6032/5236 5235/6033/5235
f 5235/6033/5235 5236/6032/5236 3332/2121/3332 3330/2118/3330
f 751/2120/751 2301/2129/2301 5378/6034/5378 5236/6032/5236
f 5236/6032/5236 5378/6034/5378 4882/2130/4882 3332/2121/3332
f 764/1397/764 766/1393/766 5239/5979/5239 5238/6035/5238
f 5238/6035/5238 5239/5979/5239 3347/1396/3347 3345/1400/3345
f 974/2153/974 764/1397/764 5238/6035/5238 5254/6036/5254
f 5254/6036/5254 5238/6035/5238 3345/1400/3345 3555/2156/3555
f 855/2371/855 861/2368/861 5243/6037/5243 5240/6038/5240
f 5240/6038/5240 5243/6037/5243 3442/2369/3442 3436/2372/3436
f 2209/2377/2209 855/2371/855 5240/6038/5240 5363/6039/5363
f 5363/6039/5363 5240/6038/5240 3436/2372/3436 4790/2378/4790
f 862/2367/862 859/2381/859 5241/6040/5241 5244/6041/5244
f 5244/6041/5244 5241/6040/5241 3440/2382/3440 3443/2370/3443
f 859/2381/859 860/2383/860 5242/6042/5242 5241/6040/5241
f 5241/6040/5241 5242/6042/5242 3441/2384/3441 3440/2382/3440
f 860/2383/860 1001/2385/1001 5264/6043/5264 5242/6042/5242
f 5242/6042/5242 5264/6043/5264 3582/2386/3582 3441/2384/3441
f 861/2368/861 862/2367/862 5244/6041/5244 5243/6037/5243
f 5243/6037/5243 5244/6041/5244 3443/2370/3443 3442/2369/3442
f 905/2495/905 904/2501/904 5245/6044/5245 5246/6045/5246
f 5246/6045/5246 5245/6044/5245 3485/2502/3485 3486/2498/3486
f 904/2501/904 906/2503/906 5247/6046/5247 5245/6044/5245
f 5245/6044/5245 5247/6046/5247 3487/2504/3487 3485/2502/3485
f 919/2496/919 905/2495/905 5246/6045/5246 5251/6047/5251
f 5251/6047/5251 5246/6045/5246 3486/2498/3486 3500/2497/3500
f 906/2503/906 2241/2505/2241 5367/6048/5367 5247/6046/5247
f 5247/6046/5247 5367/6048/5367 4822/2507/4822 3487/2504/3487
f 913/2499/913 919/2496/919 5251/6047/5251 5248/6049/5248
f 5248/6049/5248 5251/6047/5251 3500/2497/3500 3494/2500/3494
f 917/2513/917 913/2499/913 5248/6049/5248 5249/6050/5249
f 5249/6050/5249 5248/6049/5248 3494/2500/3494 3498/2514/3498
f 918/2515/918 917/2513/917 5249/6050/5249 5250/6051/5250
f 5250/6051/5250 5249/6050/5249 3498/2514/3498 3499/2516/3499
f 1008/2518/1008 918/2515/918 5250/6051/5250 5268/6052/5268
f 5268/6052/5268 5250/6051/5250 3499/2516/3499 3589/2520/3589
f 971/2664/971 970/2663/970 5252/6053/5252 5253/6054/5253
f 5253/6054/5253 5252/6053/5252 3551/2666/3551 3552/2665/3552
f 970/2663/970 974/2153/974 5254/6036/5254 5252/6053/5252
f 5252/6053/5252 5254/6036/5254 3555/2156/3555 3551/2666/3551
f 990/2667/990 971/2664/971 5253/6054/5253 5255/6055/5255
f 5255/6055/5255 5253/6054/5253 3552/2665/3552 3571/2668/3571
f 991/2669/991 990/2667/990 5255/6055/5255 5256/6056/5256
f 5256/6056/5256 5255/6055/5255 3571/2668/3571 3572/2672/3572
f 992/2683/992 991/2669/991 5256/6056/5256 5257/6057/5257
f 5257/6057/5257 5256/6056/5256 3572/2672/3572 3573/2686/3573
f 994/2684/994 992/2683/992 5257/6057/5257 5258/6058/5258
f 5258/6058/5258 5257/6057/5257 3573/2686/3573 3575/2685/3575
f 996/2701/996 994/6059/994 5258/6060/5258 5260/6061/5260
f 5260/6061/5260 5258/6060/5258 3575/6062/3575 3577/2704/3577
f 995/6063/995 997/2702/997 5261/6064/5261 5259/6065/5259
f 5259/6065/5259 5261/6064/5261 3578/2703/3578 3576/6066/3576
f 2434/2695/2434 995/2692/995 5259/6067/5259 5389/6068/5389
f 5389/6068/5389 5259/6067/5259 3576/2693/3576 5015/2696/5015
f 997/2702/997 996/2701/996 5260/6061/5260 5261/6064/5261
f 5261/6064/5261 5260/6061/5260 3577/2704/3577 3578/2703/3578
f 1000/2395/1000 999/2392/999 5262/6069/5262 5263/6070/5263
f 5263/6070/5263 5262/6069/5262 3580/2393/3580 3581/2396/3581
f 999/2392/999 1005/2391/1005 5266/6071/5266 5262/6069/5262
f 5262/6069/5262 5266/6071/5266 3586/2394/3586 3580/2393/3580
f 1002/2397/1002 1000/2395/1000 5263/6070/5263 5265/6072/5265
f 5265/6072/5265 5263/6070/5263 3581/2396/3581 3583/2398/3583
f 1001/2399/1001 1002/2397/1002 5265/6072/5265 5264/6073/5264
f 5264/6073/5264 5265/6072/5265 3583/2398/3583 3582/2400/3582
f 1005/2391/1005 1007/2705/1007 5267/6074/5267 5266/6071/5266
f 5266/6071/5266 5267/6074/5267 3588/2706/3588 3586/2394/3586
f 1007/2705/1007 1009/2523/1009 5269/6075/5269 5267/6074/5267
f 5267/6074/5267 5269/6075/5269 3590/2528/3590 3588/2706/3588
f 1009/2523/1009 1008/2522/1008 5268/6076/5268 5269/6075/5269
f 5269/6075/5269 5268/6076/5268 3589/2525/3589 3590/2528/3590
f 1023/2757/1023 1043/2759/1043 5274/6077/5274 5270/6078/5270
f 5270/6078/5270 5274/6077/5274 3624/2761/3624 3604/2758/3604
f 1024/1669/1024 1023/2757/1023 5270/6078/5270 5271/5986/5271
f 5271/5986/5271 5270/6078/5270 3604/2758/3604 3605/1671/3605
f 1040/2814/1040 2440/2813/2440 5392/6079/5392 5272/6080/5272
f 5272/6080/5272 5392/6079/5392 5021/2816/5021 3621/2815/3621
f 1045/2797/1045 1040/2801/1040 5272/6081/5272 5275/6082/5275
f 5275/6082/5275 5272/6081/5272 3621/2802/3621 3626/2800/3626
f 1042/2809/1042 1046/2798/1046 5276/6083/5276 5273/6084/5273
f 5273/6084/5273 5276/6083/5276 3627/2799/3627 3623/2810/3623
f 1043/2759/1043 1042/2811/1042 5273/6085/5273 5274/6077/5274
f 5274/6077/5274 5273/6085/5273 3623/2812/3623 3624/2761/3624
f 1046/2798/1046 1045/2797/1045 5275/6082/5275 5276/6083/5276
f 5276/6083/5276 5275/6082/5275 3626/2800/3626 3627/2799/3627
f 1065/2847/1065 1072/2848/1072 5280/6086/5280 5277/6087/5277
f 5277/6087/5277 5280/6086/5280 3653/2850/3653 3646/2849/3646
f 1066/1907/1066 1065/2847/1065 5277/6087/5277 5278/6011/5278
f 5278/6011/5278 5277/6087/5277 3646/2849/3646 3647/1909/3647
f 1072/2848/1072 1071/2856/1071 5279/6088/5279 5280/6086/5280
f 5280/6086/5280 5279/6088/5279 3652/2857/3652 3653/2850/3653
f 1071/2856/1071 1231/2855/1231 5296/6089/5296 5279/6088/5279
f 5279/6088/5279 5296/6089/5296 3812/2858/3812 3652/2857/3652
f 1103/2911/1103 1104/2915/1104 5282/6090/5282 5281/6091/5281
f 5281/6091/5281 5282/6090/5282 3685/2916/3685 3684/2914/3684
f 1116/2912/1116 1103/2911/1103 5281/6091/5281 5285/6092/5285
f 5285/6092/5285 5281/6091/5281 3684/2914/3684 3697/2913/3697
f 1104/2915/1104 1105/1787/1105 5283/6000/5283 5282/6090/5282
f 5282/6090/5282 5283/6000/5283 3686/1790/3686 3685/2916/3685
f 1131/2942/1131 1114/2941/1114 5284/6093/5284 5288/6094/5288
f 5288/6094/5288 5284/6093/5284 3695/2946/3695 3712/2945/3712
f 1114/2941/1114 1116/2912/1116 5285/6092/5285 5284/6093/5284
f 5284/6093/5284 5285/6092/5285 3697/2913/3697 3695/2946/3695
f 1125/2974/1125 1126/2973/1126 5287/6095/5287 5286/6096/5286
f 5286/6096/5286 5287/6095/5287 3707/2977/3707 3706/2976/3706
f 1306/2979/1306 1125/2974/1125 5286/6096/5286 5302/6097/5302
f 5302/6097/5302 5286/6096/5286 3706/2976/3706 3887/2981/3887
f 1126/2973/1126 2578/2983/2578 5403/6098/5403 5287/6095/5287
f 5287/6095/5287 5403/6098/5403 5159/2984/5159 3707/2977/3707
f 2580/2989/2580 1131/2942/1131 5288/6094/5288 5405/6099/5405
f 5405/6099/5405 5288/6094/5288 3712/2945/3712 5161/2990/5161
f 1134/3010/1134 1152/3018/1152 5292/6100/5292 5289/6101/5289
f 5289/6101/5289 5292/6100/5292 3733/3019/3733 3715/3013/3715
f 1210/3011/1210 1134/3010/1134 5289/6101/5289 5293/6102/5293
f 5293/6102/5293 5289/6101/5289 3715/3013/3715 3791/3016/3791
f 1146/3060/1146 1632/3068/1632 5331/6103/5331 5290/6104/5290
f 5290/6104/5290 5331/6103/5331 4213/3069/4213 3727/3063/3727
f 1148/3061/1148 1146/3060/1146 5290/6104/5290 5291/6105/5291
f 5291/6105/5291 5290/6104/5290 3727/3063/3727 3729/3066/3729
f 1152/3018/1152 1148/3061/1148 5291/6105/5291 5292/6100/5292
f 5292/6100/5292 5291/6105/5291 3729/3066/3729 3733/3019/3733
f 1211/3283/1211 1210/3011/1210 5293/6102/5293 5294/6106/5294
f 5294/6106/5294 5293/6102/5293 3791/3016/3791 3792/3284/3792
f 2445/3285/2445 1211/3283/1211 5294/6106/5294 5393/6107/5393
f 5393/6107/5393 5294/6106/5294 3792/3284/3792 5026/3286/5026
f 1230/3309/1230 1236/3311/1236 5297/6108/5297 5295/6109/5295
f 5295/6109/5295 5297/6108/5297 3817/3312/3817 3811/3310/3811
f 1231/2855/1231 1230/3309/1230 5295/6109/5295 5296/6089/5296
f 5296/6089/5296 5295/6109/5295 3811/3310/3811 3812/2858/3812
f 1236/3311/1236 1736/3320/1736 5337/6110/5337 5297/6108/5297
f 5297/6108/5297 5337/6110/5337 4317/3321/4317 3817/3312/3817
f 1290/3451/1290 1295/3454/1295 5299/6111/5299 5298/6112/5298
f 5298/6112/5298 5299/6111/5299 3876/3457/3876 3871/3456/3871
f 1323/3459/1323 1290/3451/1290 5298/6112/5298 5306/6113/5306
f 5306/6113/5306 5298/6112/5298 3871/3456/3871 3904/3462/3904
f 1295/3454/1295 1297/3493/1297 5300/6114/5300 5299/6111/5299
f 5299/6111/5299 5300/6114/5300 3878/3494/3878 3876/3457/3876
f 1297/3495/1297 1305/3498/1305 5301/6115/5301 5300/6116/5300
f 5300/6116/5300 5301/6115/5301 3886/3501/3886 3878/3500/3878
f 1305/3498/1305 1306/2979/1306 5302/6097/5302 5301/6115/5301
f 5301/6115/5301 5302/6097/5302 3887/2981/3887 3886/3501/3886
f 1312/3508/1312 1386/3507/1386 5309/6117/5309 5303/6118/5303
f 5303/6118/5303 5309/6117/5309 3967/3512/3967 3893/3511/3893
f 1379/3523/1379 1312/3508/1312 5303/6118/5303 5308/6119/5308
f 5308/6119/5308 5303/6118/5303 3893/3511/3893 3960/3526/3960
f 1320/3521/1320 1322/3527/1322 5305/6120/5305 5304/6121/5304
f 5304/6121/5304 5305/6120/5305 3903/3528/3903 3901/3522/3901
f 1386/3507/1386 1320/3521/1320 5304/6121/5304 5309/6117/5309
f 5309/6117/5309 5304/6121/5304 3901/3522/3901 3967/3512/3967
f 1322/3527/1322 1323/3459/1323 5306/6113/5306 5305/6120/5305
f 5305/6120/5305 5306/6113/5306 3904/3462/3904 3903/3528/3903
f 1378/3679/1378 1379/3523/1379 5308/6119/5308 5307/6122/5307
f 5307/6122/5307 5308/6119/5308 3960/3526/3960 3959/3682/3959
f 1401/3683/1401 1378/3679/1378 5307/6122/5307 5312/6123/5312
f 5312/6123/5312 5307/6122/5307 3959/3682/3959 3982/3686/3982
f 1392/3716/1392 1400/3733/1400 5311/6124/5311 5310/6125/5310
f 5310/6125/5310 5311/6124/5311 3981/3734/3981 3973/3719/3973
f 1434/3713/1434 1392/3716/1392 5310/6125/5310 5314/6126/5314
f 5314/6126/5314 5310/6125/5310 3973/3719/3973 4015/3718/4015
f 1400/3733/1400 1401/3683/1401 5312/6123/5312 5311/6124/5311
f 5311/6124/5311 5312/6123/5312 3982/3686/3982 3981/3734/3981
f 1429/3812/1429 1436/3721/1436 5315/6127/5315 5313/6128/5313
f 5313/6128/5313 5315/6127/5315 4017/3724/4017 4010/3815/4010
f 1447/3813/1447 1429/3812/1429 5313/6128/5313 5318/6129/5318
f 5318/6129/5318 5313/6128/5313 4010/3815/4010 4028/3818/4028
f 1436/3721/1436 1434/3713/1434 5314/6126/5314 5315/6127/5315
f 5315/6127/5315 5314/6126/5314 4015/3718/4015 4017/3724/4017
f 1440/3851/1440 1446/3857/1446 5317/6130/5317 5316/6131/5316
f 5316/6131/5316 5317/6130/5317 4027/3858/4027 4021/3854/4021
f 1487/3852/1487 1440/3851/1440 5316/6131/5316 5321/6132/5321
f 5321/6132/5321 5316/6131/5316 4021/3854/4021 4068/3853/4068
f 1446/3857/1446 1447/3813/1447 5318/6129/5318 5317/6130/5317
f 5317/6130/5317 5318/6129/5318 4028/3818/4028 4027/3858/4027
f 1482/644/1482 1486/3855/1486 5320/6133/5320 5319/5955/5319
f 5319/5955/5319 5320/6133/5320 4067/3856/4067 4063/646/4063
f 1486/3855/1486 1487/3852/1487 5321/6132/5321 5320/6133/5320
f 5320/6133/5320 5321/6132/5321 4068/3853/4068 4067/3856/4067
f 1509/3948/1509 1511/1769/1511 5323/5995/5323 5322/6134/5322
f 5322/6134/5322 5323/5995/5323 4092/1770/4092 4090/3951/4090
f 1528/3949/1528 1509/3948/1509 5322/6134/5322 5326/6135/5326
f 5326/6135/5326 5322/6134/5322 4090/3951/4090 4109/3954/4109
f 1597/3982/1597 1520/3981/1520 5324/6136/5324 5329/6137/5329
f 5329/6137/5329 5324/6136/5324 4101/3984/4101 4178/3983/4178
f 1520/3981/1520 1527/3986/1527 5325/6138/5325 5324/6136/5324
f 5324/6136/5324 5325/6138/5325 4108/3987/4108 4101/3984/4101
f 1527/3986/1527 1528/3949/1528 5326/6135/5326 5325/6138/5325
f 5325/6138/5325 5326/6135/5326 4109/3954/4109 4108/3987/4108
f 1589/4138/1589 1590/4137/1590 5328/6139/5328 5327/6140/5327
f 5327/6140/5327 5328/6139/5328 4171/4140/4171 4170/4139/4170
f 1622/4141/1622 1589/4138/1589 5327/6140/5327 5330/6141/5330
f 5330/6141/5330 5327/6140/5327 4170/4139/4170 4203/4142/4203
f 1590/4137/1590 1597/3982/1597 5329/6137/5329 5328/6139/5328
f 5328/6139/5328 5329/6137/5329 4178/3983/4178 4171/4140/4171
f 1637/4221/1637 1622/4141/1622 5330/6141/5330 5332/6142/5332
f 5332/6142/5332 5330/6141/5330 4203/4142/4203 4218/4222/4218
f 1632/3068/1632 1640/4240/1640 5334/6143/5334 5331/6103/5331
f 5331/6103/5331 5334/6143/5334 4221/4241/4221 4213/3069/4213
f 1638/4232/1638 1637/4231/1637 5332/6144/5332 5333/6145/5333
f 5333/6145/5333 5332/6144/5332 4218/4233/4218 4219/4234/4219
f 1640/4240/1640 1638/4232/1638 5333/6145/5333 5334/6143/5334
f 5334/6143/5334 5333/6145/5333 4219/4234/4219 4221/4241/4221
f 1734/3319/1734 1735/4447/1735 5336/6146/5336 5335/6147/5335
f 5335/6147/5335 5336/6146/5336 4316/4448/4316 4315/3322/4315
f 1736/3320/1736 1734/3319/1734 5335/6147/5335 5337/6110/5337
f 5337/6110/5337 5335/6147/5335 4315/3322/4315 4317/3321/4317
f 1735/4447/1735 1741/4449/1741 5338/6148/5338 5336/6146/5336
f 5336/6146/5336 5338/6148/5338 4322/4451/4322 4316/4448/4316
f 1741/4449/1741 2205/4454/2205 5362/6149/5362 5338/6148/5338
f 5338/6148/5338 5362/6149/5362 4786/4455/4786 4322/4451/4322
f 1871/4691/1871 1844/4690/1844 5339/6150/5339 5346/6151/5346
f 5346/6151/5346 5339/6150/5339 4425/4693/4425 4452/4696/4452
f 1844/4690/1844 1870/4698/1870 5345/6152/5345 5339/6150/5339
f 5339/6150/5339 5345/6152/5345 4451/4699/4451 4425/4693/4425
f 1845/4701/1845 1871/4691/1871 5346/6151/5346 5340/6153/5340
f 5340/6153/5340 5346/6151/5346 4452/4696/4452 4426/4703/4426
f 1846/4705/1846 1845/4701/1845 5340/6153/5340 5341/6154/5341
f 5341/6154/5341 5340/6153/5340 4426/4703/4426 4427/4708/4427
f 1848/4711/1848 1846/4710/1846 5341/6155/5341 5342/6156/5342
f 5342/6156/5342 5341/6155/5341 4427/4713/4427 4429/4716/4429
f 2264/4718/2264 1848/4711/1848 5342/6156/5342 5371/6157/5371
f 5371/6157/5371 5342/6156/5342 4429/4716/4429 4845/4720/4845
f 1868/4761/1868 1918/4768/1918 5349/6158/5349 5343/6159/5343
f 5343/6159/5343 5349/6158/5349 4499/4769/4499 4449/4765/4449
f 1869/4762/1869 1868/4761/1868 5343/6159/5343 5344/6160/5344
f 5344/6160/5344 5343/6159/5343 4449/4765/4449 4450/4764/4450
f 1870/4698/1870 1869/4762/1869 5344/6160/5344 5345/6152/5345
f 5345/6152/5345 5344/6160/5344 4450/4764/4450 4451/4699/4451
f 1916/4841/1916 1931/4850/1931 5352/6161/5352 5347/6162/5347
f 5347/6162/5347 5352/6161/5352 4512/4851/4512 4497/4846/4497
f 1917/4842/1917 1916/4841/1916 5347/6162/5347 5348/6163/5348
f 5348/6163/5348 5347/6162/5347 4497/4846/4497 4498/4845/4498
f 1919/4853/1919 1917/4842/1917 5348/6163/5348 5350/6164/5350
f 5350/6164/5350 5348/6163/5348 4498/4845/4498 4500/4854/4500
f 1918/4768/1918 1919/4853/1919 5350/6164/5350 5349/6158/5349
f 5349/6158/5349 5350/6164/5350 4500/4854/4500 4499/4769/4499
f 1930/4874/1930 1973/4878/1973 5354/6165/5354 5351/6166/5351
f 5351/6166/5351 5354/6165/5354 4554/4879/4554 4511/4875/4511
f 1931/4850/1931 1930/4874/1930 5351/6166/5351 5352/6161/5352
f 5352/6161/5352 5351/6166/5351 4511/4875/4511 4512/4851/4512
f 1972/4889/1972 1975/4939/1975 5355/6167/5355 5353/6168/5353
f 5353/6168/5353 5355/6167/5355 4556/4941/4556 4553/4890/4553
f 1973/4878/1973 1972/4889/1972 5353/6168/5353 5354/6165/5354
f 5354/6165/5354 5353/6168/5353 4553/4890/4553 4554/4879/4554
f 1975/4939/1975 1999/4949/1999 5358/6169/5358 5355/6167/5355
f 5355/6167/5355 5358/6169/5358 4580/4950/4580 4556/4941/4556
f 1988/4980/1988 2021/4988/2021 5361/6170/5361 5356/6171/5356
f 5356/6171/5356 5361/6170/5361 4602/4989/4602 4569/4983/4569
f 1989/4981/1989 1988/4980/1988 5356/6171/5356 5357/6172/5357
f 5357/6172/5357 5356/6171/5356 4569/4983/4569 4570/4986/4570
f 1999/4949/1999 1989/4981/1989 5357/6172/5357 5358/6169/5358
f 5358/6169/5358 5357/6172/5357 4570/4986/4570 4580/4950/4580
f 2020/5003/2020 2019/1197/2019 5359/5967/5359 5360/6173/5360
f 5360/6173/5360 5359/5967/5359 4600/1198/4600 4601/5004/4601
f 2021/4988/2021 2020/5003/2020 5360/6173/5360 5361/6170/5361
f 5361/6170/5361 5360/6173/5360 4601/5004/4601 4602/4989/4602
f 2205/4454/2205 2210/5343/2210 5364/6174/5364 5362/6149/5362
f 5362/6149/5362 5364/6174/5364 4791/5346/4791 4786/4455/4786
f 2210/5343/2210 2209/2377/2209 5363/6039/5363 5364/6174/5364
f 5364/6174/5364 5363/6039/5363 4790/2378/4790 4791/5346/4791
f 2239/5375/2239 2272/5379/2272 5374/6175/5374 5365/6176/5365
f 5365/6176/5365 5374/6175/5374 4853/5380/4853 4820/5376/4820
f 2240/5370/2240 2239/5375/2239 5365/6176/5365 5366/6177/5366
f 5366/6177/5366 5365/6176/5365 4820/5376/4820 4821/5372/4821
f 2241/2505/2241 2240/5370/2240 5366/6177/5366 5367/6048/5367
f 5367/6048/5367 5366/6177/5366 4821/5372/4821 4822/2507/4822
f 2581/5406/2581 2260/5405/2260 5368/6178/5368 5406/6179/5406
f 5406/6179/5406 5368/6178/5368 4841/5408/4841 5162/5407/5162
f 2260/5405/2260 2265/4725/2265 5372/6180/5372 5368/6178/5368
f 5368/6178/5368 5372/6180/5372 4846/4726/4846 4841/5408/4841
f 2262/5397/2262 2261/5401/2261 5369/6181/5369 5370/6182/5370
f 5370/6182/5370 5369/6181/5369 4842/5402/4842 4843/5400/4843
f 2261/5401/2261 2581/5406/2581 5406/6179/5406 5369/6181/5369
f 5369/6181/5369 5406/6179/5406 5162/5407/5162 4842/5402/4842
f 2271/5398/2271 2262/5397/2262 5370/6182/5370 5373/6183/5373
f 5373/6183/5373 5370/6182/5370 4843/5400/4843 4852/5399/4852
f 2265/4725/2265 2264/4718/2264 5371/6157/5371 5372/6180/5372
f 5372/6180/5372 5371/6157/5371 4845/4720/4845 4846/4726/4846
f 2272/5379/2272 2271/5398/2271 5373/6183/5373 5374/6175/5374
f 5374/6175/5374 5373/6183/5373 4852/5399/4852 4853/5380/4853
f 2302/5464/2302 2295/5463/2295 5375/6184/5375 5379/6185/5379
f 5379/6185/5379 5375/6184/5375 4876/5466/4876 4883/5465/4883
f 2295/5463/2295 2296/5467/2296 5376/6186/5376 5375/6184/5375
f 5375/6184/5375 5376/6186/5376 4877/5468/4877 4876/5466/4876
f 2296/5467/2296 2297/5469/2297 5377/6187/5377 5376/6186/5376
f 5376/6186/5376 5377/6187/5377 4878/5470/4878 4877/5468/4877
f 2297/5469/2297 2307/5471/2307 5380/6188/5380 5377/6187/5377
f 5377/6187/5377 5380/6188/5380 4888/5472/4888 4878/5470/4878
f 2301/2129/2301 2302/5464/2302 5379/6185/5379 5378/6034/5378
f 5378/6034/5378 5379/6185/5379 4883/5465/4883 4882/2130/4882
f 2307/5471/2307 2391/5475/2391 5383/6189/5383 5380/6188/5380
f 5380/6188/5380 5383/6189/5383 4972/5476/4972 4888/5472/4888
f 2386/5716/2386 2574/5715/2574 5399/6190/5399 5381/6191/5381
f 5381/6191/5381 5399/6190/5399 5155/5720/5155 4967/5719/4967
f 2562/5723/2562 2386/5716/2386 5381/6191/5381 5398/6192/5398
f 5398/6192/5398 5381/6191/5381 4967/5719/4967 5143/5726/5143
f 2392/5748/2392 2390/5747/2390 5382/6193/5382 5384/6194/5384
f 5384/6194/5384 5382/6193/5382 4971/5750/4971 4973/5749/4973
f 2390/5727/2390 2562/5723/2562 5398/6192/5398 5382/6195/5382
f 5382/6195/5382 5398/6192/5398 5143/5726/5143 4971/5730/4971
f 2391/5475/2391 2392/5748/2392 5384/6194/5384 5383/6189/5383
f 5383/6189/5383 5384/6194/5384 4973/5749/4973 4972/5476/4972
f 2427/5792/2427 2423/5791/2423 5385/6196/5385 5388/6197/5388
f 5388/6197/5388 5385/6196/5385 5004/5794/5004 5008/5793/5008
f 2423/5796/2423 2424/5795/2424 5386/6198/5386 5385/6199/5385
f 5385/6199/5385 5386/6198/5386 5005/5798/5005 5004/5797/5004
f 2424/5795/2424 2436/5801/2436 5390/6200/5390 5386/6198/5386
f 5386/6198/5386 5390/6200/5390 5017/5802/5017 5005/5798/5005
f 2575/5813/2575 2426/5811/2426 5387/6201/5387 5400/6202/5400
f 5400/6202/5400 5387/6201/5387 5007/5812/5007 5156/5814/5156
f 2426/5811/2426 2427/5792/2427 5388/6197/5388 5387/6201/5387
f 5387/6201/5387 5388/6197/5388 5008/5793/5008 5007/5812/5007
f 2437/5816/2437 2434/2695/2434 5389/6068/5389 5391/6203/5391
f 5391/6203/5391 5389/6068/5389 5015/2696/5015 5018/5818/5018
f 2436/5801/2436 2437/5816/2437 5391/6203/5391 5390/6200/5390
f 5390/6200/5390 5391/6203/5391 5018/5818/5018 5017/5802/5017
f 2440/2813/2440 2462/5823/2462 5397/6204/5397 5392/6079/5392
f 5392/6079/5392 5397/6204/5397 5043/5824/5043 5021/2816/5021
f 2446/5835/2446 2445/3285/2445 5393/6107/5393 5394/6205/5394
f 5394/6205/5394 5393/6107/5393 5026/3286/5026 5027/5836/5027
f 2460/5838/2460 2446/5837/2446 5394/6206/5394 5395/6207/5395
f 5395/6207/5395 5394/6206/5394 5027/5840/5027 5041/5839/5041
f 2461/5849/2461 2460/5838/2460 5395/6207/5395 5396/6208/5396
f 5396/6208/5396 5395/6207/5395 5041/5839/5041 5042/5850/5042
f 2462/5823/2462 2461/5851/2461 5396/6209/5396 5397/6204/5397
f 5397/6204/5397 5396/6209/5396 5042/5852/5042 5043/5824/5043
f 2574/5743/2574 2575/5744/2575 5400/6210/5400 5399/6211/5399
f 5399/6211/5399 5400/6210/5400 5156/5746/5156 5155/5745/5155
f 2578/2983/2578 2579/2987/2579 5404/6212/5404 5403/6098/5403
f 5403/6098/5403 5404/6212/5404 5160/2988/5160 5159/2984/5159
f 2579/2987/2579 2580/2989/2580 5405/6099/5405 5404/6212/5404
f 5404/6212/5404 5405/6099/5405 5161/2990/5161 5160/2988/5160

# 5404 faces
